{
  "id": "56c48f6003f7f1e483b3be9be32684e3",
  "layout": {
    "bounds": [
      7.4715,
      7.4985,
      370.43999999999994,
      322.90500000000003
    ],
    "vars": {
      "c_1": {
        "x": 280.685,
        "y": 184.815
      },
      "c_10": {
        "x": 149.43,
        "y": 278.73
      },
      "c_11": {
        "x": 161.47500000000002,
        "y": 304.555
      },
      "c_12": {
        "x": 46.036500000000004,
        "y": 94.80000000000001
      },
      "c_13": {
        "x": 333.83000000000004,
        "y": 187.41
      },
      "c_14": {
        "x": 205.975,
        "y": 175.57
      },
      "c_15": {
        "x": 213.24,
        "y": 192.78500000000003
      },
      "c_16": {
        "x": 126.18,
        "y": 280.64
      },
      "c_17": {
        "x": 135.68,
        "y": 153.89
      },
      "c_18": {
        "x": 164.62,
        "y": 171.56
      },
      "c_19": {
        "x": 220.17499999999998,
        "y": 312.12
      },
      "c_2": {
        "x": 158.1,
        "y": 198.61999999999998
      },
      "c_20": {
        "x": 133.785,
        "y": 264.675
      },
      "c_21": {
        "x": 149.77,
        "y": 221.505
      },
      "c_22": {
        "x": 201.675,
        "y": 37.179
      },
      "c_23": {
        "x": 250.66,
        "y": 116.53
      },
      "c_24": {
        "x": 94.26,
        "y": 86.66
      },
      "c_25": {
        "x": 136.46,
        "y": 183.685
      },
      "c_26": {
        "x": 210.76,
        "y": 238.21
      },
      "c_27": {
        "x": 253.37,
        "y": 252.86
      },
      "c_28": {
        "x": 310.83500000000004,
        "y": 155.55
      },
      "c_29": {
        "x": 300.3,
        "y": 274.495
      },
      "c_3": {
        "x": 71.38,
        "y": 104.755
      },
      "c_30": {
        "x": 243.93,
        "y": 11.82
      },
      "c_31": {
        "x": 101.09,
        "y": 231.08
      },
      "c_32": {
        "x": 184.14000000000001,
        "y": 230.485
      },
      "c_33": {
        "x": 232.44,
        "y": 296.565
      },
      "c_34": {
        "x": 268.015,
        "y": 303.52
      },
      "c_35": {
        "x": 128.17000000000002,
        "y": 212.125
      },
      "c_36": {
        "x": 370.43999999999994,
        "y": 222.99
      },
      "c_37": {
        "x": 225.22500000000002,
        "y": 112.8
      },
      "c_38": {
        "x": 311.415,
        "y": 197.535
      },
      "c_39": {
        "x": 90.73,
        "y": 136.505
      },
      "c_4": {
        "x": 318.515,
        "y": 261.49
      },
      "c_40": {
        "x": 165.655,
        "y": 133.61
      },
      "c_41": {
        "x": 197.32500000000002,
        "y": 315.79999999999995
      },
      "c_42": {
        "x": 114.07,
        "y": 91.575
      },
      "c_43": {
        "x": 260.665,
        "y": 89.5
      },
      "c_44": {
        "x": 267.505,
        "y": 169.195
      },
      "c_45": {
        "x": 116.31,
        "y": 256.96000000000004
      },
      "c_46": {
        "x": 257.16999999999996,
        "y": 322.90500000000003
      },
      "c_47": {
        "x": 268.95,
        "y": 67.8
      },
      "c_48": {
        "x": 251.245,
        "y": 174.26500000000001
      },
      "c_49": {
        "x": 268.21000000000004,
        "y": 114.66
      },
      "c_5": {
        "x": 110.3,
        "y": 280.64
      },
      "c_50": {
        "x": 209.185,
        "y": 283.67
      },
      "c_51": {
        "x": 149.75,
        "y": 246.5
      },
      "c_52": {
        "x": 106.85499999999999,
        "y": 213.805
      },
      "c_53": {
        "x": 276.96999999999997,
        "y": 285.15999999999997
      },
      "c_54": {
        "x": 72.72999999999999,
        "y": 143.98
      },
      "c_55": {
        "x": 186.29500000000002,
        "y": 190.54500000000002
      },
      "c_56": {
        "x": 206.92499999999998,
        "y": 116.31
      },
      "c_57": {
        "x": 176.88,
        "y": 69.265
      },
      "c_58": {
        "x": 112.31,
        "y": 314.40000000000003
      },
      "c_59": {
        "x": 330.385,
        "y": 82.27000000000001
      },
      "c_6": {
        "x": 114.16,
        "y": 131.3
      },
      "c_60": {
        "x": 7.4715,
        "y": 205.57
      },
      "c_61": {
        "x": 173.38,
        "y": 248.54500000000002
      },
      "c_62": {
        "x": 289.075,
        "y": 147.4
      },
      "c_63": {
        "x": 45.55799999999999,
        "y": 146.335
      },
      "c_64": {
        "x": 95.46,
        "y": 152.24
      },
      "c_65": {
        "x": 104.49,
        "y": 24.5715
      },
      "c_66": {
        "x": 131.155,
        "y": 63.36
      },
      "c_67": {
        "x": 360.315,
        "y": 151.945
      },
      "c_68": {
        "x": 136.895,
        "y": 37.153999999999996
      },
      "c_69": {
        "x": 222.57000000000002,
        "y": 153.58
      },
      "c_7": {
        "x": 182.87,
        "y": 23.2475
      },
      "c_70": {
        "x": 78.85,
        "y": 285.675
      },
      "c_71": {
        "x": 292.7,
        "y": 296.865
      },
      "c_72": {
        "x": 109.97999999999999,
        "y": 72.10499999999999
      },
      "c_73": {
        "x": 244.255,
        "y": 27.5565
      },
      "c_74": {
        "x": 255.055,
        "y": 199.82500000000002
      },
      "c_75": {
        "x": 268.01,
        "y": 132.6
      },
      "c_76": {
        "x": 134.01999999999998,
        "y": 126.30499999999999
      },
      "c_77": {
        "x": 78.65,
        "y": 66.135
      },
      "c_78": {
        "x": 147.88500000000002,
        "y": 320.19
      },
      "c_79": {
        "x": 181.64000000000001,
        "y": 310.18
      },
      "c_8": {
        "x": 234.98000000000002,
        "y": 130.29999999999998
      },
      "c_80": {
        "x": 188.865,
        "y": 150.29999999999998
      },
      "c_81": {
        "x": 55.14,
        "y": 183.52499999999998
      },
      "c_82": {
        "x": 21.332,
        "y": 239.50500000000002
      },
      "c_83": {
        "x": 43.472,
        "y": 293.755
      },
      "c_84": {
        "x": 50.78,
        "y": 167.83999999999997
      },
      "c_85": {
        "x": 283.77500000000003,
        "y": 128.85
      },
      "c_86": {
        "x": 167.22000000000003,
        "y": 11.3385
      },
      "c_87": {
        "x": 326.46000000000004,
        "y": 245.795
      },
      "c_88": {
        "x": 228.29000000000002,
        "y": 17.499
      },
      "c_89": {
        "x": 195.68,
        "y": 7.4985
      },
      "c_9": {
        "x": 260.26,
        "y": 149.68
      },
      "c_90": {
        "x": 71.205,
        "y": 165.46500000000003
      },
      "c_91": {
        "x": 241.245,
        "y": 147.935
      },
      "var_1": {
        "x": 280.25,
        "y": 91.525
      },
      "var_10": {
        "x": 186.42499999999998,
        "y": 264.53
      },
      "var_11": {
        "x": 231.29500000000002,
        "y": 219.22
      },
      "var_12": {
        "x": 134.125,
        "y": 236.405
      },
      "var_13": {
        "x": 103.32000000000001,
        "y": 169.77499999999998
      },
      "var_14": {
        "x": 282.47,
        "y": 229.08
      },
      "var_15": {
        "x": 153.955,
        "y": 149.25
      },
      "var_16": {
        "x": 286.15500000000003,
        "y": 205.55499999999998
      },
      "var_17": {
        "x": 150.685,
        "y": 88.37
      },
      "var_18": {
        "x": 237.60500000000002,
        "y": 250.685
      },