
{
  "id": "p_000121_00001309",
  "layout": {
    "vars": {
      "var_34612":{"x":23.182,"y":29.033},
      "var_34530":{"x":28.193,"y":30.444},
      "c_104043":{"x":24.414,"y":29.838},
      "c_64409":{"x":38.41,"y":18.429},
      "c_37924":{"x":38.334,"y":17.533},
      "var_90245":{"x":6.4582,"y":18.487},
      "c_122123":{"x":9.3775,"y":18.154},
      "c_103782":{"x":26.31,"y":30.873},
      "var_90240":{"x":10.488,"y":18.265},
      "var_90556":{"x":14.929,"y":5.3819},
      "c_114322":{"x":25.628,"y":0.30731},
      "c_122312":{"x":8.7941,"y":18.243},
      "c_102656":{"x":28.297,"y":29.318},
      "var_91012":{"x":32.703,"y":6.6668},
      "var_90205":{"x":3.405,"y":21.1},
      "var_35325":{"x":29.649,"y":28.847},
      "c_43213":{"x":24.709,"y":4.0468},
      "var_90204":{"x":2.8616,"y":19.754},
      "var_90999":{"x":34.458,"y":6.7412},
      "c_124011":{"x":27.728,"y":0.73274},
      "var_65209":{"x":29.578,"y":6.444},
      "c_79922":{"x":28.163,"y":1.463},
      "c_38717":{"x":28.388,"y":7.9964},
      "c_38715":{"x":29.65,"y":9.2922},
      "var_63227":{"x":29.699,"y":1.0156},
      "var_65201":{"x":38.625,"y":19.389},
      "c_38267":{"x":28.943,"y":1.048},
      "c_111208":{"x":8.9354,"y":5.8984},
      "c_122380":{"x":8.03,"y":16.064},
      "c_129630":{"x":14.149,"y":5.699},
      "var_34249":{"x":31.13,"y":19.558},
      "c_122251":{"x":7.5268,"y":16.751},
      "var_89940":{"x":1.3071,"y":20.114},
      "var_34645":{"x":24.474,"y":28.017},
      "var_90989":{"x":30.555,"y":7.962},
      "c_121217":{"x":7.7752,"y":17.21},
      "c_130661":{"x":8.048,"y":25.511},
      "c_62155":{"x":37.527,"y":18.435},
      "c_62154":{"x":38.033,"y":18.618},
      "var_91011":{"x":34.15,"y":14.288},
      "var_35830":{"x":22.966,"y":3.9561},
      "var_90983":{"x":38.957,"y":16.621},
      "c_121723":{"x":6.5817,"y":11.3},
      "c_102457":{"x":8.0644,"y":7.8453},
      "c_102510":{"x":35.279,"y":24.072},
      "c_130918":{"x":33.684,"y":15.319},
      "var_34954":{"x":25.501,"y":30.396},
      "c_1512":{"x":31.923,"y":21.466},
      "c_130659":{"x":5.5328,"y":24.477},
      "c_130917":{"x":33.473,"y":14.992},
      "var_81802":{"x":38.415,"y":15.323},
      "c_6215":{"x":23.719,"y":4.7492},
      "c_125246":{"x":38.74,"y":18.403},
      "var_34891":{"x":22.846,"y":29.698},
      "c_5715":{"x":35.785,"y":21.396},
      "c_150524":{"x":28.691,"y":0.68},
      "c_61774":{"x":38.496,"y":15.96},
      "c_63221":{"x":25.843,"y":1.7793},
      "c_104089":{"x":25.821,"y":29.877},
      "var_65211":{"x":31.872,"y":8.8533},
      "c_121696":{"x":4.0339,"y":13.003},
      "var_34796":{"x":23.738,"y":28.613},
      "c_121836":{"x":3.1677,"y":20.468},
      "var_90229":{"x":7.3107,"y":19.03},
      "c_63379":{"x":27.068,"y":0.20205},
      "var_34254":{"x":24.126,"y":16.489},
      "var_90225":{"x":7.3403,"y":24.733},
      "c_38685":{"x":26.019,"y":0.44064},
      "var_90227":{"x":10.231,"y":15.15},
      "c_156092":{"x":27.62,"y":0.31846},
      "var_90221":{"x":8.1525,"y":23.494},
      "var_90220":{"x":6.3084,"y":23.672},
      "var_90223":{"x":6.1922,"y":22.713},
      "c_103618":{"x":26.612,"y":30.169},
      "var_88290":{"x":37.92,"y":15.193},
      "var_35828":{"x":36.315,"y":21.657},
      "c_130690":{"x":9.5862,"y":14.424},
      "var_81712":{"x":26.613,"y":0.076389},
      "var_88299":{"x":25.005,"y":0.5646},
      "var_35827":{"x":37.554,"y":19.837},
      "c_102934":{"x":25.198,"y":30.362},
      "var_81811":{"x":29.073,"y":1.945},
      "c_121574":{"x":10.632,"y":9.9804},
      "c_101268":{"x":30.457,"y":5.8274},
      "c_101267":{"x":30.481,"y":5.3585},
      "c_102509":{"x":35.106,"y":23.605},
      "c_104097":{"x":27.163,"y":28.338},
      "var_64699":{"x":3.3176,"y":10.01},
      "c_63412":{"x":37.56,"y":15.694},
      "c_44030":{"x":37.054,"y":20.625},
      "var_90565":{"x":13.112,"y":6.1552},
      "var_65246":{"x":34.519,"y":8.2217},
      "var_108714":{"x":38.489,"y":18.064},
      "var_90284":{"x":9.8253,"y":9.5803},
      "c_151788":{"x":38.443,"y":15.073},
      "var_64696":{"x":9.6462,"y":5.4023},
      "var_64695":{"x":4.4863,"y":6.1011},
      "c_5033":{"x":26.254,"y":9.2093},
      "var_65244":{"x":35.727,"y":24.27},
      "c_130689":{"x":9.2943,"y":14.368},
      "var_90238":{"x":6.9676,"y":17.462},
      "var_90236":{"x":8.7441,"y":19.448},
      "var_34176":{"x":38.237,"y":16.902},
      "var_65245":{"x":31.38,"y":4.7614},
      "var_81703":{"x":38.148,"y":19.424},
      "var_65243":{"x":33.031,"y":25.139},
      "var_110759":{"x":38.724,"y":15.661},
      "var_90231":{"x":6.9956,"y":15.849},
      "c_155211":{"x":38.728,"y":16.274},
      "c_130767":{"x":34.422,"y":13.365},
      "var_35811":{"x":24.924,"y":5.6453},
      "var_35810":{"x":35.394,"y":20.598},
      "c_103578":{"x":28.692,"y":30.16},
      "c_9084":{"x":37.843,"y":14.953},
      "var_73853":{"x":24.432,"y":1.2356},
      "c_113930":{"x":38.892,"y":17.43},
      "var_35453":{"x":29.119,"y":27.94},
      "var_35403":{"x":24.247,"y":30.265},
      "c_64083":{"x":25.698,"y":1.3812},
      "var_64763":{"x":36.61,"y":23.473},
      "var_64762":{"x":32.123,"y":26.271},
      "var_110892":{"x":24.438,"y":0.46353},
      "c_66844":{"x":4.366,"y":17.709},
      "var_90281":{"x":9.3869,"y":29.058},
      "var_34499":{"x":23.341,"y":29.939},
      "c_111315":{"x":32.514,"y":25.76},
      "c_134095":{"x":6.2934,"y":24.248},
      "c_103846":{"x":25.502,"y":28.607},
      "var_89922":{"x":3.8309,"y":18.369},
      "c_102800":{"x":26.661,"y":30.761},
      "var_90209":{"x":16.555,"y":15.08},
      "c_122271":{"x":9.8561,"y":17.468},
      "c_122352":{"x":8.0939,"y":18.072},
      "var_35532":{"x":27.122,"y":30.849},
      "c_61954":{"x":23.931,"y":18.363},
      "c_61955":{"x":23.601,"y":18.31},
      "var_90285":{"x":9.7931,"y":12.269},
      "c_100565":{"x":19.916,"y":16.527},
      "var_73844":{"x":36.961,"y":14.704},
      "c_101241":{"x":33.215,"y":8.9058},
      "c_101242":{"x":33.363,"y":8.4056},
      "var_110883":{"x":38.982,"y":17.928},
      "c_102758":{"x":28.82,"y":29.641},
      "var_35004":{"x":37.243,"y":13.806},
      "c_103588":{"x":27.497,"y":30.519},
      "var_35006":{"x":27.119,"y":0.98147},
      "c_122950":{"x":0.10027,"y":18.248},
      "c_121733":{"x":5.8873,"y":26.847},
      "c_20098":{"x":28.655,"y":1.3131},
      "c_122443":{"x":7.5562,"y":19.851},
      "var_34546":{"x":25.098,"y":30.88},
      "var_35368":{"x":27.757,"y":30.242},
      "c_130647":{"x":8.1951,"y":14.508},
      "c_38619":{"x":32.109,"y":17.852},
      "var_65225":{"x":36.188,"y":8.707},
      "var_65224":{"x":32.121,"y":3.9503},
      "c_42902":{"x":26.079,"y":7.6306},
      "c_102496":{"x":32.86,"y":24.376},
      "c_102497":{"x":33.271,"y":24.281},
      "c_121769":{"x":16.671,"y":15.914},
      "c_111223":{"x":3.9636,"y":6.8352},
      "c_102625":{"x":27.302,"y":29.776},
      "c_130781":{"x":12.605,"y":7.0152},
      "c_130782":{"x":12.306,"y":6.9427},
      "var_34915":{"x":29.944,"y":28.256},
      "var_35662":{"x":29.722,"y":2.0519},
      "var_90290":{"x":11.548,"y":8.0037},
      "var_90291":{"x":6.5438,"y":27.538},
      "c_130662":{"x":8.4322,"y":25.46},
      "c_103614":{"x":28.295,"y":29.869},
      "c_103595":{"x":25.764,"y":30.782},
      "c_131097":{"x":31.604,"y":7.5856},
      "c_122940":{"x":0.46859,"y":17.822},
      "c_131098":{"x":31.747,"y":7.0517},
      "var_35267":{"x":23.753,"y":30.639},
      "var_91005":{"x":25.522,"y":0.7356},
      "var_64700":{"x":7.0785,"y":8.6223},
      "c_122422":{"x":8.5396,"y":20.252},
      "var_34572":{"x":29.568,"y":29.541},
      "var_35829":{"x":24.825,"y":2.6813},
      "var_108723":{"x":30.116,"y":1.5856},
      "var_90610":{"x":34.391,"y":12.689},
      "c_121950":{"x":3.1764,"y":18.909},
      "c_79749":{"x":38.854,"y":16.986},