
{
  "id": "p_000127_00000022",
  "layout": {
    "vars": {"clause_113320":{"x":0.66339,"y":16.711},
      "var_32852":{"x":16.226,"y":17.18},
      "var_103755":{"x":33.629,"y":49.139},
      "clause_117730":{"x":12.097,"y":4.1969},
      "clause_63556":{"x":77.737,"y":12.809},
      "clause_111577":{"x":39.411,"y":40.455},
      "clause_38945":{"x":49.051,"y":42.017},
      "clause_114717":{"x":68.142,"y":19.301},
      "clause_16349":{"x":73.634,"y":34.638},
      "var_103759":{"x":30.801,"y":49.822},
      "clause_109225":{"x":29.325,"y":35.568},
      "clause_68559":{"x":42.093,"y":37.579},
      "clause_79220":{"x":11.698,"y":26.176},
      "clause_76911":{"x":1.4067,"y":14.516},
      "var_32813":{"x":11.438,"y":4.9846},
      "clause_75124":{"x":46.888,"y":33.325},
      "clause_22889":{"x":0.37319,"y":37.586},
      "clause_35992":{"x":14.72,"y":20.493},
      "clause_74203":{"x":25.491,"y":45.963},
      "var_31817":{"x":76.152,"y":19.441},
      "clause_101205":{"x":0.076389,"y":21.793},
      "var_31814":{"x":72.843,"y":25.259},
      "var_103696":{"x":37.633,"y":42.81},
      "var_103697":{"x":34.963,"y":43.4},
      "var_57477":{"x":0.081209,"y":22.839},
      "var_103692":{"x":41.868,"y":32.663},
      "var_103693":{"x":43.007,"y":35.784},
      "var_103690":{"x":46.647,"y":29.824},
      "var_103691":{"x":45.741,"y":33.179},
      "clause_61663":{"x":59.065,"y":8.1438},
      "clause_97337":{"x":57.61,"y":4.1104},
      "var_103698":{"x":40.088,"y":39.726},
      "var_103699":{"x":38.243,"y":41.159},
      "clause_97225":{"x":25.754,"y":5.0016},
      "var_33094":{"x":54.672,"y":40.99},
      "var_33097":{"x":54.67,"y":0.50313},
      "clause_125256":{"x":25.722,"y":0.33665},
      "clause_97427":{"x":75.74,"y":15.607},
      "clause_79216":{"x":1.1726,"y":19.377},
      "var_33093":{"x":57.987,"y":2.6783},
      "clause_74442":{"x":32.944,"y":44.708},
      "var_32804":{"x":17.499,"y":3.1012},
      "var_32807":{"x":17.906,"y":5.6068},
      "var_32806":{"x":18.777,"y":1.7875},
      "var_33099":{"x":60.571,"y":34.981},
      "var_33098":{"x":60.541,"y":36.814},
      "var_32803":{"x":15.428,"y":4.9392},
      "clause_102511":{"x":22.275,"y":32.962},
      "var_103710":{"x":18.46,"y":29.148},
      "clause_135379":{"x":60.322,"y":21.833},
      "clause_102591":{"x":43.836,"y":32.943},
      "clause_38943":{"x":53.019,"y":35.011},
      "clause_114837":{"x":65.1,"y":20.368},
      "clause_118289":{"x":23.237,"y":6.2078},
      "clause_87448":{"x":72.935,"y":29.641},
      "clause_71233":{"x":2.3292,"y":15.222},
      "clause_119135":{"x":12.201,"y":5.4695},
      "var_103722":{"x":52.352,"y":35.371},
      "var_103723":{"x":50.754,"y":34.403},
      "var_103720":{"x":49.148,"y":38.19},
      "clause_64736":{"x":76.92,"y":24.726},
      "clause_71602":{"x":1.8776,"y":17.562},
      "clause_109694":{"x":76.714,"y":26.128},
      "clause_134763":{"x":26.09,"y":0.36607},
      "clause_23076":{"x":9.3159,"y":42.648},
      "clause_112716":{"x":73.687,"y":16.181},
      "clause_79221":{"x":12.049,"y":26.339},
      "var_57502":{"x":3.0256,"y":21.825},
      "clause_98358":{"x":75.372,"y":17.637},
      "clause_78017":{"x":20.135,"y":8.4242},
      "clause_97418":{"x":60.059,"y":37.527},
      "clause_5817":{"x":3.5407,"y":38.13},
      "clause_35291":{"x":29.539,"y":37.421},
      "clause_116992":{"x":17.471,"y":16.382},
      "var_103689":{"x":30.781,"y":45.737},
      "clause_5402":{"x":51.011,"y":31.148},
      "var_33084":{"x":72.233,"y":30.994},
      "var_33085":{"x":74.293,"y":28.241},
      "var_33082":{"x":76.027,"y":30.408},
      "var_33083":{"x":76.297,"y":27.705},
      "clause_98991":{"x":68.465,"y":16.308},
      "clause_39029":{"x":30.517,"y":41.428},
      "clause_23078":{"x":10.885,"y":43.576},
      "var_32734":{"x":67.952,"y":21.19},
      "var_32733":{"x":68.506,"y":17.622},
      "clause_74000":{"x":4.8142,"y":24.918},
      "clause_131906":{"x":21.396,"y":34.969},
      "var_32811":{"x":12.852,"y":3.521},
      "clause_139245":{"x":28.016,"y":39.016},
      "clause_127636":{"x":24.564,"y":43.251},
      "clause_74099":{"x":9.617,"y":24.495},
      "clause_98940":{"x":18.153,"y":2.7675},
      "clause_63374":{"x":78.073,"y":13.168},
      "clause_81452":{"x":78.922,"y":15.083},
      "clause_72809":{"x":51.706,"y":34.835},
      "clause_116272":{"x":17.668,"y":3.6669},
      "clause_125964":{"x":17.296,"y":13.963},
      "clause_125978":{"x":16.5,"y":13.747},
      "clause_56343":{"x":29.647,"y":39.654},
      "clause_21880":{"x":25.406,"y":0.73208},
      "clause_3502":{"x":70.373,"y":23.208},
      "clause_97401":{"x":56.126,"y":40.518},
      "clause_116816":{"x":13.988,"y":16.033},
      "clause_130965":{"x":76.602,"y":20.304},
      "var_57496":{"x":5.4671,"y":20.33},
      "var_57495":{"x":9.3617,"y":22.793},
      "var_57494":{"x":9.6211,"y":25.937},
      "clause_22900":{"x":3.7163,"y":26.752},
      "clause_97398":{"x":76.953,"y":20.892},
      "var_32821":{"x":27.464,"y":0.076389},
      "var_32820":{"x":26.794,"y":0.53695},
      "clause_101859":{"x":3.2422,"y":39.855},
      "clause_115239":{"x":2.5698,"y":11.377},
      "clause_142697":{"x":29.899,"y":48.39},
      "clause_102718":{"x":30.939,"y":47.088},
      "clause_79166":{"x":3.4871,"y":11.112},
      "clause_79167":{"x":2.7005,"y":10.891},
      "clause_99008":{"x":71.027,"y":40.923},
      "var_32843":{"x":21.776,"y":7.6576},
      "var_32842":{"x":24.532,"y":5.1525},
      "clause_38914":{"x":39.734,"y":38.927},
      "clause_63428":{"x":74.89,"y":10.711},
      "clause_38916":{"x":38.69,"y":42.497},
      "clause_131770":{"x":73.427,"y":27.073},
      "clause_116278":{"x":16.105,"y":4.4354},
      "var_32819":{"x":29.634,"y":1.1018},
      "clause_73536":{"x":49.515,"y":40.04},
      "clause_110602":{"x":73.196,"y":11.57},
      "var_103704":{"x":25.272,"y":46.537},
      "var_103705":{"x":26.221,"y":44.884},
      "var_33026":{"x":56.716,"y":32.062},
      "clause_16809":{"x":57.055,"y":39.263},
      "var_103700":{"x":41.013,"y":39.228},
      "var_103701":{"x":24.022,"y":32.517},
      "var_103708":{"x":21.975,"y":36.463},
      "var_103709":{"x":20.676,"y":33.456},
      "var_33057":{"x":75.684,"y":10.582},
      "var_33106":{"x":76.954,"y":21.74},
      "var_33105":{"x":76.375,"y":20.891},
      "clause_97165":{"x":19.525,"y":15.018},
      "clause_154952":{"x":5.8434,"y":38.94},
      "var_57489":{"x":0.37534,"y":20.453},
      "var_33101":{"x":56.65,"y":39.964},
      "var_33100":{"x":58.016,"y":35.601},
      "clause_64986":{"x":56.896,"y":2.0581},
      "var_57487":{"x":10.678,"y":28.635},
      "var_103706":{"x":20.796,"y":43.507},
      "clause_131905":{"x":20.928,"y":35.162},
      "var_103707":{"x":22.856,"y":41.733},
      "clause_48382":{"x":21.767,"y":42.957},
      "clause_114486":{"x":55.529,"y":40.288},
      "clause_115410":{"x":11.202,"y":23.159},
      "var_57527":{"x":0.76156,"y":15.587},
      "var_32681":{"x":58.314,"y":24.198},
      "clause_64985":{"x":57.454,"y":1.9379},
      "clause_115415":{"x":9.6515,"y":23.756},
      "clause_38927":{"x":25.907,"y":46.979},
      "clause_13852":{"x":3.5279,"y":41.65},
      "var_32853":{"x":2.4248,"y":12.378},
      "var_103719":{"x":49.598,"y":41.364},
      "var_32851":{"x":18.548,"y":15.572},
      "clause_64768":{"x":60.599,"y":5.049},
      "var_32993":{"x":59.423,"y":5.7195},
      "var_32992":{"x":77.153,"y":24.483},
      "clause_97186":{"x":30.597,"y":1.4731},
      "var_32859":{"x":12.962,"y":23.707},
      "var_33056":{"x":78.608,"y":14.222},
      "clause_128721":{"x":2.5263,"y":20.132},
      "var_103652":{"x":31.73,"y":32.932},
      "var_103653":{"x":39.761,"y":32.789},
      "var_103651":{"x":47.901,"y":33.236},
      "clause_71600":{"x":15.702,"y":26.448},
      "var_103655":{"x":31.039,