
{
  "id": "p_000102_00021374",
  "layout": {
    "vars": {
      "c_148193":{"x":17.629,"y":16.43},
      "c_129871":{"x":16.774,"y":2.8154},
      "var_31689":{"x":9.6632,"y":18.949},
      "c_69790":{"x":20.472,"y":8.3668},
      "var_94075":{"x":13.63,"y":6.7067},
      "var_94076":{"x":8.4445,"y":7.4821},
      "var_5388":{"x":15.603,"y":16.329},
      "c_71596":{"x":10.443,"y":16.359},
      "var_42207":{"x":13.515,"y":20.105},
      "c_71207":{"x":19.914,"y":6.1366},
      "c_65432":{"x":5.6198,"y":8.1371},
      "var_5493":{"x":18.75,"y":3.184},
      "c_71327":{"x":7.8631,"y":16.174},
      "var_5497":{"x":10.858,"y":13.978},
      "c_127076":{"x":17.182,"y":7.0985},
      "c_76543":{"x":17.181,"y":9.3357},
      "c_70430":{"x":14.913,"y":6.4718},
      "c_109741":{"x":6.3442,"y":7.9131},
      "c_31637":{"x":1.3179,"y":11.872},
      "var_1046":{"x":6.5948,"y":8.85},
      "c_113288":{"x":2.7023,"y":5.3437},
      "c_44545":{"x":7.249,"y":0.90624},
      "c_31630":{"x":6.665,"y":3.1622},
      "c_31631":{"x":6.3938,"y":3.3916},
      "var_5314":{"x":16.633,"y":14.262},
      "var_16173":{"x":16.779,"y":12.39},
      "c_139539":{"x":16.635,"y":15.245},
      "var_1049":{"x":15.44,"y":9.2266},
      "c_109797":{"x":14.397,"y":8.455},
      "c_66743":{"x":16.55,"y":13.367},
      "c_19009":{"x":5.0234,"y":9.8729},
      "c_19008":{"x":5.1955,"y":9.7619},
      "c_73300":{"x":6.9477,"y":16.247},
      "var_17074":{"x":0.38013,"y":11.697},
      "var_5568":{"x":18.943,"y":11.731},
      "c_2420":{"x":12.42,"y":20.136},
      "c_28134":{"x":16.579,"y":8.886},
      "c_129962":{"x":20.196,"y":10.082},
      "c_36725":{"x":5.4961,"y":11.912},
      "c_141423":{"x":13.272,"y":16.378},
      "c_128599":{"x":3.9367,"y":13.092},
      "var_5421":{"x":19.681,"y":5.8738},
      "var_5734":{"x":20.187,"y":11.239},
      "c_45146":{"x":5.055,"y":10.38},
      "c_102852":{"x":7.6908,"y":8.2265},
      "var_18589":{"x":3.2869,"y":10.176},
      "c_121453":{"x":17.708,"y":9.6221},
      "c_83098":{"x":2.4536,"y":6.4951},
      "c_1612":{"x":6.3041,"y":10.496},
      "var_5574":{"x":7.943,"y":15.974},
      "c_1611":{"x":5.9773,"y":10.439},
      "c_115234":{"x":8.1481,"y":4.2591},
      "var_110433":{"x":15.183,"y":13.811},
      "var_20019":{"x":4.01,"y":10.293},
      "c_78953":{"x":16.171,"y":15.861},
      "c_80665":{"x":15.704,"y":7.6977},
      "c_129100":{"x":1.9286,"y":9.6805},
      "var_1051":{"x":16.96,"y":8.9148},
      "c_148290":{"x":9.2311,"y":18.8},
      "c_81428":{"x":12.914,"y":5.4925},
      "var_5554":{"x":16.752,"y":4.3921},
      "c_81113":{"x":5.7837,"y":9.5621},
      "c_37555":{"x":4.2885,"y":8.2492},
      "c_37556":{"x":4.4665,"y":7.9769},
      "c_74459":{"x":3.5296,"y":10.687},
      "var_5654":{"x":16.477,"y":1.7094},
      "c_90042":{"x":2.9175,"y":11.225},
      "c_90043":{"x":2.5919,"y":11.294},
      "var_55899":{"x":4.4411,"y":12.545},
      "c_31636":{"x":0.97445,"y":11.845},
      "c_71389":{"x":19.42,"y":12.602},
      "c_131027":{"x":15.4,"y":2.5389},
      "c_142771":{"x":7.7815,"y":16.436},
      "var_55840":{"x":3.2054,"y":12.236},
      "c_127017":{"x":17.342,"y":7.8964},
      "c_72991":{"x":17.13,"y":3.1527},
      "c_69725":{"x":4.9689,"y":9.0252},
      "var_42781":{"x":12.641,"y":1.8022},
      "var_110507":{"x":6.2887,"y":7.0884},
      "var_18524":{"x":9.8315,"y":2.5132},
      "c_110388":{"x":14.598,"y":7.8289},
      "var_42785":{"x":3.0149,"y":7.4074},
      "c_70500":{"x":20.47,"y":10.822},
      "c_29750":{"x":6.9682,"y":11.478},
      "c_123394":{"x":3.9197,"y":6.7863},
      "c_141599":{"x":12.761,"y":14.42},
      "c_84901":{"x":18.45,"y":15.483},
      "var_55837":{"x":1.8699,"y":8.7178},
      "c_131320":{"x":1.9327,"y":8.3136},
      "var_5546":{"x":19.203,"y":10.124},
      "var_42835":{"x":12.781,"y":2.3858},
      "c_156550":{"x":13.537,"y":2.8902},
      "c_68140":{"x":16.091,"y":7.6987},
      "c_28057":{"x":11.009,"y":9.0271},
      "var_42542":{"x":3.1092,"y":4.2785},
      "c_121531":{"x":12.373,"y":15.506},
      "var_5756":{"x":18.692,"y":13.628},
      "c_84110":{"x":14.676,"y":1.5387},
      "var_5684":{"x":20.693,"y":7.8137},
      "var_48453":{"x":15.349,"y":3.8784},
      "c_79301":{"x":12.991,"y":15.509},
      "c_35530":{"x":15.748,"y":8.5496},
      "c_130072":{"x":19.172,"y":12.25},
      "c_121239":{"x":17.617,"y":10.426},
      "c_71272":{"x":20.166,"y":7.1961},
      "var_16419":{"x":1.5535,"y":15.309},
      "c_89134":{"x":2.7489,"y":4.9785},
      "c_77978":{"x":19.233,"y":5.6521},
      "c_139540":{"x":16.574,"y":15.589},
      "c_29749":{"x":7.316,"y":11.475},
      "c_121337":{"x":19.489,"y":6.3867},
      "c_78279":{"x":14.865,"y":16.892},
      "c_70837":{"x":16.812,"y":1.8144},
      "c_78374":{"x":11.492,"y":16.43},
      "var_18959":{"x":8.1124,"y":5.2021},
      "var_42719":{"x":14.24,"y":4.0048},
      "c_82549":{"x":14.025,"y":19.96},
      "c_64424":{"x":8.5776,"y":18.333},
      "c_63178":{"x":9.0633,"y":15.371},
      "var_31700":{"x":12.377,"y":17.212},
      "var_31706":{"x":13.809,"y":14.858},
      "c_143020":{"x":15.947,"y":10.797},
      "c_72610":{"x":19.963,"y":10.819},
      "c_52942":{"x":9.1683,"y":0.10167},
      "var_16250":{"x":4.8502,"y":5.6698},
      "c_62998":{"x":16.674,"y":9.8159},
      "c_143053":{"x":20.603,"y":7.3073},
      "c_48671":{"x":2.8616,"y":12.089},
      "c_50975":{"x":5.1933,"y":7.939},
      "c_50976":{"x":4.925,"y":8.2076},
      "c_3486":{"x":17.023,"y":11.241},
      "c_132078":{"x":1.8559,"y":9.4487},
      "var_107381":{"x":15.15,"y":15.457},
      "var_45313":{"x":13.942,"y":6.0403},
      "c_71369":{"x":20.655,"y":9.7945},
      "c_142930":{"x":11.5,"y":17.885},
      "var_16961":{"x":8.6179,"y":0.21215},
      "var_16962":{"x":0.84155,"y":14.465},
      "c_109662":{"x":15.277,"y":10.701},
      "var_110442":{"x":15.917,"y":12.238},
      "var_17020":{"x":0.07686,"y":12.29},
      "c_127525":{"x":15.673,"y":13.267},
      "c_16015":{"x":7.5813,"y":6.8587},
      "c_16014":{"x":7.2382,"y":6.7089},
      "var_5674":{"x":7.4728,"y":16.11},
      "var_17073":{"x":6.3399,"y":2.3885},
      "var_17033":{"x":1.9366,"y":12.009},
      "var_17032":{"x":6.5564,"y":4.4904},
      "var_5351":{"x":18.351,"y":5.1681},
      "c_99742":{"x":14.092,"y":12.944},
      "var_16008":{"x":5.4381,"y":3.8857},
      "var_42521":{"x":2.5038,"y":5.7367},
      "var_16416":{"x":9.6594,"y":0.076389},
      "var_16417":{"x":0.34474,"y":13.432},
      "var_31714":{"x":7.2422,"y":13.689},
      "c_152397":{"x":15.614,"y":6.3117},
      "var_55911":{"x":2.1458,"y":10.417},
      "var_55912":{"x":1.8433,"y":8.9747},
      "c_40737":{"x":14.894,"y":9.7827},
      "c_31343":{"x":8.0601,"y":0.40307},
      "c_82908":{"x":12.005,"y":1.6042},
      "var_5668":{"x":19.219,"y":12.869},
      "c_45744":{"x":6.2777,"y":6.3884},
      "c_82906":{"x":3.5712,"y":3.7217},
      "var_5327":{"x":13.465,"y":14.084},
      "c_72075":{"x":18.993,"y":12.944},
      "c_77094":{"x":12.787,"y":20.206},
      "c_109411":{"x":8.5829,"y":10.981},
      "var_5584":{"x":20.323,"y":7.6664},
      "c_156542":{"x":10.198,"y":19.518},
      "var_1152":{"x":5.8625,"y":11.577},
      "var_1151":{"x":19.795,"y":8.5861},
      "c_83198":{"x":13.629,"y":2.3547},
      "c_120084":{"x":6.2897,"y":9.3065},
      "c_15491":{"x":5.4599,"y":7.1177},
      "c_6096":{"x":14.354,"y":1.1343},
      "var_48658":{"x":4.1834,"y":7.4304},
      "c_103021":{"x":15.016,"y":5.8707},
      "c_130669":{"x":9.4301,"y":15.391},
      "c_44512":{"x":0.18587,"y":12.815},
      "c_156798":{"x":12.232,"y":2.1204},
      "c_145978":{"x":4.992,"y":4.3926},
      "c_96987":{"x":16.201,"y":16.256},
      "var_5646":{"x":20.521,"y":10.284},
      "var_5455":{"x":15.247,"y":16.692},
      "c_153943":{"x":16.477,"y":10.834},