
{
  "id": "p_000118_00021094",
  "layout": {
    "vars": {"clause_128937":{"x":19.707,"y":11.303},
      "clause_582":{"x":15.426,"y":2.4092},
      "var_6263":{"x":8.6601,"y":21.842},
      "var_6073":{"x":16.156,"y":7.8893},
      "clause_146058":{"x":44.847,"y":23.076},
      "var_6075":{"x":17.905,"y":10.706},
      "var_6076":{"x":13.015,"y":9.9191},
      "var_6077":{"x":14.281,"y":8.9169},
      "var_6078":{"x":19.38,"y":9.4175},
      "clause_148668":{"x":47.021,"y":9.8054},
      "clause_158871":{"x":36.561,"y":14.282},
      "var_7687":{"x":46.655,"y":28.124},
      "var_7680":{"x":47.133,"y":18.328},
      "var_7681":{"x":46.548,"y":23.364},
      "var_5965":{"x":15.784,"y":4.6143},
      "clause_72384":{"x":3.018,"y":22.815},
      "var_6265":{"x":10.175,"y":23.421},
      "var_5968":{"x":19.855,"y":13.144},
      "var_33392":{"x":29.578,"y":7.2438},
      "var_6213":{"x":5.7726,"y":27.666},
      "clause_137085":{"x":5.6822,"y":10.294},
      "clause_93530":{"x":17.966,"y":2.8718},
      "clause_12266":{"x":20.06,"y":14.186},
      "clause_12265":{"x":20.397,"y":14.086},
      "clause_149903":{"x":41.284,"y":5.2091},
      "var_6267":{"x":9.2991,"y":24.369},
      "var_9122":{"x":6.5444,"y":9.2531},
      "var_6266":{"x":13.368,"y":22.972},
      "clause_134819":{"x":39.941,"y":24.61},
      "clause_66638":{"x":3.4193,"y":12.614},
      "var_7679":{"x":47.863,"y":21.546},
      "var_6269":{"x":6.8281,"y":23.708},
      "var_6079":{"x":18.238,"y":7.1416},
      "var_7671":{"x":37.259,"y":20.218},
      "clause_15154":{"x":37.765,"y":21.397},
      "var_7673":{"x":39.794,"y":18.768},
      "clause_149984":{"x":37.835,"y":4.368},
      "var_7675":{"x":45.807,"y":21.363},
      "var_7674":{"x":41.188,"y":24.876},
      "clause_15153":{"x":37.511,"y":21.544},
      "clause_149980":{"x":38.805,"y":2.6431},
      "var_6268":{"x":11.867,"y":21.154},
      "clause_135776":{"x":4.6087,"y":15.876},
      "clause_135774":{"x":4.3817,"y":16.842},
      "var_7423":{"x":42.41,"y":0.50364},
      "var_6218":{"x":0.076389,"y":15.596},
      "var_7425":{"x":43.784,"y":3.1049},
      "var_6219":{"x":3.3335,"y":22.522},
      "var_7693":{"x":32.197,"y":3.6922},
      "clause_10417":{"x":47.67,"y":21.197},
      "clause_5795":{"x":20.882,"y":16.081},
      "clause_691":{"x":10.366,"y":24.123},
      "clause_119919":{"x":1.5839,"y":18.552},
      "clause_137113":{"x":43.527,"y":26.007},
      "var_7699":{"x":38.979,"y":28.173},
      "clause_138529":{"x":4.4373,"y":19.709},
      "clause_129436":{"x":15.987,"y":6.223},
      "var_7677":{"x":46.515,"y":20.178},
      "clause_151494":{"x":41.003,"y":4.2117},
      "clause_138832":{"x":3.6185,"y":20.194},
      "clause_118876":{"x":3.0267,"y":22.175},
      "clause_73154":{"x":41.783,"y":0.076389},
      "clause_133877":{"x":40.08,"y":27.767},
      "clause_159050":{"x":46.206,"y":20.717},
      "var_7605":{"x":42.901,"y":27.958},
      "clause_159052":{"x":46.399,"y":19.706},
      "var_8857":{"x":20.531,"y":15.011},
      "var_8850":{"x":2.8457,"y":15.557},
      "clause_8197":{"x":32.561,"y":4.5935},
      "var_8853":{"x":5.6231,"y":26.873},
      "var_6207":{"x":14.742,"y":20.282},
      "var_6204":{"x":4.399,"y":21.801},
      "clause_15055":{"x":44.575,"y":29.908},
      "clause_15056":{"x":44.992,"y":30.254},
      "clause_9955":{"x":39.384,"y":28.183},
      "clause_148578":{"x":37.462,"y":1.7636},
      "var_6209":{"x":4.9273,"y":11.53},
      "var_6275":{"x":4.5927,"y":14.248},
      "clause_128957":{"x":15.17,"y":8.3927},
      "clause_138503":{"x":6.7029,"y":21.647},
      "clause_83608":{"x":14.799,"y":4.1914},
      "clause_721":{"x":2.3052,"y":16.602},
      "clause_150500":{"x":35.112,"y":9.8596},
      "clause_118241":{"x":4.9261,"y":23.576},
      "clause_133801":{"x":46.972,"y":27.345},
      "var_6088":{"x":18.42,"y":2.8008},
      "clause_67291":{"x":43.904,"y":31.178},
      "var_7589":{"x":36.825,"y":29.997},
      "clause_11994":{"x":2.9526,"y":14.313},
      "var_6294":{"x":1.0126,"y":17.649},
      "var_7688":{"x":46.619,"y":26.568},
      "clause_129428":{"x":14.181,"y":4.9819},
      "var_7584":{"x":44.518,"y":30.781},
      "clause_35284":{"x":44.956,"y":26.527},
      "var_9246":{"x":35.843,"y":12.067},
      "clause_12205":{"x":45.9,"y":7.639},
      "clause_12206":{"x":46.035,"y":7.807},
      "clause_135982":{"x":10.374,"y":21.429},
      "var_8849":{"x":7.7487,"y":22.919},
      "clause_12203":{"x":15.677,"y":3.431},
      "clause_12598":{"x":33.606,"y":6.6333},
      "clause_67483":{"x":36.959,"y":6.2201},
      "var_8843":{"x":15.814,"y":2.671},
      "var_6087":{"x":19.789,"y":1.7363},
      "var_9248":{"x":47.829,"y":13.33},
      "clause_67227":{"x":36.49,"y":20.464},
      "var_6272":{"x":4.2661,"y":16.156},
      "var_6086":{"x":13.958,"y":4.3712},
      "var_6239":{"x":3.4962,"y":25.388},
      "var_7404":{"x":44.822,"y":5.2528},
      "var_7402":{"x":45.502,"y":6.6127},
      "var_7580":{"x":47.989,"y":15.9},
      "var_7400":{"x":45.388,"y":7.8656},
      "clause_9769":{"x":18.766,"y":8.246},
      "var_8854":{"x":5.024,"y":24.611},
      "var_7403":{"x":46.202,"y":9.4078},
      "clause_9768":{"x":19.051,"y":8.1409},
      "clause_135934":{"x":13.336,"y":20.784},
      "clause_135314":{"x":42.559,"y":24.947},
      "var_7401":{"x":46.591,"y":8.5894},
      "clause_15122":{"x":37.092,"y":29.161},
      "clause_117965":{"x":5.5783,"y":22.86},
      "clause_15123":{"x":37.425,"y":29.792},
      "var_7678":{"x":48.873,"y":17.896},
      "var_6288":{"x":21.116,"y":16.888},
      "clause_6235":{"x":2.778,"y":17.04},
      "clause_12054":{"x":0.70713,"y":16.055},
      "var_6283":{"x":5.4496,"y":25.092},
      "var_8848":{"x":11.111,"y":23.517},
      "clause_151500":{"x":43.611,"y":6.0661},
      "var_8851":{"x":3.0088,"y":18.628},
      "clause_12582":{"x":42.193,"y":4.0698},
      "var_9011":{"x":41.722,"y":3.4534},
      "clause_78607":{"x":28.791,"y":9.3445},
      "clause_159137":{"x":38.566,"y":17.595},
      "var_9019":{"x":41.025,"y":23.932},
      "var_9018":{"x":38.325,"y":22.541},
      "clause_12597":{"x":33.861,"y":6.5407},
      "clause_129009":{"x":11.155,"y":5.4535},
      "clause_135625":{"x":42.535,"y":25.918},
      "clause_133582":{"x":47.331,"y":22.428},
      "clause_135384":{"x":45.399,"y":25.642},
      "clause_15160":{"x":48.298,"y":18.776},
      "clause_15161":{"x":48.514,"y":18.798},
      "clause_148704":{"x":46.86,"y":10.271},
      "var_7647":{"x":40.199,"y":2.6662},
      "clause_148624":{"x":44.834,"y":7.769},
      "clause_118155":{"x":2.9426,"y":21.254},
      "clause_148621":{"x":45.363,"y":8.4705},
      "clause_150686":{"x":47.607,"y":12.151},
      "clause_128972":{"x":17.115,"y":5.8219},
      "clause_35619":{"x":42.405,"y":26.33},
      "clause_149786":{"x":35.385,"y":6.2644},
      "clause_6059":{"x":5.1202,"y":25.907},
      "clause_135986":{"x":9.4854,"y":22.664},
      "clause_425":{"x":3.1567,"y":24.809},
      "clause_135303":{"x":45.429,"y":24.225},
      "clause_35421":{"x":42.501,"y":24.45},
      "var_8859":{"x":0.46793,"y":17.023},
      "clause_12028":{"x":3.5459,"y":22.996},
      "clause_12029":{"x":3.8146,"y":23.087},
      "clause_138094":{"x":17.133,"y":3.5773},
      "clause_129032":{"x":9.5218,"y":7.0169},
      "var_6273":{"x":3.3163,"y":13.278},
      "var_9027":{"x":33.231,"y":5.6348},
      "var_9024":{"x":45.546,"y":27.816},
      "clause_10281":{"x":45.392,"y":28.698},
      "var_9023":{"x":45.419,"y":29.568},
      "var_9020":{"x":48.228,"y":19.849},
      "clause_78597":{"x":29.954,"y":7.8941},
      "clause_11980":{"x":12.332,"y":23.105},
      "clause_11981":{"x":12.371,"y":23.489},
      "clause_66782":{"x":15.502,"y":3.9848},
      "clause_145739":{"x":43.535,"y":26.602},
      "clause_158785":{"x":47.982,"y":14.564},