
{
  "id": "p_000135_00021263",
  "layout": {
    "vars": {
      "var_91370":{"x":44.199,"y":6.8813},
      "c_119210":{"x":36.338,"y":18.895},
      "var_91271":{"x":13.68,"y":5.7009},
      "var_91273":{"x":14.292,"y":6.2886},
      "var_91272":{"x":12.827,"y":7.0021},
      "var_91980":{"x":32.158,"y":15.113},
      "var_91820":{"x":45.324,"y":38.567},
      "var_91821":{"x":45.776,"y":40.355},
      "c_130107":{"x":46.193,"y":15.385},
      "c_130105":{"x":41.014,"y":7.7272},
      "c_130104":{"x":40.235,"y":7.9519},
      "c_129882":{"x":37.919,"y":7.0826},
      "c_129883":{"x":37.306,"y":7.4545},
      "c_53818":{"x":29.78,"y":1.4628},
      "c_53956":{"x":41.248,"y":50.507},
      "c_54568":{"x":21.689,"y":3.4307},
      "c_54562":{"x":26.968,"y":0.076389},
      "c_14453":{"x":40.019,"y":9.0018},
      "var_91716":{"x":11.397,"y":22.267},
      "c_116598":{"x":13.373,"y":17.279},
      "c_131349":{"x":46.211,"y":8.8585},
      "c_130108":{"x":46.687,"y":14.809},
      "var_91781":{"x":47.082,"y":42.519},
      "c_130212":{"x":43.119,"y":49.265},
      "c_130211":{"x":42.769,"y":49.278},
      "c_54026":{"x":9.8316,"y":22.662},
      "c_116167":{"x":43.392,"y":45.726},
      "c_109687":{"x":36.68,"y":13.814},
      "c_116208":{"x":19.354,"y":7.9721},
      "c_125497":{"x":5.0047,"y":36.74},
      "var_91390":{"x":42.336,"y":15.331},
      "c_114381":{"x":25.853,"y":0.96925},
      "var_91395":{"x":47.176,"y":9.265},
      "c_54370":{"x":29.201,"y":0.76713},
      "c_108769":{"x":36.224,"y":10.165},
      "var_91965":{"x":42.311,"y":20.606},
      "var_91964":{"x":45.022,"y":23.18},
      "c_130848":{"x":9.7864,"y":43.426},
      "c_130849":{"x":9.494,"y":43.23},
      "c_141561":{"x":0.94706,"y":36.247},
      "c_62170":{"x":45.925,"y":41.652},
      "var_90441":{"x":5.0697,"y":40.962},
      "var_90440":{"x":4.8344,"y":41.796},
      "var_92054":{"x":36.242,"y":25.964},
      "var_92055":{"x":37.966,"y":23.242},
      "c_114099":{"x":38.366,"y":8.5866},
      "c_158238":{"x":24.609,"y":10.73},
      "c_158237":{"x":24.509,"y":11.001},
      "var_92059":{"x":40.994,"y":27.3},
      "var_91507":{"x":22.854,"y":1.3227},
      "c_130144":{"x":45.316,"y":7.8747},
      "var_91132":{"x":37.159,"y":15.922},
      "c_68803":{"x":46.597,"y":44.028},
      "c_55138":{"x":1.8021,"y":38.04},
      "var_91447":{"x":24.604,"y":18.238},
      "c_108655":{"x":13.252,"y":5.166},
      "c_111784":{"x":27.607,"y":0.94734},
      "c_115545":{"x":47.312,"y":41.598},
      "var_91430":{"x":42.625,"y":13.848},
      "var_91435":{"x":49.605,"y":9.9722},
      "var_91349":{"x":35.467,"y":5.9942},
      "c_129829":{"x":12.314,"y":9.3245},
      "var_91341":{"x":39.051,"y":10.629},
      "var_91340":{"x":37.784,"y":9.269},
      "c_111584":{"x":27.748,"y":18.382},
      "c_54456":{"x":25.307,"y":1.3845},
      "var_91591":{"x":10.597,"y":18.033},
      "c_74993":{"x":42.156,"y":28.668},
      "c_54811":{"x":16.532,"y":2.6129},
      "c_113916":{"x":43.253,"y":10.92},
      "var_91813":{"x":50.772,"y":46.285},
      "var_91815":{"x":45.382,"y":44.929},
      "var_91814":{"x":48.861,"y":46.525},
      "var_91817":{"x":43.631,"y":42.755},
      "var_91818":{"x":45.581,"y":42.945},
      "c_140072":{"x":4.6405,"y":38.32},
      "c_79117":{"x":45.238,"y":47.81},
      "c_112697":{"x":12.498,"y":18.6},
      "c_53925":{"x":53.646,"y":40.696},
      "c_114637":{"x":49.243,"y":44.433},
      "c_109032":{"x":12.756,"y":7.7522},
      "var_91046":{"x":27.024,"y":2.5535},
      "c_54516":{"x":31.028,"y":1.9091},
      "var_91768":{"x":49.674,"y":43.065},
      "var_91767":{"x":51.161,"y":43.179},
      "var_91766":{"x":53.116,"y":41.616},
      "c_110325":{"x":40.0,"y":14.846},
      "c_130803":{"x":4.7922,"y":41.389},
      "c_92611":{"x":39.469,"y":25.497},
      "c_130804":{"x":5.6976,"y":41.259},
      "c_111362":{"x":32.574,"y":9.4468},
      "c_54193":{"x":16.03,"y":23.521},
      "c_115689":{"x":39.815,"y":20.899},
      "c_63523":{"x":45.722,"y":45.141},
      "var_50329":{"x":20.062,"y":32.432},
      "var_90403":{"x":6.8184,"y":42.058},
      "var_90402":{"x":7.6595,"y":43.445},
      "c_54170":{"x":12.894,"y":14.51},
      "c_120201":{"x":40.459,"y":17.616},
      "c_112407":{"x":14.181,"y":21.363},
      "c_108591":{"x":33.944,"y":16.875},
      "c_130474":{"x":44.625,"y":18.418},
      "c_114795":{"x":45.623,"y":47.269},
      "c_142976":{"x":46.34,"y":34.456},
      "c_53587":{"x":34.645,"y":27.131},
      "c_129862":{"x":35.524,"y":7.765},
      "c_129861":{"x":36.119,"y":7.2496},
      "var_91494":{"x":30.109,"y":1.7085},
      "var_91497":{"x":22.77,"y":1.7434},
      "c_128807":{"x":15.902,"y":38.002},
      "var_91991":{"x":42.756,"y":17.92},
      "var_91992":{"x":42.741,"y":29.791},
      "var_91854":{"x":46.87,"y":36.497},
      "c_130503":{"x":39.487,"y":23.858},
      "c_130502":{"x":39.808,"y":23.877},
      "c_115082":{"x":47.37,"y":45.908},
      "c_111131":{"x":39.868,"y":15.644},
      "var_89993":{"x":13.518,"y":40.137},
      "c_53965":{"x":46.556,"y":47.506},
      "c_99651":{"x":47.488,"y":8.4072},
      "c_55173":{"x":10.588,"y":44.877},
      "var_91462":{"x":25.363,"y":1.7929},
      "var_91467":{"x":24.414,"y":0.70383},
      "c_54224":{"x":9.6294,"y":17.861},
      "c_124974":{"x":11.005,"y":37.833},
      "c_54656":{"x":50.476,"y":13.595},
      "c_113264":{"x":39.051,"y":12.655},
      "var_91724":{"x":12.009,"y":22.942},
      "c_54383":{"x":21.474,"y":1.6336},
      "var_91316":{"x":27.796,"y":12.06},
      "c_54385":{"x":9.3226,"y":15.958},
      "var_91318":{"x":10.773,"y":9.1232},
      "var_91319":{"x":14.333,"y":8.9965},
      "c_129549":{"x":12.789,"y":38.089},
      "c_130755":{"x":7.7184,"y":42.627},
      "c_133006":{"x":5.9433,"y":37.349},
      "var_91798":{"x":39.038,"y":49.777},
      "var_91799":{"x":41.574,"y":48.13},
      "c_130208":{"x":39.797,"y":48.506},
      "c_130209":{"x":40.205,"y":49.356},
      "c_54135":{"x":8.0645,"y":19.046},
      "c_111448":{"x":24.748,"y":1.8145},
      "c_129326":{"x":25.036,"y":27.768},
      "c_116287":{"x":14.07,"y":17.318},
      "c_53636":{"x":35.063,"y":26.912},
      "var_91979":{"x":29.279,"y":14.82},
      "var_91976":{"x":43.487,"y":19.233},
      "var_91975":{"x":46.867,"y":21.05},
      "var_91253":{"x":11.986,"y":6.281},
      "c_117257":{"x":13.055,"y":20.919},
      "c_130473":{"x":43.925,"y":19.012},
      "c_130471":{"x":45.499,"y":20.11},
      "c_130470":{"x":45.379,"y":20.472},
      "c_129767":{"x":19.757,"y":18.797},
      "c_129766":{"x":19.654,"y":18.971},
      "var_90355":{"x":9.8742,"y":44.371},
      "var_90356":{"x":8.7984,"y":42.475},
      "c_130270":{"x":49.719,"y":45.742},
      "c_54728":{"x":40.048,"y":5.3971},
      "var_90454":{"x":1.6858,"y":35.028},
      "var_90455":{"x":3.2156,"y":36.78},
      "c_124994":{"x":11.29,"y":37.465},
      "c_120823":{"x":38.243,"y":18.947},
      "c_159061":{"x":48.234,"y":11.354},
      "c_130159":{"x":48.417,"y":12.434},
      "c_128841":{"x":15.389,"y":38.491},
      "var_91459":{"x":24.342,"y":2.038},
      "var_89955":{"x":7.4254,"y":38.546},
      "c_158946":{"x":46.13,"y":7.5862},
      "c_110483":{"x":35.451,"y":13.576},
      "var_91428":{"x":49.85,"y":12.745},
      "var_91429":{"x":46.018,"y":12.93},
      "c_110994":{"x":12.803,"y":5.8255},
      "c_130158":{"x":48.438,"y":12.816},
      "var_91356":{"x":40.348,"y":8.2381},
      "c_120316":{"x":39.817,"y":18.342},
      "var_91601":{"x":11.535,"y":16.66},
      "var_91350":{"x":36.644,"y":9.3172},
      "var_91351":{"x":36.339,"y":11.769},
      "c_55193":{"x":13.173,"y":46.082},
      "var_91844":{"x":47.695,"y":38.185},
      "var_91802":{"x":44.25,"y":44.372},
      "var_91800":{"x":43.096,"y":46.464},
      "c_69191":{"x":48.775,"y":42.661},