
{
  "id": "p_000102_00005935",
  "layout": {
    "vars": {"clause_33999":{"x":8.028,"y":25.728},
      "clause_33998":{"x":8.1393,"y":25.928},
      "clause_33629":{"x":5.43,"y":20.646},
      "clause_145466":{"x":11.019,"y":20.098},
      "clause_108875":{"x":33.791,"y":23.974},
      "clause_71838":{"x":27.911,"y":4.506},
      "clause_71839":{"x":28.134,"y":4.3861},
      "clause_152467":{"x":27.183,"y":10.493},
      "clause_108878":{"x":35.941,"y":25.6},
      "clause_108876":{"x":33.607,"y":24.111},
      "clause_33997":{"x":7.2839,"y":23.536},
      "clause_33996":{"x":7.4787,"y":23.556},
      "clause_122412":{"x":21.508,"y":22.723},
      "var_41958":{"x":28.795,"y":11.152},
      "clause_125452":{"x":29.812,"y":9.4416},
      "var_41955":{"x":30.534,"y":7.8142},
      "var_14361":{"x":27.891,"y":16.107},
      "var_81085":{"x":0.20451,"y":19.33},
      "var_41956":{"x":32.314,"y":7.061},
      "clause_21986":{"x":2.5385,"y":16.252},
      "var_48826":{"x":39.92,"y":20.612},
      "var_50212":{"x":38.526,"y":19.772},
      "clause_150480":{"x":31.982,"y":21.69},
      "clause_102011":{"x":2.91,"y":15.182},
      "clause_124463":{"x":34.387,"y":16.322},
      "clause_108873":{"x":35.565,"y":26.302},
      "var_101545":{"x":7.0038,"y":18.536},
      "var_101546":{"x":27.849,"y":23.034},
      "var_101465":{"x":20.512,"y":20.06},
      "clause_144565":{"x":23.51,"y":29.872},
      "clause_122912":{"x":25.734,"y":27.879},
      "var_14160":{"x":6.7169,"y":22.898},
      "var_14091":{"x":7.494,"y":20.176},
      "var_101372":{"x":30.744,"y":31.864},
      "clause_72629":{"x":24.161,"y":0.196},
      "clause_128606":{"x":24.18,"y":17.207},
      "clause_70635":{"x":26.039,"y":2.8196},
      "var_32902":{"x":27.068,"y":2.9985},
      "var_74103":{"x":26.583,"y":11.454},
      "clause_135629":{"x":25.124,"y":0.79672},
      "clause_108879":{"x":35.774,"y":25.27},
      "clause_122016":{"x":40.309,"y":20.347},
      "clause_99994":{"x":14.233,"y":19.283},
      "var_25106":{"x":8.1611,"y":26.562},
      "var_25107":{"x":6.7346,"y":22.194},
      "clause_99993":{"x":14.238,"y":19.547},
      "clause_151562":{"x":23.068,"y":33.121},
      "var_101492":{"x":16.561,"y":20.68},
      "var_118644":{"x":31.529,"y":21.009},
      "var_101491":{"x":15.819,"y":19.436},
      "clause_116185":{"x":24.889,"y":10.275},
      "clause_132308":{"x":24.049,"y":33.863},
      "clause_28351":{"x":2.4851,"y":12.343},
      "clause_118211":{"x":22.284,"y":8.7817},
      "clause_118212":{"x":22.42,"y":8.3143},
      "clause_150479":{"x":32.345,"y":21.236},
      "var_48113":{"x":21.753,"y":14.838},
      "var_48110":{"x":25.44,"y":18.454},
      "clause_103683":{"x":27.6,"y":22.337},
      "clause_117193":{"x":0.78299,"y":20.176},
      "clause_117192":{"x":0.10555,"y":18.496},
      "clause_117191":{"x":0.62712,"y":18.362},
      "clause_119421":{"x":31.31,"y":31.178},
      "clause_117196":{"x":0.44026,"y":18.978},
      "clause_117195":{"x":1.015,"y":19.182},
      "clause_117194":{"x":0.32432,"y":20.235},
      "clause_132448":{"x":29.482,"y":32.391},
      "clause_138937":{"x":0.7298,"y":21.567},
      "clause_25287":{"x":26.717,"y":2.3832},
      "clause_114588":{"x":26.032,"y":10.726},
      "clause_45060":{"x":8.0089,"y":19.543},
      "clause_99849":{"x":20.669,"y":29.988},
      "clause_99848":{"x":20.42,"y":29.997},
      "var_83406":{"x":33.253,"y":16.77},
      "clause_144149":{"x":39.848,"y":22.45},
      "var_115716":{"x":39.931,"y":21.886},
      "var_101485":{"x":20.036,"y":24.408},
      "var_81386":{"x":0.60935,"y":20.727},
      "clause_25756":{"x":21.177,"y":29.223},
      "clause_81830":{"x":28.426,"y":17.826},
      "var_119485":{"x":6.0589,"y":25.674},
      "clause_72967":{"x":29.739,"y":19.952},
      "var_117520":{"x":17.332,"y":20.937},
      "clause_145410":{"x":8.7105,"y":19.662},
      "clause_91105":{"x":5.7919,"y":25.179},
      "clause_9672":{"x":27.858,"y":8.0364},
      "clause_155282":{"x":29.745,"y":31.486},
      "var_30641":{"x":25.143,"y":2.7257},
      "var_30643":{"x":31.294,"y":3.1454},
      "var_14143":{"x":9.1004,"y":18.75},
      "clause_145495":{"x":11.704,"y":20.828},
      "clause_145496":{"x":9.2245,"y":19.618},
      "clause_110431":{"x":30.387,"y":20.452},
      "clause_101696":{"x":31.586,"y":7.2775},
      "clause_119420":{"x":31.463,"y":31.01},
      "var_83390":{"x":29.804,"y":18.412},
      "clause_117482":{"x":26.861,"y":23.675},
      "var_83395":{"x":34.967,"y":15.911},
      "clause_37821":{"x":4.0672,"y":17.662},
      "clause_37822":{"x":4.0069,"y":17.881},
      "var_17888":{"x":2.5347,"y":11.303},
      "var_50249":{"x":31.735,"y":30.255},
      "clause_125876":{"x":39.522,"y":20.029},
      "clause_142048":{"x":23.655,"y":18.756},
      "clause_122321":{"x":19.642,"y":20.826},
      "clause_119440":{"x":30.799,"y":30.755},
      "var_48124":{"x":23.007,"y":16.062},
      "var_48134":{"x":27.478,"y":21.438},
      "clause_78273":{"x":22.1,"y":15.441},
      "var_117510":{"x":22.022,"y":20.697},
      "clause_78274":{"x":22.385,"y":15.199},
      "clause_79560":{"x":24.009,"y":30.595},
      "clause_145401":{"x":9.075,"y":21.686},
      "clause_57812":{"x":1.7798,"y":17.641},
      "clause_111013":{"x":31.62,"y":17.553},
      "clause_73221":{"x":27.575,"y":2.5683},
      "var_74187":{"x":25.955,"y":7.632},
      "clause_125479":{"x":28.879,"y":8.5587},
      "var_81385":{"x":0.87172,"y":18.664},
      "clause_101686":{"x":29.924,"y":6.6331},
      "clause_28352":{"x":2.669,"y":12.193},
      "clause_108874":{"x":35.532,"y":25.909},
      "clause_118331":{"x":31.349,"y":11.125},
      "var_14347":{"x":24.516,"y":30.907},
      "var_101455":{"x":23.63,"y":34.013},
      "var_81389":{"x":0.076389,"y":17.896},
      "clause_71793":{"x":25.842,"y":1.9018},
      "clause_124462":{"x":34.088,"y":16.199},
      "clause_71794":{"x":25.687,"y":2.0848},
      "clause_25342":{"x":28.09,"y":2.9974},
      "clause_123330":{"x":24.84,"y":30.416},
      "clause_25346":{"x":26.675,"y":1.8305},
      "var_109334":{"x":25.811,"y":1.3019},
      "clause_132953":{"x":25.147,"y":2.2646},
      "clause_141379":{"x":21.323,"y":32.444},
      "clause_46308":{"x":7.9435,"y":21.402},
      "var_74223":{"x":30.286,"y":10.856},
      "clause_117795":{"x":26.103,"y":17.874},
      "clause_146666":{"x":34.408,"y":21.583},
      "var_50252":{"x":31.427,"y":30.666},
      "clause_130944":{"x":18.136,"y":19.681},
      "clause_116073":{"x":26.247,"y":9.4595},
      "var_14201":{"x":12.836,"y":19.643},
      "var_48784":{"x":40.444,"y":19.812},
      "var_74119":{"x":25.589,"y":10.09},
      "var_50185":{"x":39.563,"y":17.986},
      "var_48789":{"x":40.406,"y":18.712},
      "clause_146404":{"x":32.854,"y":24.542},
      "var_14209":{"x":26.32,"y":25.832},
      "var_115721":{"x":39.705,"y":22.952},
      "var_14123":{"x":8.3013,"y":18.799},
      "clause_28364":{"x":2.837,"y":10.564},
      "clause_28365":{"x":3.268,"y":10.747},
      "clause_135492":{"x":28.364,"y":20.75},
      "clause_151435":{"x":28.038,"y":9.0458},
      "var_74195":{"x":23.36,"y":9.1702},
      "var_74194":{"x":21.615,"y":7.9739},
      "clause_132249":{"x":26.043,"y":32.565},
      "var_101351":{"x":28.039,"y":32.125},
      "clause_130885":{"x":20.197,"y":22.261},
      "clause_118163":{"x":25.977,"y":6.404},
      "clause_118162":{"x":25.673,"y":6.5246},
      "var_32940":{"x":28.085,"y":2.6156},
      "var_101359":{"x":24.105,"y":33.033},
      "var_117516":{"x":21.059,"y":24.69},
      "clause_45629":{"x":24.429,"y":19.099},
      "clause_9614":{"x":33.161,"y":10.824},
      "clause_130262":{"x":6.3845,"y":17.633},
      "var_14211":{"x":25.122,"y":29.844},
      "clause_130218":{"x":28.648,"y":19.934},
      "clause_145420":{"x":8.28,"y":20.433},
      "var_14351":{"x":22.979,