
{
  "id": "p_000127_00011831",
  "layout": {
    "vars": {
      "c_5006":{"x":13.931,"y":17.778},
      "c_156586":{"x":24.796,"y":16.891},
      "c_1603":{"x":1.8361,"y":13.689},
      "c_129444":{"x":30.502,"y":6.6098},
      "c_76996":{"x":13.528,"y":19.605},
      "c_78009":{"x":28.128,"y":20.831},
      "c_120068":{"x":23.077,"y":16.563},
      "c_89329":{"x":14.964,"y":20.41},
      "c_83164":{"x":26.895,"y":24.83},
      "c_35055":{"x":1.0719,"y":18.073},
      "c_74295":{"x":8.7752,"y":11.103},
      "c_52474":{"x":27.872,"y":22.187},
      "c_68933":{"x":12.701,"y":14.395},
      "c_72632":{"x":11.374,"y":7.2799},
      "c_133664":{"x":6.6073,"y":30.869},
      "c_113100":{"x":10.488,"y":6.4102},
      "c_153140":{"x":1.7376,"y":21.688},
      "c_85888":{"x":8.9958,"y":12.632},
      "c_27897":{"x":2.968,"y":24.092},
      "c_126024":{"x":0.80199,"y":20.494},
      "c_80438":{"x":31.633,"y":18.987},
      "c_64352":{"x":20.407,"y":17.664},
      "c_73349":{"x":22.901,"y":19.612},
      "c_107532":{"x":4.1788,"y":23.037},
      "c_61655":{"x":9.2051,"y":14.994},
      "c_144268":{"x":21.005,"y":26.398},
      "c_68019":{"x":10.48,"y":12.897},
      "c_24960":{"x":23.658,"y":19.854},
      "c_117010":{"x":14.404,"y":18.839},
      "var_51895":{"x":7.4537,"y":24.221},
      "var_51894":{"x":6.7586,"y":27.353},
      "var_51896":{"x":5.1134,"y":22.322},
      "var_51893":{"x":6.7477,"y":29.931},
      "var_51892":{"x":7.1203,"y":31.083},
      "var_51899":{"x":2.4237,"y":21.356},
      "var_51898":{"x":11.149,"y":21.781},
      "c_142543":{"x":19.82,"y":24.314},
      "c_131894":{"x":4.0841,"y":15.107},
      "var_51943":{"x":15.742,"y":15.984},
      "var_51941":{"x":17.109,"y":20.601},
      "var_51940":{"x":14.956,"y":18.409},
      "var_51946":{"x":21.776,"y":24.36},
      "var_51945":{"x":22.59,"y":23.4},
      "var_51944":{"x":19.933,"y":21.856},
      "var_51860":{"x":11.432,"y":18.061},
      "c_103742":{"x":25.164,"y":18.523},
      "var_51949":{"x":25.386,"y":23.758},
      "var_51948":{"x":18.965,"y":18.267},
      "var_51865":{"x":14.002,"y":16.45},
      "var_51866":{"x":18.919,"y":22.957},
      "var_51867":{"x":22.03,"y":24.554},
      "c_136836":{"x":0.41043,"y":19.501},
      "c_124333":{"x":1.8753,"y":15.585},
      "c_142620":{"x":23.694,"y":26.002},
      "c_3898":{"x":27.125,"y":20.123},
      "c_22526":{"x":28.255,"y":23.188},
      "c_92850":{"x":6.1184,"y":5.588},
      "c_78059":{"x":11.754,"y":11.705},
      "c_115618":{"x":26.34,"y":2.8303},
      "c_45523":{"x":24.24,"y":20.444},
      "c_24817":{"x":7.0427,"y":33.123},
      "c_127225":{"x":29.598,"y":3.5713},
      "c_131236":{"x":1.3639,"y":10.274},
      "c_91384":{"x":10.51,"y":3.22},
      "c_131628":{"x":25.897,"y":23.031},
      "c_131783":{"x":2.8305,"y":12.924},
      "c_154233":{"x":0.52404,"y":16.602},
      "c_157985":{"x":20.164,"y":26.066},
      "c_111365":{"x":30.167,"y":14.406},
      "var_51976":{"x":28.561,"y":9.6257},
      "c_6029":{"x":11.315,"y":11.084},
      "c_138954":{"x":12.991,"y":0.13287},
      "c_133187":{"x":30.104,"y":3.6098},
      "c_122672":{"x":12.374,"y":3.5399},
      "c_128660":{"x":10.062,"y":10.856},
      "var_51850":{"x":10.625,"y":9.722},
      "var_51853":{"x":9.2898,"y":11.492},
      "var_51852":{"x":8.7837,"y":9.404},
      "c_149740":{"x":20.435,"y":23.83},
      "var_51857":{"x":8.9736,"y":13.818},
      "var_51856":{"x":11.392,"y":12.357},
      "var_51858":{"x":9.6852,"y":16.154},
      "c_146210":{"x":10.639,"y":8.308},
      "c_83471":{"x":11.138,"y":9.2818},
      "c_81454":{"x":0.66896,"y":8.9968},
      "var_51824":{"x":0.88519,"y":9.2477},
      "var_51825":{"x":0.43327,"y":19.113},
      "var_51827":{"x":0.49069,"y":16.121},
      "var_51820":{"x":0.44953,"y":9.2538},
      "var_51821":{"x":1.3411,"y":21.779},
      "var_51829":{"x":1.2474,"y":12.883},
      "c_141952":{"x":29.159,"y":2.7566},
      "c_149110":{"x":0.076389,"y":16.356},
      "c_153071":{"x":19.449,"y":22.54},
      "c_158752":{"x":27.962,"y":23.419},
      "c_115085":{"x":13.143,"y":4.4056},
      "c_70472":{"x":9.0996,"y":2.6555},
      "c_114567":{"x":1.4764,"y":11.61},
      "var_51918":{"x":23.338,"y":2.4012},
      "c_145380":{"x":15.846,"y":22.173},
      "c_132334":{"x":0.86743,"y":14.525},
      "c_76236":{"x":33.483,"y":16.443},
      "var_51910":{"x":5.6159,"y":15.754},
      "var_51911":{"x":4.9791,"y":9.2398},
      "var_51912":{"x":6.5902,"y":6.1384},
      "var_51915":{"x":6.7745,"y":12.026},
      "var_51916":{"x":9.1058,"y":4.0116},
      "var_51917":{"x":11.921,"y":2.4578},
      "c_154807":{"x":0.43418,"y":17.64},
      "c_123485":{"x":14.056,"y":21.376},
      "c_126553":{"x":18.685,"y":23.603},
      "c_110360":{"x":17.113,"y":2.1006},
      "c_126657":{"x":5.2686,"y":27.978},
      "c_158053":{"x":6.1697,"y":21.112},
      "c_79647":{"x":14.805,"y":3.931},
      "c_57484":{"x":21.902,"y":25.157},
      "c_80059":{"x":6.1855,"y":27.778},
      "c_136998":{"x":33.039,"y":18.785},
      "c_70799":{"x":18.268,"y":19.321},
      "c_157928":{"x":25.089,"y":4.5269},
      "c_87689":{"x":27.754,"y":20.632},
      "c_136584":{"x":29.214,"y":4.1089},
      "c_122730":{"x":11.634,"y":16.756},
      "c_157088":{"x":27.134,"y":4.3281},
      "c_138494":{"x":25.346,"y":25.933},
      "c_150816":{"x":13.684,"y":18.019},
      "c_145530":{"x":22.399,"y":25.576},
      "c_157791":{"x":27.517,"y":23.245},
      "c_35226":{"x":30.649,"y":4.2444},
      "var_51921":{"x":18.842,"y":2.6083},
      "var_51920":{"x":23.279,"y":3.4988},
      "var_51923":{"x":15.897,"y":2.9819},
      "var_51922":{"x":26.91,"y":5.5624},
      "var_51925":{"x":13.676,"y":4.9876},
      "var_51924":{"x":29.246,"y":5.0509},
      "var_51927":{"x":11.925,"y":7.9101},
      "var_51926":{"x":30.852,"y":4.7374},
      "var_51928":{"x":11.948,"y":10.336},
      "var_51887":{"x":16.987,"y":20.852},
      "var_51884":{"x":26.19,"y":20.462},
      "var_51882":{"x":19.51,"y":19.149},
      "var_51883":{"x":22.236,"y":20.326},
      "var_51880":{"x":23.539,"y":18.835},
      "var_51889":{"x":29.125,"y":20.463},
      "c_103456":{"x":1.6445,"y":11.514},
      "var_51954":{"x":28.865,"y":14.782},
      "var_51955":{"x":26.716,"y":15.312},
      "var_51956":{"x":24.335,"y":16.286},
      "var_51957":{"x":24.874,"y":17.8},
      "var_51950":{"x":24.608,"y":23.957},
      "var_51818":{"x":3.3876,"y":23.653},
      "var_51952":{"x":27.097,"y":21.992},
      "var_51953":{"x":28.317,"y":19.179},
      "var_51814":{"x":5.9903,"y":30.113},
      "var_51817":{"x":5.1799,"y":25.567},
      "var_51816":{"x":5.604,"y":27.936},
      "var_51811":{"x":6.9245,"y":32.611},
      "var_51959":{"x":21.878,"y":17.174},
      "var_51812":{"x":6.5302,"y":31.587},
      "c_124326":{"x":14.242,"y":1.248},
      "c_5055":{"x":3.9332,"y":10.289},
      "c_65719":{"x":29.246,"y":8.3659},
      "c_135408":{"x":5.8104,"y":10.627},
      "c_147835":{"x":29.739,"y":20.743},
      "c_12313":{"x":18.499,"y":21.29},
      "c_61039":{"x":13.257,"y":2.9515},
      "c_23956":{"x":22.715,"y":17.489},
      "c_122334":{"x":31.85,"y":13.544},
      "c_1266":{"x":22.397,"y":20.821},
      "c_11764":{"x":11.118,"y":2.2069},
      "c_108126":{"x":3.1783,"y":7.2787},
      "c_130010":{"x":17.408,"y":2.7896},
      "c_129214":{"x":1.4181,"y":9.6601},
      "c_72224":{"x":4.8612,"y":25.984},
      "c_103141":{"x":15.346,"y":17.177},
      "c_100178":{"x":22.418,"y":24.125},
      "c_24096":{"x":30.082,"y":20.109},
      "c_22807":{"x":11.891,"y":17.862},
      "c_108908":{"x":28.15,"y":3.1717},
      "c_51179":{"x":4.2142,"y":24.687},
      "c_157883":{"x":27.723,"y":20.458},
      "c_17507":{"x":0.68187,"y":22.115},
      "var_51842":{"x":25.349,"y":2.7532},
      "var_51843":{"x":13.919,"y":0.35161},