
{
  "id": "p_000124_00005931",
  "layout": {
    "vars": {"var_38597":{"x":7.1978,"y":16.498},
      "clause_121917":{"x":51.385,"y":28.936},
      "var_54832":{"x":2.1354,"y":21.141},
      "clause_124066":{"x":29.953,"y":33.682},
      "clause_126816":{"x":42.353,"y":28.19},
      "clause_122394":{"x":20.024,"y":26.85},
      "clause_126246":{"x":45.206,"y":32.201},
      "var_82109":{"x":56.948,"y":20.669},
      "var_82108":{"x":54.67,"y":33.224},
      "clause_7467":{"x":34.551,"y":11.964},
      "clause_61571":{"x":35.735,"y":19.443},
      "clause_61572":{"x":35.583,"y":19.663},
      "var_92270":{"x":32.083,"y":12.393},
      "var_54740":{"x":1.3104,"y":25.187},
      "clause_124387":{"x":45.23,"y":5.0402},
      "clause_122416":{"x":48.332,"y":44.774},
      "var_54747":{"x":4.0761,"y":18.888},
      "clause_18124":{"x":1.6895,"y":27.893},
      "clause_108346":{"x":4.9782,"y":39.747},
      "clause_49908":{"x":45.685,"y":45.674},
      "clause_124389":{"x":31.554,"y":3.725},
      "clause_9263":{"x":6.2406,"y":35.532},
      "var_108566":{"x":35.709,"y":26.826},
      "clause_94749":{"x":44.626,"y":0.56952},
      "clause_152703":{"x":43.449,"y":17.763},
      "clause_125093":{"x":42.19,"y":33.806},
      "clause_125092":{"x":42.426,"y":33.72},
      "clause_113722":{"x":37.085,"y":12.456},
      "clause_57477":{"x":39.199,"y":23.591},
      "clause_57478":{"x":39.442,"y":23.447},
      "var_101772":{"x":42.244,"y":8.036},
      "clause_148696":{"x":0.11011,"y":24.105},
      "var_4453":{"x":4.9314,"y":32.313},
      "clause_125099":{"x":48.045,"y":21.756},
      "clause_125098":{"x":48.131,"y":22.032},
      "var_92384":{"x":40.983,"y":18.571},
      "clause_104570":{"x":44.626,"y":32.253},
      "clause_118298":{"x":6.0793,"y":30.773},
      "var_4677":{"x":2.2693,"y":30.569},
      "clause_147185":{"x":33.59,"y":14.729},
      "var_4463":{"x":44.497,"y":50.986},
      "clause_143292":{"x":51.817,"y":22.242},
      "var_29337":{"x":44.014,"y":0.67818},
      "var_82115":{"x":47.694,"y":44.592},
      "var_82116":{"x":49.638,"y":28.16},
      "var_82117":{"x":52.838,"y":29.556},
      "var_82110":{"x":17.411,"y":29.991},
      "var_82111":{"x":48.183,"y":45.403},
      "clause_61569":{"x":36.329,"y":21.599},
      "clause_61568":{"x":36.324,"y":21.23},
      "clause_37238":{"x":36.804,"y":5.2416},
      "clause_151831":{"x":7.647,"y":14.926},
      "clause_128149":{"x":51.763,"y":29.616},
      "var_82118":{"x":24.75,"y":25.337},
      "var_82119":{"x":21.451,"y":26.746},
      "var_95376":{"x":37.177,"y":33.454},
      "clause_131261":{"x":21.748,"y":25.949},
      "var_92507":{"x":51.54,"y":17.691},
      "clause_126165":{"x":37.263,"y":35.565},
      "var_101797":{"x":45.878,"y":9.2649},
      "clause_8162":{"x":30.154,"y":34.215},
      "clause_155247":{"x":18.48,"y":16.905},
      "var_108599":{"x":35.784,"y":5.6416},
      "var_29131":{"x":45.967,"y":33.629},
      "var_108555":{"x":35.281,"y":30.107},
      "clause_135577":{"x":26.267,"y":20.432},
      "var_47158":{"x":8.3262,"y":13.893},
      "clause_40471":{"x":41.705,"y":7.2054},
      "var_29137":{"x":45.171,"y":33.544},
      "clause_126081":{"x":36.682,"y":38.337},
      "clause_8112":{"x":32.188,"y":6.1453},
      "clause_105941":{"x":26.31,"y":7.39},
      "var_4588":{"x":4.9252,"y":30.585},
      "var_101827":{"x":45.824,"y":11.273},
      "var_107958":{"x":7.7456,"y":14.361},
      "clause_125089":{"x":27.233,"y":24.478},
      "clause_94974":{"x":39.468,"y":19.814},
      "clause_94975":{"x":39.302,"y":19.598},
      "clause_124037":{"x":2.9044,"y":35.719},
      "clause_121857":{"x":23.039,"y":26.161},
      "clause_111235":{"x":35.624,"y":4.7992},
      "clause_7179":{"x":43.534,"y":51.765},
      "var_114730":{"x":40.515,"y":23.267},
      "var_5023":{"x":11.657,"y":24.114},
      "clause_25837":{"x":45.746,"y":50.943},
      "clause_5211":{"x":41.514,"y":55.973},
      "var_55294":{"x":3.3667,"y":37.567},
      "var_5025":{"x":45.783,"y":48.056},
      "clause_94084":{"x":46.195,"y":34.452},
      "clause_136904":{"x":6.4819,"y":17.26},
      "clause_9078":{"x":42.686,"y":55.331},
      "var_82078":{"x":41.2,"y":30.616},
      "clause_125109":{"x":47.374,"y":27.058},
      "var_82072":{"x":45.685,"y":43.092},
      "var_82071":{"x":18.825,"y":26.501},
      "var_82070":{"x":54.737,"y":21.387},
      "var_82076":{"x":29.945,"y":23.797},
      "clause_158998":{"x":41.635,"y":23.427},
      "clause_59961":{"x":18.453,"y":15.759},
      "clause_106837":{"x":36.958,"y":18.271},
      "clause_121249":{"x":18.466,"y":28.111},
      "clause_40507":{"x":46.734,"y":9.0741},
      "var_38487":{"x":10.707,"y":19.219},
      "var_23669":{"x":27.092,"y":7.2163},
      "var_92353":{"x":47.781,"y":14.174},
      "var_92352":{"x":48.39,"y":14.704},
      "clause_106838":{"x":36.72,"y":18.359},
      "var_82069":{"x":53.563,"y":30.889},
      "var_95385":{"x":36.126,"y":37.439},
      "clause_128111":{"x":17.888,"y":28.302},
      "clause_141055":{"x":0.93766,"y":25.344},
      "clause_134281":{"x":26.809,"y":12.325},
      "clause_115532":{"x":2.2299,"y":35.116},
      "clause_9884":{"x":37.471,"y":30.18},
      "var_95389":{"x":37.132,"y":37.279},
      "var_108096":{"x":8.8598,"y":14.565},
      "clause_105411":{"x":45.415,"y":34.311},
      "var_95316":{"x":29.22,"y":36.091},
      "var_32533":{"x":31.87,"y":20.945},
      "clause_143336":{"x":44.269,"y":38.798},
      "var_32534":{"x":28.649,"y":13.492},
      "clause_114580":{"x":37.635,"y":18.485},
      "clause_148513":{"x":0.83725,"y":23.659},
      "clause_135464":{"x":20.412,"y":18.408},
      "clause_94594":{"x":43.278,"y":0.076389},
      "clause_123794":{"x":27.276,"y":11.897},
      "clause_35840":{"x":35.087,"y":30.989},
      "clause_106922":{"x":37.668,"y":24.069},
      "clause_106923":{"x":37.901,"y":24.091},
      "clause_134375":{"x":33.109,"y":21.2},
      "var_95318":{"x":31.277,"y":4.1697},
      "clause_114581":{"x":37.883,"y":18.448},
      "var_108436":{"x":33.45,"y":29.765},
      "clause_159001":{"x":41.857,"y":21.534},
      "var_32594":{"x":33.676,"y":17.873},
      "var_32592":{"x":43.092,"y":11.493},
      "clause_159005":{"x":39.578,"y":26.022},
      "clause_159004":{"x":33.866,"y":22.593},
      "var_54833":{"x":0.91808,"y":22.317},
      "clause_117968":{"x":5.6616,"y":33.762},
      "var_114911":{"x":13.069,"y":20.802},
      "clause_53220":{"x":51.609,"y":17.114},
      "var_55358":{"x":4.4299,"y":39.279},
      "var_92347":{"x":45.09,"y":16.381},
      "var_32590":{"x":34.908,"y":21.453},
      "var_29112":{"x":43.959,"y":30.619},
      "clause_7191":{"x":8.5982,"y":27.858},
      "clause_56235":{"x":2.3625,"y":32.333},
      "clause_138446":{"x":28.185,"y":7.4045},
      "var_95395":{"x":37.674,"y":26.691},
      "clause_151340":{"x":43.119,"y":17.299},
      "clause_125090":{"x":27.309,"y":24.744},
      "clause_100702":{"x":34.344,"y":20.901},
      "clause_100703":{"x":34.318,"y":21.149},
      "clause_92901":{"x":46.146,"y":5.5511},
      "var_114710":{"x":42.947,"y":25.306},
      "clause_7362":{"x":32.874,"y":28.965},
      "clause_52450":{"x":36.798,"y":24.161},
      "var_92298":{"x":35.25,"y":17.278},
      "clause_152825":{"x":50.005,"y":18.231},
      "clause_159345":{"x":41.933,"y":24.455},
      "var_115061":{"x":13.352,"y":22.164},
      "var_82113":{"x":56.309,"y":21.9},
      "clause_122739":{"x":30.678,"y":10.331},
      "clause_2832":{"x":54.427,"y":34.049},
      "var_4454":{"x":41.799,"y":55.54},
      "var_95322":{"x":29.025,"y":35.19},
      "var_55556":{"x":2.2093,"y":33.936},
      "clause_124138":{"x":32.731,"y":6.3519},
      "var_95324":{"x":32.174,"y":4.6199},
      "clause_126844":{"x":40.213,"y":16.534},
      "clause_122323":{"x":54.916,"y":32.561},
      "var_108608":{"x":43.293,