
{
  "id": "p_000169_00021444",
  "layout": {
    "vars": {
      "c_126247":{"x":19.668,"y":3.2282},
      "c_76697":{"x":16.654,"y":9.5177},
      "c_24716":{"x":28.6,"y":15.462},
      "var_51412":{"x":53.255,"y":22.796},
      "c_135940":{"x":45.657,"y":1.3011},
      "c_150618":{"x":51.282,"y":47.838},
      "c_37497":{"x":54.561,"y":42.896},
      "var_51393":{"x":50.385,"y":21.486},
      "c_25795":{"x":1.1768,"y":19.732},
      "c_148526":{"x":60.317,"y":34.615},
      "c_116410":{"x":17.279,"y":43.681},
      "var_51199":{"x":6.5367,"y":5.2082},
      "var_51190":{"x":40.158,"y":9.0235},
      "var_51192":{"x":39.202,"y":30.475},
      "var_51194":{"x":54.086,"y":45.402},
      "c_82144":{"x":12.235,"y":25.665},
      "c_82145":{"x":12.13,"y":26.096},
      "c_54992":{"x":20.426,"y":2.4086},
      "var_51525":{"x":0.13848,"y":22.113},
      "var_50982":{"x":47.775,"y":30.535},
      "var_50983":{"x":54.459,"y":36.307},
      "var_51480":{"x":20.02,"y":33.939},
      "c_76132":{"x":9.4284,"y":35.855},
      "c_84843":{"x":18.431,"y":44.902},
      "var_52019":{"x":38.903,"y":14.926},
      "var_50963":{"x":5.7251,"y":40.002},
      "var_50960":{"x":8.1888,"y":37.837},
      "c_38284":{"x":54.845,"y":43.731},
      "var_50964":{"x":5.9787,"y":39.53},
      "c_74748":{"x":33.025,"y":15.441},
      "var_51048":{"x":18.944,"y":45.651},
      "var_51049":{"x":17.733,"y":43.649},
      "var_51169":{"x":7.6451,"y":36.347},
      "var_51044":{"x":41.159,"y":6.7917},
      "var_51045":{"x":14.619,"y":40.064},
      "var_51734":{"x":9.2706,"y":15.331},
      "var_51735":{"x":7.289,"y":14.801},
      "var_51631":{"x":46.217,"y":4.345},
      "var_51633":{"x":45.194,"y":2.2932},
      "var_51632":{"x":44.473,"y":4.9834},
      "c_37585":{"x":41.809,"y":31.063},
      "c_118384":{"x":7.4196,"y":41.722},
      "c_76276":{"x":10.144,"y":37.053},
      "var_51226":{"x":44.659,"y":17.284},
      "var_51225":{"x":44.97,"y":16.879},
      "c_150214":{"x":36.583,"y":27.829},
      "c_59949":{"x":13.133,"y":9.4166},
      "c_77107":{"x":35.421,"y":29.135},
      "c_42408":{"x":11.647,"y":39.481},
      "c_76592":{"x":2.1205,"y":5.517},
      "c_24517":{"x":7.3639,"y":14.392},
      "c_150592":{"x":35.74,"y":4.6474},
      "var_51596":{"x":41.966,"y":9.0948},
      "var_51597":{"x":46.108,"y":0.62164},
      "var_51459":{"x":15.986,"y":27.065},
      "var_51591":{"x":45.779,"y":0.076389},
      "var_51593":{"x":37.445,"y":14.862},
      "var_51456":{"x":14.934,"y":28.657},
      "var_51598":{"x":45.426,"y":12.006},
      "var_51599":{"x":36.161,"y":10.595},
      "var_51452":{"x":23.324,"y":24.663},
      "var_51356":{"x":12.107,"y":40.208},
      "var_51357":{"x":11.172,"y":38.296},
      "var_51097":{"x":51.817,"y":47.325},
      "c_75505":{"x":56.04,"y":30.018},
      "var_51683":{"x":10.486,"y":6.2584},
      "var_51684":{"x":8.9461,"y":3.8995},
      "c_76703":{"x":18.414,"y":9.272},
      "var_51378":{"x":59.202,"y":30.449},
      "c_76701":{"x":18.268,"y":10.416},
      "var_51078":{"x":37.578,"y":27.507},
      "c_76171":{"x":9.4437,"y":36.362},
      "c_44290":{"x":27.834,"y":17.146},
      "c_76179":{"x":11.338,"y":37.834},
      "var_50923":{"x":38.804,"y":12.867},
      "c_127224":{"x":9.5649,"y":2.0236},
      "c_24541":{"x":46.822,"y":4.6271},
      "c_57846":{"x":6.1268,"y":24.472},
      "c_82119":{"x":8.3569,"y":5.8631},
      "c_82118":{"x":8.3791,"y":5.5528},
      "c_48068":{"x":57.752,"y":22.499},
      "c_131232":{"x":9.8042,"y":26.332},
      "var_50928":{"x":1.5559,"y":6.1081},
      "var_51006":{"x":6.3758,"y":33.513},
      "c_51293":{"x":58.681,"y":18.318},
      "var_51004":{"x":8.0255,"y":44.101},
      "var_51005":{"x":7.0186,"y":42.829},
      "var_51778":{"x":26.335,"y":15.812},
      "var_51003":{"x":9.2428,"y":45.237},
      "var_51000":{"x":8.2148,"y":40.413},
      "var_51677":{"x":13.868,"y":6.5698},
      "var_51673":{"x":6.8023,"y":1.2957},
      "var_51672":{"x":9.0044,"y":2.4693},
      "var_51679":{"x":10.157,"y":2.4093},
      "var_51678":{"x":11.744,"y":3.9344},
      "c_74436":{"x":24.269,"y":20.696},
      "var_51071":{"x":27.259,"y":18.031},
      "c_77346":{"x":33.069,"y":9.7657},
      "var_52020":{"x":57.317,"y":24.718},
      "var_52023":{"x":55.737,"y":14.058},
      "c_42871":{"x":5.2046,"y":24.404},
      "var_50853":{"x":53.427,"y":45.051},
      "var_50851":{"x":35.507,"y":27.655},
      "c_107843":{"x":51.798,"y":20.544},
      "c_38316":{"x":52.919,"y":46.489},
      "var_50881":{"x":3.1055,"y":5.061},
      "var_51709":{"x":19.493,"y":2.6156},
      "c_82598":{"x":52.731,"y":27.483},
      "c_82611":{"x":54.155,"y":26.584},
      "c_82616":{"x":54.054,"y":27.108},
      "c_82617":{"x":53.76,"y":27.17},
      "c_74475":{"x":1.3299,"y":22.116},
      "c_35863":{"x":5.7295,"y":25.463},
      "var_51704":{"x":52.951,"y":10.24},
      "c_38480":{"x":53.663,"y":45.876},
      "c_107954":{"x":53.285,"y":22.396},
      "c_85026":{"x":58.75,"y":38.8},
      "c_76850":{"x":37.046,"y":12.522},
      "c_154644":{"x":7.4984,"y":18.142},
      "c_108610":{"x":58.773,"y":29.951},
      "c_107849":{"x":51.871,"y":20.945},
      "c_56200":{"x":9.5849,"y":4.2441},
      "c_109088":{"x":54.005,"y":22.625},
      "c_38892":{"x":47.518,"y":19.4},
      "c_24642":{"x":0.076389,"y":21.399},
      "c_127778":{"x":11.119,"y":2.8428},
      "c_28874":{"x":18.151,"y":26.052},
      "c_44093":{"x":57.988,"y":30.464},
      "var_51401":{"x":52.919,"y":24.618},
      "var_51404":{"x":53.334,"y":20.506},
      "var_51409":{"x":53.428,"y":25.397},
      "c_76232":{"x":9.3078,"y":37.667},
      "c_73139":{"x":45.037,"y":3.3678},
      "c_109362":{"x":53.811,"y":24.02},
      "c_119901":{"x":12.366,"y":42.74},
      "c_2218":{"x":51.882,"y":24.292},
      "var_51532":{"x":49.814,"y":49.425},
      "var_51531":{"x":48.441,"y":50.572},
      "c_56408":{"x":7.7891,"y":1.4432},
      "var_50955":{"x":4.6448,"y":37.122},
      "var_50954":{"x":3.3889,"y":37.301},
      "c_24450":{"x":21.918,"y":2.5599},
      "var_50951":{"x":6.7474,"y":35.935},
      "c_154956":{"x":7.6782,"y":22.382},
      "var_51177":{"x":43.214,"y":31.349},
      "c_77746":{"x":7.5831,"y":37.083},
      "var_51171":{"x":36.826,"y":3.3324},
      "var_51077":{"x":31.952,"y":22.914},
      "var_51076":{"x":1.0816,"y":20.738},
      "var_51074":{"x":2.3728,"y":23.598},
      "var_51178":{"x":54.927,"y":41.675},
      "var_51070":{"x":10.368,"y":42.123},
      "var_51745":{"x":5.5013,"y":23.11},
      "c_76066":{"x":3.7851,"y":37.653},
      "var_51741":{"x":8.7119,"y":18.847},
      "var_51740":{"x":12.862,"y":13.963},
      "var_51749":{"x":6.8239,"y":17.673},
      "var_51624":{"x":17.942,"y":8.5763},
      "var_50882":{"x":35.587,"y":11.851},
      "c_35254":{"x":42.202,"y":12.346},
      "c_35255":{"x":34.93,"y":10.001},
      "c_84942":{"x":9.1612,"y":44.283},
      "c_84943":{"x":8.8034,"y":44.715},
      "c_38584":{"x":38.278,"y":9.8096},
      "c_114698":{"x":59.175,"y":32.38},
      "c_27953":{"x":50.874,"y":23.796},
      "c_74725":{"x":9.9518,"y":40.88},
      "c_84844":{"x":18.739,"y":44.44},
      "c_98748":{"x":59.969,"y":22.573},
      "c_75379":{"x":2.3021,"y":31.02},
      "var_51366":{"x":58.022,"y":31.172},
      "c_56817":{"x":13.852,"y":8.5824},
      "c_57813":{"x":5.0254,"y":26.379},
      "c_107850":{"x":50.331,"y":22.824},
      "c_36019":{"x":45.369,"y":0.11415},
      "c_74543":{"x":11.045,"y":42.853},
      "c_82612":{"x":54.456,"y":26.611},
      "c_75891":{"x":12.767,"y":31.689},
      "c_75894":{"x":13.982,"y":32.8},
      "c_58264":{"x":18.451,"y":2.8574},
      "var_50918":{"x":16.229,"y":8.3816},
      "var_50911":{"x":19.032,"y":9.885},
      "var_51484":{"x":0.94028,"y":24.075},
      "c_32446":{"x":50.701,"y":48.398},
      "c_150413":{"x":46.387,