
{
  "id": "p_000137_00021484",
  "layout": {
    "vars": {
      "c_153654":{"x":28.467,"y":10.361},
      "c_155178":{"x":4.0545,"y":18.798},
      "c_119740":{"x":9.6911,"y":7.6107},
      "c_18019":{"x":27.286,"y":20.725},
      "c_121491":{"x":15.123,"y":15.257},
      "c_159049":{"x":7.1388,"y":14.19},
      "c_118663":{"x":22.774,"y":14.799},
      "var_66768":{"x":24.011,"y":6.2522},
      "c_322":{"x":5.6254,"y":16.928},
      "c_127898":{"x":17.474,"y":10.002},
      "var_66763":{"x":16.55,"y":8.0847},
      "c_109358":{"x":15.305,"y":25.15},
      "c_152651":{"x":0.71839,"y":14.775},
      "c_127861":{"x":15.432,"y":8.0158},
      "c_130621":{"x":22.632,"y":6.9871},
      "c_66043":{"x":22.99,"y":23.7},
      "c_20479":{"x":24.377,"y":21.33},
      "c_20475":{"x":23.778,"y":24.83},
      "c_45441":{"x":30.999,"y":8.9392},
      "c_44568":{"x":28.352,"y":8.8439},
      "c_112450":{"x":23.971,"y":14.226},
      "var_65778":{"x":1.6211,"y":9.6092},
      "c_128025":{"x":15.733,"y":12.92},
      "var_65774":{"x":11.794,"y":10.496},
      "c_124166":{"x":18.787,"y":3.9377},
      "c_118389":{"x":10.595,"y":9.2617},
      "var_67466":{"x":25.685,"y":25.564},
      "c_123034":{"x":27.118,"y":2.9646},
      "var_68741":{"x":2.8836,"y":19.272},
      "var_68740":{"x":1.1346,"y":13.667},
      "var_68743":{"x":0.77674,"y":15.792},
      "var_68742":{"x":1.889,"y":17.454},
      "var_66798":{"x":27.815,"y":1.4238},
      "var_67390":{"x":31.284,"y":16.757},
      "c_130149":{"x":27.478,"y":23.03},
      "c_112172":{"x":26.509,"y":17.682},
      "c_112173":{"x":26.748,"y":17.562},
      "c_111850":{"x":33.608,"y":20.986},
      "c_159178":{"x":26.943,"y":22.717},
      "c_108492":{"x":22.263,"y":9.5025},
      "c_127644":{"x":19.393,"y":7.2515},
      "var_65964":{"x":28.029,"y":16.405},
      "c_127520":{"x":19.497,"y":13.044},
      "var_67457":{"x":9.941,"y":21.348},
      "var_67458":{"x":13.542,"y":25.074},
      "c_18279":{"x":29.684,"y":22.291},
      "c_45624":{"x":25.39,"y":0.076389},
      "c_124483":{"x":21.566,"y":23.904},
      "c_113466":{"x":22.34,"y":4.3687},
      "c_113465":{"x":22.145,"y":4.3214},
      "c_153742":{"x":30.79,"y":13.437},
      "var_65786":{"x":0.55803,"y":12.009},
      "c_51027":{"x":15.61,"y":2.4311},
      "var_65783":{"x":2.1173,"y":9.5346},
      "c_113469":{"x":27.783,"y":6.718},
      "c_113468":{"x":27.587,"y":6.704},
      "c_131091":{"x":10.92,"y":18.875},
      "c_64681":{"x":24.269,"y":28.238},
      "c_120556":{"x":15.444,"y":12.657},
      "c_117831":{"x":27.778,"y":17.622},
      "c_117832":{"x":31.016,"y":18.76},
      "c_121674":{"x":22.581,"y":12.083},
      "c_112310":{"x":2.8859,"y":19.814},
      "c_112311":{"x":2.7415,"y":20.044},
      "var_65736":{"x":31.152,"y":19.107},
      "var_65735":{"x":25.731,"y":16.44},
      "var_65734":{"x":29.923,"y":18.604},
      "c_127899":{"x":15.855,"y":10.249},
      "c_43871":{"x":29.41,"y":9.3406},
      "c_118772":{"x":18.355,"y":14.591},
      "c_113036":{"x":25.238,"y":23.49},
      "c_113037":{"x":25.231,"y":23.224},
      "c_120814":{"x":21.518,"y":15.348},
      "var_66780":{"x":27.105,"y":21.41},
      "var_67356":{"x":23.739,"y":22.564},
      "c_159302":{"x":26.682,"y":20.881},
      "var_67358":{"x":21.117,"y":18.241},
      "c_55071":{"x":1.083,"y":16.707},
      "c_159118":{"x":13.466,"y":23.668},
      "c_118057":{"x":0.66288,"y":11.625},
      "var_67439":{"x":20.513,"y":24.699},
      "var_66829":{"x":27.755,"y":4.4262},
      "c_108615":{"x":11.414,"y":12.426},
      "var_67132":{"x":13.675,"y":15.084},
      "var_67134":{"x":15.294,"y":20.221},
      "c_15254":{"x":25.299,"y":22.55},
      "var_66850":{"x":14.235,"y":2.7088},
      "c_159270":{"x":25.987,"y":17.584},
      "var_66856":{"x":31.104,"y":10.011},
      "var_66855":{"x":31.821,"y":12.353},
      "c_21640":{"x":12.086,"y":25.34},
      "c_14280":{"x":22.392,"y":22.389},
      "c_89114":{"x":27.751,"y":10.194},
      "c_18956":{"x":24.777,"y":27.798},
      "var_65902":{"x":9.347,"y":7.8499},
      "var_65903":{"x":9.8745,"y":8.2765},
      "c_124472":{"x":21.75,"y":21.828},
      "c_123256":{"x":14.794,"y":16.944},
      "var_66775":{"x":23.486,"y":9.7763},
      "var_66022":{"x":7.7928,"y":16.222},
      "var_66020":{"x":2.5372,"y":20.46},
      "var_66021":{"x":5.0779,"y":18.172},
      "c_16133":{"x":11.134,"y":15.202},
      "var_66025":{"x":4.4673,"y":15.794},
      "c_20469":{"x":24.84,"y":23.468},
      "c_128739":{"x":19.116,"y":22.389},
      "c_123323":{"x":12.387,"y":6.8044},
      "c_143228":{"x":13.89,"y":10.072},
      "var_69197":{"x":20.793,"y":6.4911},
      "var_69195":{"x":18.445,"y":6.6256},
      "c_153527":{"x":23.723,"y":1.0572},
      "c_112363":{"x":26.098,"y":18.58},
      "c_112449":{"x":24.162,"y":14.139},
      "c_145051":{"x":19.168,"y":23.16},
      "c_112364":{"x":26.3,"y":18.556},
      "c_112934":{"x":25.623,"y":29.516},
      "c_112935":{"x":25.494,"y":30.116},
      "var_66800":{"x":26.258,"y":0.31301},
      "c_12906":{"x":24.693,"y":13.071},
      "c_43840":{"x":29.158,"y":7.8435},
      "c_153822":{"x":32.448,"y":4.8914},
      "c_129139":{"x":15.505,"y":11.047},
      "c_108309":{"x":14.361,"y":14.667},
      "c_129037":{"x":22.163,"y":5.8451},
      "c_121149":{"x":14.594,"y":15.823},
      "c_121148":{"x":15.43,"y":18.249},
      "var_66519":{"x":16.919,"y":11.776},
      "var_67385":{"x":21.162,"y":21.504},
      "c_112144":{"x":27.696,"y":15.449},
      "c_112143":{"x":27.582,"y":15.281},
      "c_159067":{"x":2.7562,"y":20.936},
      "var_67446":{"x":26.632,"y":21.95},
      "var_67445":{"x":26.912,"y":19.216},
      "var_67440":{"x":22.096,"y":25.141},
      "var_65944":{"x":14.657,"y":14.125},
      "c_127100":{"x":17.929,"y":19.776},
      "c_49353":{"x":28.067,"y":8.2995},
      "c_45883":{"x":32.012,"y":11.079},
      "c_51059":{"x":12.912,"y":3.3249},
      "var_65831":{"x":34.087,"y":21.483},
      "var_65832":{"x":32.686,"y":20.463},
      "c_153778":{"x":16.336,"y":3.6123},
      "c_40985":{"x":25.439,"y":9.2298},
      "c_153488":{"x":27.319,"y":20.223},
      "c_120791":{"x":14.906,"y":12.278},
      "c_27472":{"x":23.505,"y":19.029},
      "c_159361":{"x":11.004,"y":9.766},
      "c_123669":{"x":14.255,"y":16.97},
      "c_44548":{"x":29.126,"y":7.3599},
      "var_66799":{"x":24.469,"y":0.11556},
      "c_120941":{"x":8.9498,"y":14.218},
      "var_68904":{"x":26.036,"y":23.44},
      "c_113492":{"x":16.076,"y":6.4031},
      "c_113491":{"x":16.311,"y":6.3717},
      "c_159104":{"x":10.309,"y":19.279},
      "var_66830":{"x":28.671,"y":5.9722},
      "var_66835":{"x":30.069,"y":9.6961},
      "var_66836":{"x":30.376,"y":8.4021},
      "c_118054":{"x":1.0862,"y":10.391},
      "c_108374":{"x":2.454,"y":17.967},
      "var_68833":{"x":29.864,"y":11.327},
      "var_68832":{"x":29.179,"y":14.286},
      "var_68830":{"x":13.161,"y":5.4086},
      "var_68837":{"x":32.36,"y":4.212},
      "var_67129":{"x":15.932,"y":16.213},
      "c_113056":{"x":22.788,"y":19.504},
      "var_68839":{"x":30.62,"y":5.9948},
      "c_113055":{"x":22.89,"y":19.331},
      "c_118468":{"x":24.831,"y":19.534},
      "var_66848":{"x":17.079,"y":2.9585},
      "var_66849":{"x":20.404,"y":5.5235},
      "var_66847":{"x":12.037,"y":4.6239},
      "c_155194":{"x":1.5643,"y":14.418},
      "c_44642":{"x":15.342,"y":22.746},
      "c_159033":{"x":24.7,"y":29.342},
      "c_88812":{"x":29.956,"y":12.837},
      "var_101481":{"x":22.249,"y":12.655},
      "var_65972":{"x":7.7544,"y":14.172},
      "c_11099":{"x":26.658,"y":30.229},
      "c_127661":{"x":16.534,"y":7.5389},
      "c_122970":{"x":18.707,"y":16.409},
      "var_67409":{"x":28.445,"y":21.379},
      "var_67408":{"x":29.082,"y":22.936},
      "var_68903":{"x":26.412,"y":20.584},