
{
  "id": "p_000151_00001321",
  "layout": {
    "vars": {
      "c_154242":{"x":31.924,"y":36.827},
      "c_123377":{"x":39.006,"y":16.013},
      "c_158970":{"x":21.14,"y":1.9943},
      "var_66233":{"x":17.07,"y":30.026},
      "c_118051":{"x":12.905,"y":13.476},
      "var_67777":{"x":2.0522,"y":23.142},
      "var_66103":{"x":21.894,"y":37.551},
      "c_47296":{"x":27.937,"y":0.7127},
      "c_129174":{"x":22.14,"y":5.0059},
      "c_157814":{"x":0.90011,"y":14.747},
      "c_123186":{"x":38.658,"y":17.406},
      "c_156222":{"x":13.958,"y":15.03},
      "c_155777":{"x":16.387,"y":23.488},
      "c_51505":{"x":43.883,"y":20.04},
      "c_18805":{"x":15.738,"y":24.609},
      "var_66255":{"x":30.891,"y":36.247},
      "c_127978":{"x":36.222,"y":3.792},
      "var_66124":{"x":22.653,"y":35.447},
      "c_134483":{"x":28.434,"y":1.7713},
      "var_66250":{"x":17.932,"y":33.129},
      "c_145273":{"x":7.871,"y":12.771},
      "c_130733":{"x":20.497,"y":4.1388},
      "var_66552":{"x":34.697,"y":4.2344},
      "c_156072":{"x":18.938,"y":11.504},
      "var_67343":{"x":35.954,"y":20.651},
      "c_17694":{"x":18.031,"y":11.826},
      "var_67347":{"x":37.731,"y":13.533},
      "var_101463":{"x":16.083,"y":27.869},
      "var_68765":{"x":25.507,"y":38.891},
      "var_101464":{"x":12.128,"y":12.379},
      "var_113590":{"x":17.496,"y":11.385},
      "c_144647":{"x":19.983,"y":8.5094},
      "var_67733":{"x":0.97732,"y":21.514},
      "c_84470":{"x":41.571,"y":18.806},
      "var_67779":{"x":0.40135,"y":21.059},
      "var_67875":{"x":4.9174,"y":15.295},
      "c_113355":{"x":0.95297,"y":20.004},
      "var_67154":{"x":42.179,"y":25.251},
      "c_111632":{"x":4.366,"y":14.53},
      "c_113356":{"x":0.51096,"y":20.012},
      "c_97490":{"x":31.081,"y":1.1428},
      "var_101496":{"x":27.348,"y":21.46},
      "c_111639":{"x":20.368,"y":33.82},
      "var_101494":{"x":19.533,"y":9.5368},
      "c_113625":{"x":35.005,"y":3.2646},
      "c_113624":{"x":35.262,"y":2.9745},
      "var_101490":{"x":11.565,"y":10.83},
      "var_66784":{"x":21.413,"y":5.7068},
      "c_24143":{"x":43.138,"y":16.994},
      "var_67767":{"x":0.71392,"y":22.133},
      "c_130744":{"x":21.821,"y":3.7657},
      "var_67916":{"x":4.7418,"y":17.942},
      "c_155808":{"x":16.155,"y":25.596},
      "var_66566":{"x":37.17,"y":6.0429},
      "c_112418":{"x":33.102,"y":36.066},
      "var_66568":{"x":37.528,"y":5.949},
      "var_66563":{"x":36.077,"y":3.4962},
      "c_159194":{"x":42.005,"y":15.371},
      "c_121110":{"x":41.957,"y":24.894},
      "var_66249":{"x":19.305,"y":33.776},
      "var_68932":{"x":0.5515,"y":15.978},
      "c_116744":{"x":28.189,"y":38.333},
      "var_68930":{"x":2.7894,"y":11.438},
      "var_68931":{"x":1.4728,"y":13.582},
      "c_107080":{"x":27.127,"y":35.714},
      "c_95921":{"x":3.3326,"y":12.824},
      "c_142685":{"x":4.9061,"y":16.667},
      "var_67899":{"x":6.8815,"y":13.082},
      "var_113583":{"x":15.104,"y":24.549},
      "c_156615":{"x":17.113,"y":18.954},
      "c_127308":{"x":24.635,"y":1.8615},
      "var_66239":{"x":26.77,"y":38.06},
      "c_124046":{"x":31.818,"y":21.524},
      "c_125320":{"x":30.971,"y":2.0645},
      "c_63322":{"x":42.803,"y":15.578},
      "c_157834":{"x":0.59514,"y":17.868},
      "var_68593":{"x":13.726,"y":14.545},
      "c_155613":{"x":17.909,"y":16.961},
      "c_155611":{"x":17.089,"y":20.311},
      "c_155595":{"x":16.48,"y":17.74},
      "var_66561":{"x":36.022,"y":5.7808},
      "c_51421":{"x":30.054,"y":0.27784},
      "var_67919":{"x":2.6178,"y":13.233},
      "c_155751":{"x":15.652,"y":28.297},
      "c_109070":{"x":22.564,"y":38.844},
      "c_109074":{"x":22.988,"y":38.739},
      "c_158725":{"x":37.177,"y":13.12},
      "c_138981":{"x":29.416,"y":38.107},
      "c_121128":{"x":43.021,"y":24.737},
      "var_68820":{"x":33.025,"y":1.0242},
      "var_66575":{"x":24.247,"y":1.6103},
      "c_113745":{"x":30.57,"y":1.1694},
      "c_126797":{"x":37.957,"y":16.808},
      "c_142246":{"x":1.7013,"y":16.397},
      "c_121127":{"x":42.464,"y":24.712},
      "c_121124":{"x":42.543,"y":25.288},
      "var_67159":{"x":41.979,"y":25.972},
      "c_156846":{"x":5.0193,"y":21.014},
      "var_66809":{"x":27.484,"y":0.076389},
      "var_66813":{"x":28.521,"y":1.2412},
      "c_142699":{"x":7.9896,"y":10.415},
      "c_96164":{"x":3.2575,"y":13.374},
      "c_129193":{"x":23.734,"y":3.4941},
      "var_67156":{"x":42.837,"y":25.172},
      "var_68582":{"x":18.164,"y":15.292},
      "var_68581":{"x":18.683,"y":12.089},
      "c_124215":{"x":36.978,"y":19.38},
      "var_68587":{"x":24.103,"y":21.128},
      "var_67166":{"x":41.187,"y":24.747},
      "c_95383":{"x":16.444,"y":29.477},
      "var_66817":{"x":29.699,"y":1.9752},
      "var_67914":{"x":8.4456,"y":9.97},
      "var_66814":{"x":27.248,"y":1.3779},
      "c_118439":{"x":25.773,"y":21.288},
      "var_66558":{"x":37.023,"y":4.4253},
      "var_67913":{"x":7.5537,"y":11.104},
      "var_66812":{"x":30.415,"y":0.5129},
      "c_109065":{"x":23.327,"y":38.323},
      "var_66257":{"x":27.475,"y":38.656},
      "c_96969":{"x":1.9265,"y":13.247},
      "c_111712":{"x":31.465,"y":35.437},
      "var_66264":{"x":28.737,"y":37.88},
      "c_113379":{"x":3.4527,"y":10.779},
      "var_66810":{"x":32.17,"y":1.9226},
      "c_140373":{"x":1.1918,"y":22.731},
      "c_140372":{"x":0.90222,"y":22.379},
      "var_67912":{"x":8.6616,"y":12.204},
      "var_66122":{"x":23.996,"y":35.758},
      "c_75057":{"x":2.0875,"y":12.462},
      "c_121131":{"x":42.822,"y":23.441},
      "c_121132":{"x":43.325,"y":23.833},
      "c_110167":{"x":23.301,"y":35.492},
      "var_67319":{"x":38.132,"y":18.113},
      "c_155934":{"x":22.455,"y":20.534},
      "var_66256":{"x":31.928,"y":34.726},
      "var_67418":{"x":42.449,"y":17.457},
      "var_113594":{"x":23.529,"y":22.507},
      "var_66099":{"x":20.456,"y":37.265},
      "var_67341":{"x":30.367,"y":21.597},
      "c_132540":{"x":33.791,"y":1.4877},
      "c_14051":{"x":29.994,"y":36.862},
      "c_109096":{"x":21.241,"y":38.232},
      "c_107974":{"x":42.75,"y":20.136},
      "var_67396":{"x":35.22,"y":24.361},
      "var_67395":{"x":35.931,"y":22.926},
      "var_67394":{"x":33.233,"y":21.342},
      "var_68594":{"x":15.415,"y":16.772},
      "c_27487":{"x":10.97,"y":11.044},
      "c_91687":{"x":25.885,"y":1.8425},
      "var_66803":{"x":22.852,"y":1.7665},
      "var_67772":{"x":0.076389,"y":21.096},
      "var_66808":{"x":28.859,"y":0.23323},
      "var_66556":{"x":36.821,"y":5.6829},
      "c_127981":{"x":35.833,"y":5.1023},
      "c_127987":{"x":37.158,"y":5.0977},
      "var_67903":{"x":4.7846,"y":20.196},
      "c_140328":{"x":0.78917,"y":20.768},
      "var_68697":{"x":18.646,"y":10.916},
      "c_140369":{"x":1.7884,"y":22.185},
      "c_25461":{"x":43.838,"y":17.572},
      "var_68693":{"x":15.752,"y":25.917},
      "c_112273":{"x":24.217,"y":38.883},
      "c_127138":{"x":42.647,"y":18.01},
      "var_67187":{"x":38.872,"y":15.46},
      "c_145231":{"x":4.7546,"y":19.143},
      "var_68891":{"x":44.004,"y":18.749},
      "c_157854":{"x":2.7974,"y":11.753},
      "c_140363":{"x":1.541,"y":22.857},
      "c_111610":{"x":18.516,"y":33.447},
      "c_131169":{"x":28.174,"y":0.089562},
      "var_67788":{"x":2.9523,"y":17.962},
      "var_113598":{"x":14.48,"y":13.488},
      "c_111647":{"x":17.942,"y":31.13},
      "c_124295":{"x":34.607,"y":21.039},
      "var_66513":{"x":36.073,"y":4.1145},
      "c_15945":{"x":32.219,"y":34.131},
      "var_66211":{"x":25.311,"y":35.372},
      "var_66260":{"x":31.076,"y":36.982},
      "c_116545":{"x":39.458,"y":18.14},
      "c_11413":{"x":2.3076,"y":14.651},
      "var_67786":{"x":3.3702,"y":16.595},
      "var_66261":{"x":28.818,"y":36.405},
      "c_156836":{"x":3.9851,"y":9.7186},