
{
  "id": "p_000166_00005946",
  "layout": {
    "vars": {"var_31893":{"x":21.497,"y":31.992},
      "clause_33842":{"x":20.38,"y":27.865},
      "var_31891":{"x":30.647,"y":3.4231},
      "clause_88271":{"x":36.623,"y":13.724},
      "var_31896":{"x":0.31994,"y":12.26},
      "var_31894":{"x":15.763,"y":38.905},
      "clause_144009":{"x":0.68565,"y":7.1079},
      "var_31890":{"x":1.5474,"y":6.7007},
      "clause_19434":{"x":55.111,"y":29.39},
      "clause_127600":{"x":61.362,"y":37.367},
      "clause_114556":{"x":41.564,"y":35.018},
      "clause_142504":{"x":16.024,"y":37.712},
      "clause_114991":{"x":62.573,"y":17.075},
      "clause_91070":{"x":5.5336,"y":24.098},
      "var_86957":{"x":24.482,"y":64.633},
      "var_86919":{"x":39.105,"y":0.076389},
      "clause_2266":{"x":7.7271,"y":14.868},
      "clause_2264":{"x":2.1473,"y":22.943},
      "clause_40569":{"x":28.727,"y":52.626},
      "clause_106660":{"x":56.41,"y":49.657},
      "clause_59019":{"x":42.41,"y":44.672},
      "clause_59010":{"x":35.528,"y":30.038},
      "clause_82392":{"x":62.518,"y":24.514},
      "var_31879":{"x":14.299,"y":32.781},
      "var_31878":{"x":1.4275,"y":5.2447},
      "clause_29692":{"x":56.928,"y":34.114},
      "clause_56025":{"x":44.767,"y":44.615},
      "var_31875":{"x":32.219,"y":3.6537},
      "var_31874":{"x":0.27861,"y":7.8595},
      "var_31876":{"x":31.942,"y":2.4445},
      "clause_28115":{"x":75.267,"y":7.0572},
      "clause_111324":{"x":35.772,"y":54.499},
      "clause_74584":{"x":15.52,"y":33.067},
      "clause_74581":{"x":16.155,"y":31.652},
      "clause_75649":{"x":16.271,"y":34.353},
      "clause_145327":{"x":1.1587,"y":5.9341},
      "clause_32166":{"x":34.953,"y":45.249},
      "clause_116801":{"x":3.3635,"y":19.469},
      "clause_121815":{"x":50.057,"y":12.728},
      "clause_121814":{"x":49.97,"y":12.468},
      "clause_105385":{"x":48.176,"y":41.982},
      "clause_121819":{"x":24.995,"y":64.52},
      "clause_121818":{"x":25.217,"y":63.608},
      "clause_7189":{"x":21.604,"y":12.94},
      "clause_112745":{"x":49.213,"y":33.246},
      "clause_115540":{"x":21.391,"y":18.028},
      "var_86883":{"x":59.873,"y":9.2144},
      "var_86881":{"x":74.523,"y":6.2605},
      "clause_10196":{"x":48.277,"y":45.291},
      "clause_33793":{"x":16.012,"y":32.829},
      "var_86956":{"x":31.298,"y":44.469},
      "clause_103308":{"x":17.335,"y":18.699},
      "var_86951":{"x":58.438,"y":8.3842},
      "clause_145506":{"x":63.43,"y":38.921},
      "var_86958":{"x":25.712,"y":64.767},
      "clause_65492":{"x":30.429,"y":19.769},
      "clause_88394":{"x":17.921,"y":36.223},
      "clause_88399":{"x":7.9548,"y":23.124},
      "var_31835":{"x":77.764,"y":33.044},
      "clause_2259":{"x":5.406,"y":25.952},
      "var_31836":{"x":64.489,"y":39.775},
      "clause_142490":{"x":15.13,"y":39.079},
      "clause_2250":{"x":21.268,"y":14.357},
      "clause_2257":{"x":13.26,"y":15.705},
      "var_86921":{"x":18.186,"y":30.696},
      "var_86925":{"x":30.818,"y":65.835},
      "var_86924":{"x":16.897,"y":33.237},
      "clause_128795":{"x":32.114,"y":60.879},
      "clause_31067":{"x":57.669,"y":9.5824},
      "var_87034":{"x":36.035,"y":52.879},
      "var_87035":{"x":33.332,"y":60.975},
      "var_87036":{"x":33.431,"y":58.61},
      "var_87037":{"x":30.98,"y":63.072},
      "var_87030":{"x":49.037,"y":24.427},
      "var_87031":{"x":48.252,"y":26.108},
      "var_87032":{"x":48.089,"y":19.667},
      "var_87033":{"x":35.581,"y":55.939},
      "var_31837":{"x":56.066,"y":37.003},
      "clause_73308":{"x":34.588,"y":55.669},
      "clause_76411":{"x":79.89,"y":24.864},
      "clause_87021":{"x":30.018,"y":13.014},
      "var_31948":{"x":48.412,"y":7.3199},
      "clause_141175":{"x":50.288,"y":14.587},
      "var_81001":{"x":1.3472,"y":19.065},
      "var_81000":{"x":18.176,"y":21.934},
      "var_31839":{"x":62.19,"y":37.922},
      "clause_58986":{"x":60.232,"y":27.133},
      "clause_63053":{"x":80.312,"y":18.242},
      "clause_58983":{"x":56.057,"y":35.094},
      "clause_145370":{"x":2.0809,"y":5.3363},
      "clause_112542":{"x":33.873,"y":51.4},
      "clause_98150":{"x":3.0908,"y":3.3027},
      "clause_86718":{"x":44.217,"y":13.397},
      "var_119105":{"x":81.52,"y":25.401},
      "var_119104":{"x":54.3,"y":47.396},
      "var_119106":{"x":83.105,"y":26.7},
      "var_119101":{"x":55.757,"y":49.477},
      "var_119103":{"x":52.204,"y":44.045},
      "var_119102":{"x":55.125,"y":45.786},
      "var_31884":{"x":20.535,"y":31.482},
      "var_31886":{"x":3.2227,"y":4.794},
      "var_31887":{"x":16.017,"y":36.104},
      "var_31880":{"x":12.775,"y":33.892},
      "var_31882":{"x":2.4532,"y":4.0534},
      "var_31883":{"x":20.395,"y":29.992},
      "clause_106779":{"x":82.63,"y":25.971},
      "var_31888":{"x":14.677,"y":38.203},
      "clause_75789":{"x":48.28,"y":29.485},
      "var_119084":{"x":59.849,"y":37.562},
      "var_119083":{"x":62.71,"y":37.235},
      "clause_100517":{"x":52.777,"y":14.643},
      "clause_62855":{"x":82.344,"y":19.872},
      "clause_150175":{"x":79.0,"y":27.881},
      "clause_87846":{"x":32.823,"y":11.658},
      "clause_156944":{"x":3.2293,"y":21.622},
      "var_72566":{"x":81.713,"y":19.38},
      "var_72567":{"x":83.052,"y":21.835},
      "var_80989":{"x":15.108,"y":32.541},
      "clause_88291":{"x":31.419,"y":13.979},
      "clause_28195":{"x":58.862,"y":10.349},
      "var_80980":{"x":20.569,"y":38.716},
      "var_80983":{"x":15.361,"y":33.521},
      "var_80985":{"x":40.423,"y":13.463},
      "var_80984":{"x":32.633,"y":6.501},
      "var_86969":{"x":78.034,"y":15.541},
      "var_86965":{"x":35.973,"y":29.408},
      "var_86964":{"x":42.285,"y":34.07},
      "var_86966":{"x":37.181,"y":27.962},
      "var_86963":{"x":40.923,"y":35.883},
      "clause_80064":{"x":21.644,"y":27.568},
      "clause_145494":{"x":59.172,"y":37.53},
      "clause_133958":{"x":25.94,"y":17.574},
      "clause_142394":{"x":29.422,"y":53.344},
      "clause_142989":{"x":48.276,"y":8.5716},
      "clause_100027":{"x":29.16,"y":16.026},
      "clause_148246":{"x":48.405,"y":48.513},
      "clause_139502":{"x":48.616,"y":25.226},
      "clause_148244":{"x":51.454,"y":47.09},
      "var_31904":{"x":1.3978,"y":15.242},
      "var_31900":{"x":0.91091,"y":9.1376},
      "clause_140574":{"x":5.1475,"y":21.9},
      "clause_147985":{"x":63.514,"y":36.623},
      "var_86862":{"x":28.266,"y":65.012},
      "clause_141475":{"x":39.717,"y":31.029},
      "clause_98111":{"x":4.0303,"y":4.2736},
      "var_86867":{"x":75.899,"y":8.0554},
      "clause_10522":{"x":51.746,"y":43.563},
      "clause_141226":{"x":60.613,"y":8.5213},
      "var_42051":{"x":58.254,"y":25.281},
      "var_42050":{"x":61.452,"y":24.695},
      "var_42052":{"x":57.61,"y":31.224},
      "clause_45058":{"x":13.686,"y":11.719},
      "clause_90668":{"x":72.972,"y":35.372},
      "clause_15700":{"x":23.593,"y":11.742},
      "clause_145345":{"x":32.223,"y":2.6212},
      "clause_41365":{"x":79.136,"y":17.228},
      "clause_98181":{"x":68.679,"y":38.234},
      "clause_113638":{"x":54.262,"y":33.817},
      "var_81043":{"x":23.479,"y":17.343},
      "var_81042":{"x":21.836,"y":15.134},
      "var_81041":{"x":19.397,"y":18.855},
      "var_81040":{"x":15.227,"y":18.639},
      "var_81044":{"x":28.45,"y":17.928},
      "var_119075":{"x":57.041,"y":49.725},
      "var_81049":{"x":5.3638,"y":25.129},
      "var_81048":{"x":2.7465,"y":22.412},
      "clause_143361":{"x":57.241,"y":22.538},
      "clause_88255":{"x":33.879,"y":11.548},
      "clause_88251":{"x":11.432,"y":22.099},
      "clause_41493":{"x":78.406,"y":17.606},
      "clause_120315":{"x":48.046,"y":16.562},
      "clause_145514":{"x":15.335,"y":37.533},
      "clause_114235":{"x":50.549,"y":36.313},