
{
  "id": "p_000126_00021645",
  "layout": {
    "vars": {
      "var_37512":{"x":1.86,"y":28.625},
      "var_49080":{"x":4.5933,"y":34.906},
      "c_153901":{"x":49.007,"y":16.197},
      "var_37749":{"x":37.43,"y":7.2987},
      "var_37519":{"x":38.268,"y":14.798},
      "c_116224":{"x":27.931,"y":18.829},
      "c_142382":{"x":3.2055,"y":29.7},
      "c_72559":{"x":54.562,"y":37.826},
      "var_38212":{"x":55.046,"y":37.33},
      "c_144923":{"x":47.547,"y":12.761},
      "c_121613":{"x":3.8427,"y":29.065},
      "c_12710":{"x":42.211,"y":43.647},
      "var_116898":{"x":3.7227,"y":27.769},
      "c_23302":{"x":44.8,"y":43.41},
      "c_144769":{"x":48.681,"y":14.49},
      "c_122419":{"x":48.876,"y":15.101},
      "c_12477":{"x":0.15618,"y":23.395},
      "c_143626":{"x":30.501,"y":13.514},
      "c_131682":{"x":19.644,"y":10.573},
      "c_27755":{"x":22.846,"y":0.72258},
      "c_143211":{"x":3.1828,"y":31.247},
      "c_143456":{"x":53.203,"y":38.727},
      "c_141871":{"x":1.7048,"y":28.179},
      "c_115514":{"x":0.38202,"y":25.051},
      "c_145973":{"x":58.034,"y":30.993},
      "c_3012":{"x":21.732,"y":1.1835},
      "c_56047":{"x":23.295,"y":2.9602},
      "c_146593":{"x":56.787,"y":34.112},
      "c_12759":{"x":8.9369,"y":40.775},
      "var_37638":{"x":52.252,"y":39.026},
      "c_142875":{"x":50.094,"y":32.765},
      "var_37635":{"x":50.28,"y":37.748},
      "var_37750":{"x":35.731,"y":7.6515},
      "c_4784":{"x":15.476,"y":5.47},
      "c_126767":{"x":48.023,"y":14.826},
      "var_37693":{"x":27.652,"y":19.594},
      "var_37690":{"x":30.796,"y":14.44},
      "c_137035":{"x":48.43,"y":16.898},
      "var_37696":{"x":25.759,"y":22.521},
      "var_38023":{"x":17.85,"y":33.771},
      "var_37694":{"x":28.409,"y":18.04},
      "var_37695":{"x":23.534,"y":26.792},
      "c_142768":{"x":50.005,"y":35.973},
      "c_147803":{"x":20.126,"y":32.558},
      "c_88107":{"x":27.59,"y":20.297},
      "c_94277":{"x":20.317,"y":3.7721},
      "c_88109":{"x":18.845,"y":12.147},
      "c_122986":{"x":14.141,"y":37.009},
      "c_142761":{"x":34.704,"y":6.2735},
      "c_27752":{"x":24.985,"y":2.4733},
      "c_44242":{"x":21.381,"y":6.5853},
      "c_121051":{"x":10.972,"y":38.585},
      "c_157311":{"x":49.136,"y":26.89},
      "c_142442":{"x":2.8527,"y":29.445},
      "c_144157":{"x":20.783,"y":33.733},
      "c_144156":{"x":27.02,"y":20.305},
      "var_37912":{"x":57.944,"y":31.511},
      "c_120973":{"x":3.0685,"y":30.872},
      "var_69535":{"x":0.076389,"y":24.088},
      "c_12375":{"x":40.578,"y":4.0759},
      "var_69537":{"x":0.78192,"y":20.635},
      "var_37597":{"x":3.6438,"y":30.492},
      "var_114533":{"x":3.814,"y":28.067},
      "var_114537":{"x":38.491,"y":15.86},
      "c_136962":{"x":25.24,"y":22.911},
      "c_142963":{"x":32.632,"y":10.703},
      "var_37994":{"x":9.1524,"y":35.822},
      "var_37624":{"x":33.824,"y":8.4007},
      "c_142335":{"x":51.447,"y":27.113},
      "c_7382":{"x":17.492,"y":35.56},
      "var_37623":{"x":20.053,"y":5.1172},
      "var_69680":{"x":45.552,"y":43.136},
      "c_143963":{"x":21.462,"y":31.991},
      "var_37689":{"x":29.713,"y":14.01},
      "var_38034":{"x":18.859,"y":34.198},
      "var_38035":{"x":16.059,"y":36.765},
      "c_142298":{"x":48.238,"y":15.097},
      "var_38030":{"x":16.387,"y":33.874},
      "c_122533":{"x":4.1341,"y":29.289},
      "c_145180":{"x":57.751,"y":32.154},
      "c_88115":{"x":24.832,"y":10.185},
      "var_69601":{"x":34.767,"y":1.8571},
      "c_142992":{"x":34.004,"y":14.573},
      "c_157070":{"x":46.326,"y":42.688},
      "var_69605":{"x":36.663,"y":2.3499},
      "var_69604":{"x":37.369,"y":0.9251},
      "c_142323":{"x":37.498,"y":15.306},
      "c_151178":{"x":56.51,"y":34.791},
      "c_114022":{"x":49.826,"y":42.32},
      "c_114023":{"x":49.272,"y":41.826},
      "var_38090":{"x":56.805,"y":34.572},
      "c_81746":{"x":48.256,"y":20.463},
      "c_150189":{"x":4.9241,"y":32.12},
      "c_126668":{"x":51.027,"y":27.561},
      "c_3078":{"x":14.077,"y":5.8677},
      "var_37612":{"x":31.441,"y":13.166},
      "c_23175":{"x":44.301,"y":22.23},
      "c_143130":{"x":50.867,"y":28.189},
      "c_88072":{"x":38.063,"y":7.1759},
      "var_37967":{"x":17.615,"y":38.922},
      "c_88127":{"x":33.355,"y":11.095},
      "c_115154":{"x":42.521,"y":22.376},
      "var_37999":{"x":4.2671,"y":35.372},
      "var_38003":{"x":18.925,"y":40.576},
      "c_148565":{"x":6.6137,"y":34.38},
      "c_48880":{"x":47.223,"y":24.512},
      "var_37678":{"x":32.682,"y":11.534},
      "c_53709":{"x":35.239,"y":2.9162},
      "c_53800":{"x":36.198,"y":3.3588},
      "c_112441":{"x":2.0827,"y":29.98},
      "var_69596":{"x":38.298,"y":3.0762},
      "var_69595":{"x":40.084,"y":3.6068},
      "c_125353":{"x":8.34,"y":38.999},
      "var_69593":{"x":48.766,"y":19.589},
      "var_69592":{"x":47.774,"y":21.4},
      "var_69591":{"x":48.592,"y":22.013},
      "c_94252":{"x":21.17,"y":4.247},
      "var_69615":{"x":49.435,"y":42.834},
      "c_143421":{"x":51.295,"y":38.394},
      "c_131368":{"x":3.7571,"y":27.147},
      "var_114539":{"x":48.425,"y":14.477},
      "c_145243":{"x":57.438,"y":32.489},
      "var_49083":{"x":47.068,"y":41.943},
      "c_4893":{"x":20.728,"y":2.0165},
      "var_114497":{"x":20.746,"y":2.5518},
      "c_145110":{"x":50.291,"y":29.45},
      "c_121028":{"x":5.4101,"y":34.374},
      "c_129558":{"x":39.338,"y":3.178},
      "c_114467":{"x":29.147,"y":11.806},
      "var_49089":{"x":5.3861,"y":36.929},
      "c_92904":{"x":19.358,"y":41.122},
      "var_114498":{"x":22.354,"y":3.4923},
      "c_27731":{"x":17.749,"y":2.2262},
      "c_27733":{"x":13.629,"y":6.9613},
      "var_37604":{"x":48.656,"y":15.682},
      "c_148375":{"x":4.0767,"y":34.857},
      "c_41352":{"x":0.46184,"y":24.477},
      "var_37977":{"x":3.8152,"y":34.424},
      "c_120056":{"x":24.623,"y":24.676},
      "c_143146":{"x":47.933,"y":15.957},
      "var_64684":{"x":49.089,"y":28.716},
      "c_145528":{"x":49.662,"y":39.104},
      "c_115412":{"x":30.102,"y":14.548},
      "var_37805":{"x":51.373,"y":33.208},
      "c_148809":{"x":18.907,"y":33.812},
      "c_83734":{"x":5.6932,"y":37.687},
      "var_64683":{"x":37.306,"y":14.194},
      "var_69588":{"x":42.484,"y":23.352},
      "var_69589":{"x":42.528,"y":21.276},
      "var_38016":{"x":18.066,"y":39.874},
      "c_152895":{"x":9.8031,"y":40.313},
      "c_56124":{"x":21.495,"y":1.7128},
      "var_69590":{"x":46.055,"y":23.11},
      "c_129449":{"x":37.026,"y":1.4385},
      "c_94221":{"x":18.229,"y":5.4728},
      "var_37787":{"x":48.093,"y":13.503},
      "var_38145":{"x":56.104,"y":35.747},
      "c_95151":{"x":3.1662,"y":28.38},
      "var_37782":{"x":50.224,"y":31.143},
      "c_158992":{"x":3.1962,"y":32.796},
      "c_157323":{"x":37.848,"y":17.288},
      "c_142436":{"x":2.6182,"y":29.956},
      "var_69498":{"x":1.8603,"y":30.579},
      "var_118618":{"x":2.3283,"y":30.335},
      "var_69502":{"x":51.376,"y":40.43},
      "c_143555":{"x":22.467,"y":28.866},
      "var_69504":{"x":39.176,"y":18.311},
      "var_69505":{"x":48.39,"y":25.828},
      "var_69506":{"x":49.076,"y":17.621},
      "var_114564":{"x":24.277,"y":2.7795},
      "c_113690":{"x":32.074,"y":11.178},
      "c_125359":{"x":5.9473,"y":36.562},
      "var_49079":{"x":9.6908,"y":39.365},
      "var_114563":{"x":22.236,"y":1.15},
      "c_121022":{"x":4.5642,"y":35.606},
      "c_114368":{"x":31.352,"y":12.224},
      "var_114566":{"x":17.443,"y":2.7473},
      "c_21629":{"x":48.816,"y":43.286},
      "c_122722":{"x":16.999,"y":37.701},
      "var_37940":{"x":48.963,"y":40.337},
      "var_37614":{"x":50.213,"y":34.375},
      "c_137071":{"x":38.011,"y":17.101},
      "c_155403":{"x":2.4641,"y":31.139},
      "var_37798":{"x":52.289,"y":32.008},