
{
  "id": "p_000153_00001647",
  "layout": {
    "vars": {
      "var_68017":{"x":17.628,"y":47.138},
      "c_111479":{"x":24.291,"y":0.59781},
      "var_66928":{"x":53.168,"y":28.583},
      "c_125823":{"x":34.325,"y":32.818},
      "c_125792":{"x":25.164,"y":48.202},
      "var_66923":{"x":54.144,"y":24.598},
      "c_125824":{"x":34.122,"y":33.149},
      "c_114579":{"x":27.671,"y":6.8042},
      "c_123701":{"x":17.011,"y":22.125},
      "c_6317":{"x":52.827,"y":17.624},
      "var_68253":{"x":30.36,"y":44.456},
      "c_23069":{"x":34.295,"y":37.217},
      "c_180":{"x":50.507,"y":19.642},
      "var_66325":{"x":21.399,"y":0.38678},
      "c_158878":{"x":12.592,"y":5.4023},
      "var_66327":{"x":23.572,"y":0.38646},
      "var_66321":{"x":19.704,"y":1.2905},
      "c_144840":{"x":20.704,"y":2.423},
      "c_112139":{"x":29.646,"y":4.0516},
      "c_113808":{"x":54.413,"y":23.974},
      "c_121726":{"x":43.484,"y":27.555},
      "var_68390":{"x":26.177,"y":47.022},
      "var_68557":{"x":30.86,"y":27.484},
      "c_57777":{"x":23.861,"y":5.0313},
      "c_154492":{"x":30.089,"y":34.876},
      "var_68710":{"x":37.908,"y":22.592},
      "c_112944":{"x":0.19592,"y":24.476},
      "c_112943":{"x":0.75512,"y":24.609},
      "c_111243":{"x":2.8064,"y":28.7},
      "var_68714":{"x":29.252,"y":35.512},
      "c_97036":{"x":31.298,"y":20.982},
      "c_156979":{"x":4.0166,"y":34.483},
      "var_68925":{"x":0.27511,"y":25.934},
      "var_68927":{"x":1.4574,"y":31.101},
      "var_68926":{"x":2.7601,"y":32.428},
      "var_68928":{"x":0.48831,"y":28.846},
      "c_122485":{"x":40.923,"y":26.823},
      "var_113595":{"x":34.128,"y":35.829},
      "c_113968":{"x":27.999,"y":5.0357},
      "c_136955":{"x":41.263,"y":27.792},
      "c_127519":{"x":4.9609,"y":26.159},
      "var_66931":{"x":53.44,"y":28.01},
      "var_66486":{"x":23.554,"y":3.7731},
      "c_154270":{"x":35.789,"y":25.61},
      "var_66481":{"x":13.134,"y":4.7756},
      "var_66482":{"x":17.441,"y":3.483},
      "var_66483":{"x":21.268,"y":4.5041},
      "c_96411":{"x":22.424,"y":4.2684},
      "c_22270":{"x":31.994,"y":17.365},
      "c_15743":{"x":15.793,"y":6.7793},
      "c_22406":{"x":19.697,"y":23.878},
      "var_101498":{"x":37.1,"y":34.675},
      "var_101499":{"x":35.193,"y":33.532},
      "c_131346":{"x":47.395,"y":32.236},
      "var_66337":{"x":24.607,"y":0.25693},
      "c_158868":{"x":32.062,"y":5.8645},
      "var_66335":{"x":25.494,"y":0.95511},
      "var_66332":{"x":24.976,"y":1.091},
      "var_68010":{"x":16.808,"y":43.764},
      "var_66330":{"x":22.114,"y":0.076389},
      "var_67087":{"x":51.842,"y":18.349},
      "c_67781":{"x":1.9155,"y":31.714},
      "c_114240":{"x":24.577,"y":3.374},
      "var_67084":{"x":48.655,"y":29.541},
      "var_67082":{"x":46.633,"y":21.873},
      "c_49130":{"x":24.878,"y":47.391},
      "c_111466":{"x":21.134,"y":0.56319},
      "c_111468":{"x":21.768,"y":1.2837},
      "c_114561":{"x":29.623,"y":9.626},
      "var_67080":{"x":44.764,"y":27.375},
      "c_111467":{"x":20.837,"y":0.8421},
      "var_67089":{"x":53.492,"y":21.225},
      "var_67088":{"x":52.319,"y":17.58},
      "c_121609":{"x":51.922,"y":17.353},
      "c_117987":{"x":22.75,"y":47.529},
      "var_67533":{"x":1.1018,"y":21.366},
      "c_121863":{"x":47.665,"y":26.595},
      "c_80350":{"x":15.57,"y":3.1457},
      "var_113587":{"x":37.764,"y":27.504},
      "c_157069":{"x":1.3835,"y":28.391},
      "var_68386":{"x":27.791,"y":47.364},
      "var_67538":{"x":2.2097,"y":20.108},
      "var_66945":{"x":53.748,"y":28.786},
      "var_66947":{"x":55.187,"y":26.823},
      "var_67653":{"x":5.8777,"y":23.776},
      "c_11659":{"x":22.826,"y":45.953},
      "var_68690":{"x":32.567,"y":21.013},
      "var_68020":{"x":15.812,"y":45.678},
      "c_154474":{"x":33.174,"y":20.169},
      "var_68022":{"x":15.209,"y":44.56},
      "c_156096":{"x":28.211,"y":27.169},
      "c_134210":{"x":0.89825,"y":30.005},
      "c_139100":{"x":30.334,"y":44.981},
      "c_156688":{"x":23.81,"y":49.206},
      "c_141245":{"x":5.3621,"y":21.106},
      "c_134772":{"x":15.214,"y":21.529},
      "var_66942":{"x":53.169,"y":25.916},
      "c_114276":{"x":24.942,"y":48.31},
      "var_67092":{"x":50.726,"y":18.036},
      "var_67093":{"x":50.6,"y":21.447},
      "c_133803":{"x":32.709,"y":41.408},
      "c_154063":{"x":53.958,"y":21.889},
      "var_68000":{"x":15.035,"y":43.939},
      "var_66479":{"x":24.973,"y":2.7768},
      "var_66478":{"x":16.069,"y":5.998},
      "c_142527":{"x":32.479,"y":14.417},
      "c_42414":{"x":0.20798,"y":27.482},
      "c_113949":{"x":30.094,"y":8.6832},
      "c_111474":{"x":21.224,"y":1.0645},
      "c_125687":{"x":0.85199,"y":21.98},
      "var_66471":{"x":31.195,"y":9.0246},
      "var_66470":{"x":30.437,"y":10.835},
      "c_114385":{"x":30.544,"y":5.2627},
      "var_66472":{"x":32.759,"y":9.8915},
      "var_66474":{"x":29.426,"y":4.8845},
      "var_66477":{"x":17.647,"y":4.2975},
      "c_139431":{"x":6.6507,"y":18.368},
      "c_92460":{"x":3.3405,"y":29.606},
      "var_113573":{"x":32.324,"y":15.779},
      "c_69491":{"x":49.661,"y":24.006},
      "c_20765":{"x":20.83,"y":47.665},
      "c_96494":{"x":23.594,"y":25.794},
      "var_113574":{"x":40.245,"y":27.471},
      "var_113575":{"x":17.817,"y":22.993},
      "c_125677":{"x":1.5558,"y":21.823},
      "c_125676":{"x":0.30714,"y":22.278},
      "var_67511":{"x":0.72675,"y":22.698},
      "c_125673":{"x":0.56424,"y":23.622},
      "var_68950":{"x":20.004,"y":47.343},
      "var_67096":{"x":52.358,"y":20.585},
      "var_66956":{"x":46.82,"y":33.228},
      "var_67701":{"x":3.507,"y":33.856},
      "var_66954":{"x":47.702,"y":30.515},
      "var_67703":{"x":3.8928,"y":28.427},
      "var_67706":{"x":1.919,"y":28.799},
      "var_68584":{"x":25.606,"y":26.829},
      "c_219":{"x":51.206,"y":19.808},
      "c_139259":{"x":51.591,"y":20.957},
      "var_68953":{"x":21.614,"y":47.458},
      "c_125681":{"x":1.4472,"y":21.128},
      "var_66315":{"x":21.071,"y":1.7858},
      "var_68345":{"x":33.5,"y":40.551},
      "c_131361":{"x":48.155,"y":28.614},
      "var_68347":{"x":30.724,"y":44.975},
      "var_66313":{"x":20.207,"y":1.593},
      "c_157845":{"x":31.998,"y":13.684},
      "var_66318":{"x":20.159,"y":0.82817},
      "c_154508":{"x":21.945,"y":29.441},
      "c_113676":{"x":50.785,"y":15.147},
      "c_25052":{"x":19.26,"y":3.9559},
      "c_139667":{"x":8.2811,"y":19.988},
      "var_67535":{"x":1.7519,"y":19.952},
      "c_139658":{"x":13.034,"y":21.766},
      "c_139396":{"x":10.155,"y":21.528},
      "var_67555":{"x":1.2099,"y":20.356},
      "c_138877":{"x":24.514,"y":46.418},
      "var_67557":{"x":1.3423,"y":24.768},
      "var_66461":{"x":31.471,"y":5.4528},
      "var_67998":{"x":18.52,"y":47.032},
      "c_113937":{"x":31.228,"y":12.01},
      "var_67552":{"x":0.076389,"y":23.733},
      "c_125668":{"x":0.76102,"y":21.372},
      "var_68712":{"x":20.953,"y":30.139},
      "var_67067":{"x":46.853,"y":26.116},
      "c_55369":{"x":54.791,"y":21.137},
      "var_68855":{"x":51.191,"y":15.91},
      "var_68854":{"x":54.705,"y":22.657},
      "c_139582":{"x":3.9758,"y":33.494},
      "var_68856":{"x":53.384,"y":17.56},
      "c_142824":{"x":16.513,"y":46.47},
      "var_113580":{"x":31.616,"y":19.096},
      "c_142820":{"x":16.844,"y":45.36},
      "c_125667":{"x":1.0344,"y":23.831},
      "c_122754":{"x":32.003,"y":15.125},
      "var_67691":{"x":8.0237,"y":18.785},
      "var_68590":{"x":33.058,"y":32.384},
      "c_112970":{"x":3.3761,"y":32.916},
      "c_158623":{"x":49.964,"y":13.805},
      "c_26555":{"x":16.73,"y":3.3845},
      "c_111484":{"x":23.128,"y":0.43315},
      "var_66291":{"x":22.546,"y":0.71577},
      "c_139787":{"x":42.375,"y":27.096},
      "var_68694":{"x":36.729,"y":24.557},