
{
  "id": "p_000101_00021266",
  "layout": {
    "vars": {
      "c_9272":{"x":10.278,"y":8.2227},
      "var_43777":{"x":6.7754,"y":10.593},
      "c_11941":{"x":6.5322,"y":25.791},
      "var_46723":{"x":1.4104,"y":21.943},
      "var_46722":{"x":1.1138,"y":20.946},
      "var_46721":{"x":0.076389,"y":18.745},
      "var_46835":{"x":38.789,"y":23.055},
      "c_150560":{"x":16.665,"y":4.8983},
      "var_44733":{"x":15.07,"y":9.1071},
      "var_59521":{"x":37.436,"y":16.518},
      "c_12170":{"x":37.273,"y":19.422},
      "var_43294":{"x":13.571,"y":27.936},
      "var_43576":{"x":6.627,"y":13.384},
      "var_44580":{"x":20.72,"y":2.2881},
      "c_142874":{"x":10.753,"y":28.927},
      "var_44582":{"x":18.891,"y":2.2805},
      "c_40717":{"x":11.2,"y":16.197},
      "var_44588":{"x":18.497,"y":6.9194},
      "c_146028":{"x":16.662,"y":34.381},
      "c_11013":{"x":7.4007,"y":16.385},
      "c_132922":{"x":6.783,"y":27.089},
      "c_39117":{"x":14.723,"y":10.621},
      "c_38974":{"x":23.697,"y":1.5836},
      "var_43766":{"x":2.3243,"y":23.858},
      "c_158756":{"x":14.402,"y":29.239},
      "c_70407":{"x":34.773,"y":22.774},
      "var_43335":{"x":23.59,"y":14.938},
      "var_46775":{"x":19.818,"y":17.16},
      "c_12168":{"x":38.192,"y":23.151},
      "var_44219":{"x":11.505,"y":18.084},
      "c_150171":{"x":19.712,"y":17.974},
      "c_12163":{"x":36.859,"y":22.755},
      "c_12165":{"x":38.725,"y":23.37},
      "c_12164":{"x":36.502,"y":22.199},
      "c_6453":{"x":3.8901,"y":16.363},
      "c_12166":{"x":36.758,"y":20.275},
      "var_43566":{"x":5.0551,"y":14.484},
      "c_5561":{"x":4.2656,"y":12.954},
      "var_43564":{"x":7.9383,"y":13.229},
      "var_43562":{"x":6.2326,"y":14.531},
      "var_43560":{"x":4.6682,"y":17.162},
      "c_9662":{"x":38.823,"y":22.41},
      "c_16455":{"x":12.039,"y":19.81},
      "c_5891":{"x":7.8921,"y":11.316},
      "c_82265":{"x":9.4326,"y":0.32723},
      "var_43716":{"x":6.3332,"y":12.154},
      "var_43568":{"x":12.312,"y":24.486},
      "c_16452":{"x":11.111,"y":17.572},
      "c_9249":{"x":12.471,"y":4.0236},
      "c_5029":{"x":4.7997,"y":24.935},
      "c_12295":{"x":39.052,"y":19.045},
      "var_44793":{"x":37.991,"y":19.235},
      "c_10545":{"x":15.56,"y":17.346},
      "var_44795":{"x":39.217,"y":22.891},
      "var_44796":{"x":38.209,"y":17.103},
      "c_9246":{"x":12.589,"y":4.5699},
      "var_43287":{"x":8.6352,"y":28.47},
      "c_43823":{"x":18.129,"y":12.34},
      "var_43284":{"x":9.2841,"y":28.533},
      "var_43328":{"x":27.719,"y":12.054},
      "var_43282":{"x":15.246,"y":33.059},
      "c_147974":{"x":29.177,"y":11.123},
      "c_6076":{"x":13.889,"y":25.745},
      "c_11496":{"x":39.023,"y":21.475},
      "c_18692":{"x":14.591,"y":24.629},
      "c_11490":{"x":39.191,"y":22.213},
      "c_65514":{"x":2.7006,"y":22.603},
      "var_46864":{"x":17.433,"y":14.313},
      "var_43558":{"x":4.9405,"y":16.066},
      "var_46716":{"x":5.4793,"y":28.467},
      "var_46620":{"x":13.519,"y":29.48},
      "var_46863":{"x":14.592,"y":4.4909},
      "c_10831":{"x":7.3914,"y":20.991},
      "c_66448":{"x":16.617,"y":12.62},
      "var_44797":{"x":39.075,"y":19.279},
      "var_43556":{"x":6.405,"y":24.423},
      "c_11498":{"x":37.669,"y":20.219},
      "var_43529":{"x":4.247,"y":19.718},
      "c_118682":{"x":19.572,"y":15.099},
      "c_17395":{"x":10.09,"y":16.885},
      "c_135677":{"x":3.7623,"y":21.241},
      "c_11306":{"x":6.666,"y":17.763},
      "c_15825":{"x":20.72,"y":16.434},
      "c_16487":{"x":13.234,"y":18.166},
      "c_158842":{"x":14.016,"y":31.223},
      "c_34419":{"x":24.781,"y":3.1149},
      "c_136507":{"x":0.23752,"y":19.75},
      "c_11135":{"x":6.6904,"y":16.327},
      "c_11489":{"x":38.023,"y":18.9},
      "c_82266":{"x":9.3195,"y":1.1921},
      "var_46613":{"x":14.032,"y":34.045},
      "var_46617":{"x":11.032,"y":30.333},
      "c_3534":{"x":13.625,"y":33.262},
      "var_44765":{"x":20.401,"y":1.0607},
      "var_59517":{"x":25.179,"y":22.005},
      "c_70352":{"x":37.203,"y":18.743},
      "c_42672":{"x":19.563,"y":4.3352},
      "var_43705":{"x":3.4329,"y":15.606},
      "c_11081":{"x":8.338,"y":15.648},
      "c_59941":{"x":21.45,"y":20.002},
      "c_146919":{"x":17.72,"y":19.297},
      "var_59519":{"x":31.77,"y":23.979},
      "c_18180":{"x":11.096,"y":28.463},
      "c_82247":{"x":25.924,"y":23.432},
      "c_82246":{"x":26.318,"y":23.12},
      "c_14935":{"x":21.973,"y":16.044},
      "c_1986":{"x":28.498,"y":12.302},
      "var_44758":{"x":22.982,"y":1.0838},
      "c_66518":{"x":16.092,"y":13.143},
      "c_10840":{"x":7.1366,"y":26.059},
      "var_59524":{"x":9.786,"y":1.506},
      "c_18769":{"x":15.703,"y":23.011},
      "var_46681":{"x":36.914,"y":25.479},
      "var_46682":{"x":39.687,"y":20.923},
      "c_35251":{"x":19.565,"y":1.2437},
      "c_24056":{"x":12.977,"y":30.413},
      "c_122046":{"x":5.368,"y":26.328},
      "c_9710":{"x":39.399,"y":21.365},
      "c_9714":{"x":37.659,"y":23.782},
      "c_12161":{"x":38.309,"y":23.686},
      "c_147153":{"x":14.82,"y":36.009},
      "c_146399":{"x":8.9029,"y":14.586},
      "var_43734":{"x":4.5552,"y":12.001},
      "var_43584":{"x":13.324,"y":17.008},
      "c_11908":{"x":5.9737,"y":21.056},
      "c_82231":{"x":32.295,"y":25.7},
      "c_82232":{"x":31.673,"y":25.632},
      "c_12160":{"x":39.298,"y":19.724},
      "c_18273":{"x":11.616,"y":28.545},
      "var_44792":{"x":39.102,"y":21.853},
      "c_145633":{"x":2.8048,"y":22.138},
      "var_43570":{"x":6.018,"y":23.636},
      "c_34896":{"x":21.949,"y":1.0932},
      "var_43573":{"x":5.2512,"y":23.164},
      "var_44794":{"x":38.55,"y":17.899},
      "c_17483":{"x":14.729,"y":30.669},
      "c_11039":{"x":7.1816,"y":22.361},
      "var_61092":{"x":27.397,"y":13.138},
      "c_3495":{"x":10.316,"y":30.849},
      "c_25320":{"x":25.71,"y":14.065},
      "c_8791":{"x":13.164,"y":27.058},
      "c_3623":{"x":9.7727,"y":30.919},
      "c_4854":{"x":3.24,"y":23.965},
      "var_43801":{"x":3.8933,"y":24.07},
      "var_43802":{"x":9.173,"y":29.202},
      "var_43723":{"x":8.695,"y":10.387},
      "c_70275":{"x":10.355,"y":3.3529},
      "c_8126":{"x":10.118,"y":28.08},
      "var_44744":{"x":24.947,"y":1.7759},
      "var_46679":{"x":17.884,"y":34.466},
      "var_43816":{"x":36.025,"y":25.042},
      "var_61015":{"x":11.864,"y":32.145},
      "c_43610":{"x":20.315,"y":4.6491},
      "c_150508":{"x":16.601,"y":5.4069},
      "c_78627":{"x":6.3409,"y":29.743},
      "c_51578":{"x":12.798,"y":15.816},
      "c_10907":{"x":6.8783,"y":20.667},
      "var_43578":{"x":9.4357,"y":25.491},
      "c_7039":{"x":5.8701,"y":13.016},
      "c_7502":{"x":4.182,"y":15.101},
      "c_158797":{"x":12.54,"y":29.614},
      "c_4031":{"x":3.7448,"y":23.306},
      "c_11334":{"x":6.6454,"y":17.154},
      "var_43522":{"x":8.8254,"y":0.076389},
      "c_43372":{"x":16.485,"y":9.6301},
      "c_10685":{"x":6.2461,"y":21.556},
      "var_43526":{"x":8.0557,"y":19.885},
      "var_43527":{"x":4.9629,"y":22.647},
      "var_43524":{"x":15.205,"y":21.132},
      "var_43813":{"x":36.62,"y":24.658},
      "c_11161":{"x":10.62,"y":21.461},
      "c_43520":{"x":20.889,"y":5.336},
      "c_8376":{"x":4.3697,"y":26.221},
      "c_153849":{"x":0.72053,"y":21.251},
      "c_17173":{"x":10.109,"y":18.291},
      "var_46781":{"x":18.353,"y":17.995},
      "var_43694":{"x":4.3037,"y":14.351},
      "var_43817":{"x":35.551,"y":23.188},
      "var_43814":{"x":39.31,"y":18.262},
      "var_43815":{"x":36.196,"y":19.213},
      "c_42722":{"x":18.632,"y":4.3251},
      "var_43758":{"x":4.879,"y":25.704},
      "var_43810":{"x":39.466,"y":19.886},
      "var_43811":{"x":37.61,"y":25.188},
      "c_58193":{"x":12.661,"y":17.533},
      "var_43812":{"x":36.001,"y":23.964},