
{
  "id": "p_000127_00021744",
  "layout": {
    "vars": {
      "c_57676":{"x":36.732,"y":9.0839},
      "var_10336":{"x":33.211,"y":18.271},
      "c_28737":{"x":15.554,"y":19.786},
      "c_28731":{"x":19.928,"y":9.3543},
      "c_28732":{"x":20.256,"y":9.3922},
      "c_57461":{"x":36.4,"y":9.6435},
      "var_17651":{"x":32.248,"y":12.853},
      "c_7947":{"x":31.458,"y":0.076389},
      "c_109420":{"x":32.779,"y":30.066},
      "c_28738":{"x":15.257,"y":19.699},
      "var_17290":{"x":28.39,"y":3.2263},
      "c_26213":{"x":21.282,"y":17.959},
      "var_10139":{"x":4.259,"y":8.5044},
      "var_10138":{"x":1.9266,"y":8.6665},
      "c_27686":{"x":16.59,"y":11.398},
      "c_27687":{"x":16.825,"y":11.343},
      "var_9678":{"x":1.3925,"y":17.002},
      "var_10333":{"x":27.915,"y":17.076},
      "var_18388":{"x":16.253,"y":22.655},
      "var_10132":{"x":0.60573,"y":19.514},
      "c_77982":{"x":16.45,"y":24.486},
      "var_10137":{"x":1.6395,"y":10.519},
      "c_37019":{"x":9.1542,"y":23.979},
      "c_83090":{"x":15.977,"y":8.2124},
      "c_109745":{"x":29.986,"y":30.585},
      "c_1074":{"x":37.998,"y":11.618},
      "c_79309":{"x":33.592,"y":21.967},
      "var_11989":{"x":6.4864,"y":6.27},
      "var_16026":{"x":34.904,"y":20.511},
      "c_27519":{"x":28.559,"y":0.67533},
      "c_59609":{"x":9.7346,"y":5.148},
      "c_75609":{"x":29.81,"y":18.73},
      "c_75608":{"x":32.352,"y":19.104},
      "var_16823":{"x":7.0528,"y":24.013},
      "var_17698":{"x":36.133,"y":5.4476},
      "var_17574":{"x":29.545,"y":14.385},
      "c_75601":{"x":32.748,"y":20.623},
      "var_17292":{"x":27.782,"y":1.3953},
      "c_59605":{"x":8.6415,"y":5.866},
      "c_59607":{"x":9.578,"y":6.4764},
      "var_10361":{"x":24.194,"y":32.549},
      "var_11036":{"x":22.402,"y":32.475},
      "c_109593":{"x":29.176,"y":31.504},
      "var_10814":{"x":22.15,"y":31.192},
      "c_36944":{"x":7.5768,"y":24.255},
      "var_17693":{"x":36.665,"y":5.3457},
      "c_831":{"x":33.354,"y":12.094},
      "var_17694":{"x":32.788,"y":0.37057},
      "var_17697":{"x":37.253,"y":4.9714},
      "c_25726":{"x":17.699,"y":18.468},
      "c_27697":{"x":18.443,"y":11.946},
      "c_83254":{"x":0.87464,"y":11.243},
      "var_17295":{"x":24.921,"y":1.8449},
      "var_17297":{"x":28.956,"y":2.1648},
      "var_9649":{"x":11.076,"y":3.738},
      "c_27518":{"x":28.641,"y":1.2385},
      "c_18052":{"x":32.439,"y":22.266},
      "c_18051":{"x":32.206,"y":22.358},
      "c_43344":{"x":1.6827,"y":9.5811},
      "c_73954":{"x":1.5639,"y":12.106},
      "c_28333":{"x":1.2803,"y":17.574},
      "c_63740":{"x":0.076389,"y":11.747},
      "c_51662":{"x":34.025,"y":0.97213},
      "c_28122":{"x":36.003,"y":3.1202},
      "c_3262":{"x":35.36,"y":2.3312},
      "c_38556":{"x":8.9594,"y":25.47},
      "var_16429":{"x":7.6104,"y":25.673},
      "c_40769":{"x":2.444,"y":21.432},
      "c_78091":{"x":25.986,"y":15.393},
      "var_16422":{"x":8.0547,"y":24.735},
      "c_17516":{"x":16.422,"y":6.6978},
      "c_65592":{"x":1.0106,"y":21.804},
      "c_64491":{"x":30.172,"y":32.709},
      "c_28868":{"x":1.6691,"y":16.823},
      "var_27196":{"x":15.611,"y":7.3226},
      "c_65268":{"x":21.054,"y":30.61},
      "c_40072":{"x":0.58043,"y":20.411},
      "c_38687":{"x":15.236,"y":8.081},
      "c_74093":{"x":25.372,"y":31.669},
      "var_9655":{"x":11.043,"y":3.3043},
      "c_75612":{"x":30.651,"y":20.72},
      "c_111084":{"x":33.304,"y":1.4857},
      "c_23684":{"x":9.5181,"y":26.516},
      "var_9652":{"x":13.605,"y":7.4016},
      "var_17286":{"x":24.941,"y":0.85293},
      "var_17812":{"x":30.006,"y":0.47987},
      "var_18158":{"x":23.026,"y":17.447},
      "var_9659":{"x":8.1338,"y":6.6624},
      "var_17283":{"x":24.497,"y":4.0161},
      "var_9969":{"x":1.7576,"y":17.447},
      "var_17814":{"x":34.36,"y":2.0377},
      "c_83224":{"x":5.2995,"y":7.3608},
      "c_94969":{"x":33.862,"y":25.454},
      "c_39927":{"x":3.472,"y":21.249},
      "var_26947":{"x":8.8916,"y":26.265},
      "var_17580":{"x":38.014,"y":12.355},
      "c_75598":{"x":32.037,"y":19.489},
      "c_10880":{"x":37.128,"y":9.9634},
      "c_89293":{"x":8.5236,"y":25.431},
      "var_10328":{"x":31.554,"y":18.641},
      "c_38202":{"x":11.137,"y":23.196},
      "var_9671":{"x":10.117,"y":3.6103},
      "c_75626":{"x":32.84,"y":19.576},
      "c_75629":{"x":33.104,"y":20.013},
      "var_17813":{"x":36.259,"y":2.9668},
      "c_65120":{"x":23.555,"y":31.227},
      "c_155685":{"x":35.985,"y":7.3272},
      "c_40822":{"x":4.9899,"y":22.829},
      "c_81108":{"x":16.086,"y":20.65},
      "c_7927":{"x":34.9,"y":2.8195},
      "c_80884":{"x":18.387,"y":9.608},
      "c_72118":{"x":23.678,"y":32.107},
      "var_16852":{"x":34.201,"y":21.619},
      "c_80435":{"x":22.025,"y":12.198},
      "var_11049":{"x":32.414,"y":26.853},
      "c_75087":{"x":24.659,"y":32.401},
      "c_17653":{"x":16.176,"y":2.7171},
      "c_57604":{"x":23.383,"y":5.4289},
      "c_18239":{"x":0.53806,"y":10.507},
      "c_12995":{"x":35.024,"y":13.567},
      "c_76644":{"x":6.789,"y":24.132},
      "c_109027":{"x":1.4509,"y":8.9682},
      "c_43938":{"x":0.96976,"y":18.538},
      "var_18220":{"x":20.079,"y":5.7844},
      "var_9666":{"x":8.1751,"y":5.1989},
      "c_28121":{"x":36.534,"y":3.169},
      "c_35352":{"x":29.442,"y":29.776},
      "c_1144":{"x":28.04,"y":15.207},
      "var_17233":{"x":27.029,"y":1.5211},
      "c_27698":{"x":18.619,"y":12.13},
      "var_17961":{"x":16.41,"y":4.2676},
      "var_20281":{"x":16.805,"y":26.088},
      "c_13111":{"x":30.931,"y":13.593},
      "var_10359":{"x":25.105,"y":32.1},
      "c_62243":{"x":2.2327,"y":8.0304},
      "c_93499":{"x":32.946,"y":25.542},
      "var_11990":{"x":0.85495,"y":10.053},
      "var_10350":{"x":33.604,"y":19.235},
      "var_11992":{"x":4.1573,"y":6.6389},
      "var_18394":{"x":24.026,"y":13.772},
      "c_17763":{"x":7.8972,"y":5.7399},
      "c_17764":{"x":8.0903,"y":6.1315},
      "c_18238":{"x":0.93921,"y":10.661},
      "c_80425":{"x":34.106,"y":28.16},
      "c_63517":{"x":19.525,"y":32.367},
      "c_106583":{"x":37.931,"y":12.961},
      "c_73451":{"x":21.461,"y":31.623},
      "c_110792":{"x":1.7009,"y":15.538},
      "c_56558":{"x":25.872,"y":1.6951},
      "c_56559":{"x":27.365,"y":1.3868},
      "c_56554":{"x":27.5,"y":2.1997},
      "c_56556":{"x":25.926,"y":0.93171},
      "c_56557":{"x":27.764,"y":2.4984},
      "c_41053":{"x":2.7738,"y":23.108},
      "c_56553":{"x":25.755,"y":2.8372},
      "c_63046":{"x":33.089,"y":29.537},
      "c_76588":{"x":2.0264,"y":9.3469},
      "c_21334":{"x":20.128,"y":6.8311},
      "c_39787":{"x":14.025,"y":20.469},
      "c_40198":{"x":2.3253,"y":18.922},
      "var_10974":{"x":22.762,"y":32.326},
      "c_113921":{"x":35.77,"y":3.623},
      "c_13168":{"x":34.748,"y":12.134},
      "var_10973":{"x":21.6,"y":31.966},
      "var_10972":{"x":20.012,"y":30.154},
      "c_69657":{"x":17.46,"y":27.389},
      "var_17309":{"x":36.679,"y":9.6017},
      "var_10347":{"x":32.701,"y":18.781},
      "var_10345":{"x":33.064,"y":21.973},
      "var_10342":{"x":30.721,"y":22.066},
      "var_17680":{"x":37.748,"y":10.814},
      "var_10340":{"x":32.748,"y":20.95},
      "var_17300":{"x":26.351,"y":0.69918},
      "var_12076":{"x":34.346,"y":26.895},
      "c_71000":{"x":32.004,"y":30.049},
      "var_12074":{"x":32.027,"y":31.389},
      "var_12075":{"x":33.585,"y":29.438},
      "var_17552":{"x":35.955,"y":9.121},
      "c_13609":{"x":31.226,"y":0.54278},
      "c_7869":{"x":36.935,"y":4.0405},
      "c_59582":{"x":9.7554,"y":4.7365},
      "c_59583":{"x":10.525,"y":4.567},
      "c_106638":{"x":37.247,"y":3.8564},
      "c_7862":{"x":37.17,"y":5.5846},
      "c_59584":{"x":11.735,"y":6.5049},
      "c_134130":{"x":31.524,"y":27.939},