
{
  "id": "p_000100_00000000",
  "layout": {
    "bounds": [0.097222,0.097222,61.184,49.797],
    "vars": {
      "c_216":{"x":47.346,"y":43.5},
      "c_217":{"x":47.032,"y":42.833},
      "c_214":{"x":46.531,"y":42.142},
      "c_215":{"x":44.962,"y":44.176},
      "c_212":{"x":47.633,"y":42.254},
      "c_213":{"x":45.657,"y":42.951},
      "c_210":{"x":44.953,"y":43.637},
      "c_211":{"x":48.07,"y":42.964},
      "c_218":{"x":45.006,"y":43.126},
      "c_219":{"x":45.708,"y":42.554},
      "c_186":{"x":2.0087,"y":12.509},
      "c_187":{"x":1.5745,"y":11.239},
      "c_184":{"x":5.8125,"y":13.664},
      "c_185":{"x":1.4111,"y":12.117},
      "c_182":{"x":1.1182,"y":12.469},
      "c_183":{"x":2.2321,"y":11.702},
      "c_180":{"x":0.34268,"y":12.106},
      "c_181":{"x":1.3654,"y":13.506},
      "c_188":{"x":2.8008,"y":10.445},
      "c_189":{"x":6.1059,"y":13.011},
      "c_60":{"x":36.988,"y":26.317},
      "c_61":{"x":38.25,"y":26.462},
      "c_62":{"x":40.056,"y":22.793},
      "c_63":{"x":39.762,"y":26.396},
      "c_64":{"x":40.27,"y":25.569},
      "c_65":{"x":36.691,"y":25.84},
      "c_66":{"x":39.473,"y":28.752},
      "c_67":{"x":41.166,"y":24.66},
      "c_68":{"x":41.199,"y":28.55},
      "c_69":{"x":41.525,"y":27.894},
      "c_179":{"x":5.3028,"y":13.699},
      "c_178":{"x":0.9732,"y":11.716},
      "c_173":{"x":50.761,"y":20.494},
      "c_172":{"x":47.916,"y":19.233},
      "c_171":{"x":50.575,"y":19.876},
      "c_170":{"x":48.148,"y":23.324},
      "c_177":{"x":0.097222,"y":12.491},
      "c_176":{"x":0.36912,"y":13.486},
      "c_175":{"x":48.585,"y":23.122},
      "c_174":{"x":46.916,"y":18.864},
      "var_74":{"x":3.2049,"y":10.961},
      "var_75":{"x":2.3645,"y":10.807},
      "var_76":{"x":0.77837,"y":12.622},
      "var_77":{"x":0.28109,"y":11.249},
      "var_70":{"x":47.612,"y":25.563},
      "var_71":{"x":1.9261,"y":13.02},
      "var_72":{"x":2.8431,"y":12.958},
      "var_73":{"x":3.3678,"y":11.832},
      "var_78":{"x":1.7074,"y":10.421},
      "var_79":{"x":8.8687,"y":14.19},
      "c_142":{"x":27.776,"y":13.765},
      "c_143":{"x":28.768,"y":9.4278},
      "c_140":{"x":26.618,"y":9.5262},
      "c_141":{"x":28.178,"y":9.136},
      "c_146":{"x":27.59,"y":9.91},
      "c_147":{"x":27.146,"y":14.107},
      "c_144":{"x":29.043,"y":11.597},
      "c_145":{"x":27.108,"y":9.6105},
      "c_148":{"x":28.38,"y":10.287},
      "c_149":{"x":28.158,"y":12.179},
      "c_28":{"x":42.12,"y":3.899},
      "c_29":{"x":42.421,"y":4.3184},
      "c_24":{"x":25.234,"y":34.753},
      "c_25":{"x":28.487,"y":35.063},
      "c_26":{"x":42.531,"y":3.7394},
      "c_27":{"x":42.947,"y":4.5546},
      "c_20":{"x":26.916,"y":35.656},
      "c_21":{"x":25.032,"y":34.228},
      "c_22":{"x":25.577,"y":35.235},
      "c_23":{"x":25.5,"y":34.087},
      "c_137":{"x":27.044,"y":13.736},
      "c_136":{"x":27.577,"y":9.2566},
      "c_135":{"x":27.109,"y":8.9932},
      "c_134":{"x":28.744,"y":11.347},
      "c_133":{"x":28.696,"y":8.8771},
      "c_132":{"x":27.538,"y":13.467},
      "c_131":{"x":28.04,"y":8.6923},
      "c_130":{"x":31.06,"y":11.377},
      "c_139":{"x":28.1,"y":11.756},
      "c_138":{"x":28.151,"y":9.5491},
      "c_249":{"x":34.849,"y":44.399},
      "c_248":{"x":32.899,"y":48.785},
      "var_29":{"x":41.239,"y":26.318},
      "var_28":{"x":40.605,"y":27.15},
      "var_27":{"x":41.488,"y":20.749},
      "c_240":{"x":32.194,"y":46.08},
      "var_25":{"x":38.975,"y":24.573},
      "var_24":{"x":40.432,"y":28.638},
      "var_23":{"x":38.834,"y":25.087},
      "var_22":{"x":39.214,"y":25.607},
      "var_21":{"x":39.699,"y":24.959},
      "c_246":{"x":33.912,"y":48.843},
      "c_59":{"x":40.504,"y":26.411},
      "c_58":{"x":39.899,"y":26.985},
      "c_51":{"x":39.242,"y":26.379},
      "c_50":{"x":47.309,"y":5.7002},
      "c_53":{"x":40.787,"y":26.044},
      "c_52":{"x":40.803,"y":22.77},
      "c_55":{"x":37.27,"y":25.723},
      "c_54":{"x":41.181,"y":25.391},
      "c_57":{"x":40.429,"y":23.156},
      "c_56":{"x":38.767,"y":26.897},
      "var_49":{"x":59.161,"y":9.4611},
      "var_48":{"x":58.199,"y":9.0529},
      "c_258":{"x":40.107,"y":45.293},
      "c_259":{"x":38.321,"y":31.252},
      "c_252":{"x":26.567,"y":23.037},
      "var_39":{"x":30.342,"y":14.6},
      "c_205":{"x":44.879,"y":44.62},
      "c_204":{"x":46.263,"y":42.637},
      "c_207":{"x":47.805,"y":41.668},
      "c_206":{"x":48.206,"y":42.378},
      "c_201":{"x":47.841,"y":43.378},
      "c_200":{"x":0.77412,"y":9.848},
      "c_203":{"x":45.516,"y":43.311},
      "c_202":{"x":47.443,"y":42.704},
      "c_209":{"x":46.552,"y":41.566},
      "c_208":{"x":45.791,"y":42.11},
      "c_195":{"x":1.8245,"y":9.9421},
      "c_194":{"x":6.0664,"y":12.445},
      "c_197":{"x":0.44947,"y":10.281},
      "c_196":{"x":0.6527,"y":11.34},
      "c_191":{"x":1.7214,"y":11.676},
      "c_190":{"x":2.0842,"y":11.026},
      "c_193":{"x":2.4377,"y":9.6338},
      "c_192":{"x":1.3335,"y":10.397},
      "c_199":{"x":5.5632,"y":12.43},
      "c_198":{"x":1.4231,"y":9.434},
      "c_15":{"x":27.576,"y":36.206},
      "c_14":{"x":23.607,"y":36.354},
      "c_17":{"x":22.819,"y":36.468},
      "c_16":{"x":22.359,"y":35.16},
      "c_11":{"x":23.47,"y":35.823},
      "c_10":{"x":27.707,"y":32.241},
      "c_13":{"x":24.346,"y":35.438},
      "c_12":{"x":24.008,"y":36.919},
      "c_19":{"x":22.393,"y":35.748},
      "c_18":{"x":22.848,"y":34.777},
      "c_108":{"x":59.89,"y":8.5829},
      "c_109":{"x":61.095,"y":9.0177},
      "c_106":{"x":60.555,"y":8.6948},
      "c_107":{"x":60.083,"y":10.389},
      "c_104":{"x":57.816,"y":7.9453},
      "c_105":{"x":56.574,"y":9.7549},
      "c_102":{"x":57.326,"y":8.6122},
      "c_103":{"x":57.299,"y":7.4989},
      "c_100":{"x":26.21,"y":20.031},
      "c_101":{"x":57.712,"y":7.464},
      "var_16":{"x":44.715,"y":1.9554},
      "var_17":{"x":45.346,"y":3.2446},
      "var_14":{"x":45.841,"y":0.80187},
      "var_15":{"x":45.922,"y":7.5084},
      "var_12":{"x":46.884,"y":0.94597},
      "var_13":{"x":46.463,"y":0.66661},
      "var_10":{"x":29.968,"y":35.111},
      "var_11":{"x":40.668,"y":6.1095},
      "var_18":{"x":44.21,"y":2.3254},
      "var_19":{"x":44.508,"y":2.854},
      "var_63":{"x":49.095,"y":21.324},
      "var_62":{"x":48.513,"y":21.483},
      "var_61":{"x":50.945,"y":18.538},
      "var_60":{"x":28.259,"y":9.9698},
      "var_67":{"x":46.222,"y":18.826},
      "var_66":{"x":51.4,"y":20.185},
      "var_65":{"x":48.928,"y":20.448},
      "var_64":{"x":48.466,"y":20.843},
      "var_69":{"x":44.617,"y":17.897},
      "var_68":{"x":51.586,"y":20.958},
      "c_269":{"x":44.782,"y":30.734},
      "c_268":{"x":46.13,"y":13.109},
      "c_151":{"x":52.207,"y":19.008},
      "c_150":{"x":26.669,"y":10.157},
      "c_153":{"x":52.247,"y":19.607},
      "c_152":{"x":48.748,"y":18.379},
      "c_155":{"x":49.519,"y":22.212},
      "c_154":{"x":47.882,"y":17.958},
      "c_157":{"x":47.368,"y":20.286},
      "c_156":{"x":50.342,"y":21.197},
      "c_159":{"x":46.463,"y":19.77},
      "c_158":{"x":50.437,"y":21.779},
      "c_227":{"x":36.228,"y":48.673},
      "c_226":{"x":36.657,"y":48.615},
      "c_225":{"x":42.386,"y":39.667},
      "c_224":{"x":43.634,"y":38.348},
      "c_223":{"x":43.19,"y":38.733},
      "var_80":{"x":0.8279,"y":10.84},
      "c_221":{"x":44.429,"y":38.679},
      "c_76":{"x":23.556,"y":19.254},
      "c_220":{"x":44.427,"y":44.584},
      "var_58":{"x":29.753,"y":9.8111},
      "var_59":{"x":29.511,"y":12.859},
      "var_52":{"x":27.782,"y":10.476},
      "var_53":{"x":27.135,"y":10.948},
      "var_50":{"x":56.982,"y":12.395},
      "var_51":{"x":33.701,"y":13.22},
      "var_56":{"x":29.192,"y":9.5699},
      "var_57":{"x":27.754,"y":16.722},
      "var_54":{"x":27.986,"y":10.928},
      "var_55":{"x":27.249,"y":11.514},
      "c_70":{"x":37.582,"y":27.916},
      "c_48":{"x":45.081,"y":4.8103},
      "c_49":{"x":45.353,"y":5.1371},
      "c_42":{"x":45.851,"y":1.8755},