
{
  "id": "p_000060_00000000",
  "layout": {
    "bounds": [0.097222,0.097222,40.92,35.654],
    "vars": {
      "c_142":{"x":40.656,"y":16.265},
      "var_31":{"x":39.811,"y":12.954},
      "var_32":{"x":37.277,"y":9.3706},
      "var_33":{"x":36.875,"y":7.4792},
      "c_146":{"x":1.1981,"y":13.891},
      "c_147":{"x":1.098,"y":13.565},
      "c_60":{"x":13.467,"y":32.834},
      "c_61":{"x":7.7568,"y":30.09},
      "c_62":{"x":7.7903,"y":29.725},
      "c_63":{"x":8.0405,"y":29.897},
      "c_64":{"x":8.0814,"y":29.52},
      "c_65":{"x":18.503,"y":19.921},
      "c_66":{"x":18.731,"y":20.142},
      "c_67":{"x":18.711,"y":20.473},
      "c_68":{"x":18.483,"y":20.252},
      "c_69":{"x":13.918,"y":24.189},
      "var_37":{"x":4.0319,"y":19.937},
      "c_99":{"x":32.828,"y":32.66},
      "c_98":{"x":33.17,"y":32.815},
      "c_95":{"x":16.151,"y":1.5511},
      "c_94":{"x":16.466,"y":1.8791},
      "c_97":{"x":33.29,"y":33.176},
      "c_96":{"x":16.508,"y":1.5676},
      "c_91":{"x":11.041,"y":4.5648},
      "c_90":{"x":10.775,"y":4.3308},
      "c_93":{"x":16.266,"y":1.2712},
      "c_92":{"x":10.773,"y":4.671},
      "c_15":{"x":27.033,"y":17.227},
      "c_14":{"x":27.013,"y":17.57},
      "c_17":{"x":11.552,"y":29.474},
      "c_16":{"x":26.791,"y":17.347},
      "c_11":{"x":37.074,"y":28.245},
      "c_10":{"x":37.228,"y":28.572},
      "c_13":{"x":26.807,"y":17.011},
      "c_12":{"x":37.582,"y":28.688},
      "c_19":{"x":11.876,"y":29.311},
      "c_18":{"x":11.303,"y":29.187},
      "c_9":{"x":37.446,"y":28.363},
      "c_8":{"x":23.723,"y":13.879},
      "c_108":{"x":20.675,"y":34.731},
      "c_109":{"x":26.881,"y":34.984},
      "c_106":{"x":20.509,"y":35.337},
      "c_107":{"x":20.754,"y":35.219},
      "c_7":{"x":23.657,"y":13.619},
      "c_105":{"x":20.516,"y":34.969},
      "c_102":{"x":33.911,"y":29.662},
      "c_103":{"x":34.219,"y":29.847},
      "c_100":{"x":32.949,"y":33.04},
      "c_101":{"x":34.043,"y":30.199},
      "var_16":{"x":9.0367,"y":19.441},
      "var_17":{"x":12.967,"y":22.264},
      "var_14":{"x":9.6865,"y":29.693},
      "var_15":{"x":12.482,"y":31.217},
      "var_12":{"x":29.484,"y":15.47},
      "var_13":{"x":12.738,"y":26.669},
      "c_88":{"x":25.047,"y":2.872},
      "c_89":{"x":11.046,"y":4.9086},
      "c_86":{"x":25.367,"y":2.5144},
      "c_87":{"x":25.436,"y":2.8752},
      "c_84":{"x":28.972,"y":1.79},
      "c_85":{"x":24.977,"y":2.5204},
      "c_82":{"x":28.695,"y":1.6562},
      "c_83":{"x":28.732,"y":2.0505},
      "c_80":{"x":20.1,"y":8.3968},
      "c_81":{"x":28.935,"y":1.4135},
      "c_156":{"x":2.6094,"y":25.259},
      "var_60":{"x":1.4802,"y":22.499},
      "c_119":{"x":26.558,"y":27.922},
      "c_118":{"x":26.436,"y":28.257},
      "c_115":{"x":26.415,"y":21.838},
      "c_114":{"x":26.099,"y":21.963},
      "c_117":{"x":26.792,"y":28.201},
      "c_116":{"x":26.678,"y":21.888},
      "c_111":{"x":26.907,"y":35.654},
      "c_110":{"x":26.733,"y":35.346},
      "c_113":{"x":26.318,"y":22.131},
      "c_112":{"x":27.054,"y":35.308},
      "c_5":{"x":23.974,"y":13.654},
      "c_39":{"x":29.587,"y":27.13},
      "c_38":{"x":29.894,"y":26.581},
      "c_4":{"x":5.3764,"y":9.3847},
      "c_33":{"x":24.774,"y":33.644},
      "c_32":{"x":15.44,"y":4.9814},
      "c_31":{"x":15.769,"y":4.8546},
      "c_30":{"x":15.802,"y":4.4941},
      "c_37":{"x":29.908,"y":26.916},
      "c_36":{"x":24.401,"y":33.548},
      "c_35":{"x":24.38,"y":33.192},
      "c_34":{"x":24.766,"y":33.277},
      "c_6":{"x":23.403,"y":13.831},
      "c_104":{"x":33.721,"y":30.023},
      "c_1":{"x":5.2301,"y":9.0609},
      "c_120":{"x":26.203,"y":27.984},
      "c_121":{"x":32.11,"y":13.538},
      "c_122":{"x":31.935,"y":13.851},
      "c_123":{"x":32.284,"y":13.867},
      "c_124":{"x":31.768,"y":13.524},
      "c_3":{"x":4.8795,"y":8.9566},
      "c_126":{"x":32.933,"y":17.249},
      "c_127":{"x":33.197,"y":17.033},
      "c_128":{"x":32.856,"y":16.88},
      "c_129":{"x":34.504,"y":5.5581},
      "c_2":{"x":5.0273,"y":9.2665},
      "var_30":{"x":28.091,"y":24.411},
      "c_143":{"x":40.551,"y":15.939},
      "c_140":{"x":39.662,"y":22.101},
      "c_141":{"x":40.92,"y":16.079},
      "var_34":{"x":35.764,"y":17.722},
      "var_35":{"x":39.711,"y":17.37},
      "c_144":{"x":40.255,"y":16.116},
      "c_145":{"x":1.4797,"y":13.686},
      "var_38":{"x":1.0199,"y":20.757},
      "var_39":{"x":2.3416,"y":23.355},
      "c_148":{"x":1.6221,"y":14.017},
      "c_149":{"x":3.8963,"y":13.721},
      "c_28":{"x":22.79,"y":0.76684},
      "c_29":{"x":15.454,"y":4.5993},
      "c_24":{"x":12.307,"y":20.475},
      "c_25":{"x":22.992,"y":0.44603},
      "c_26":{"x":22.895,"y":0.097222},
      "c_27":{"x":22.684,"y":0.40488},
      "c_20":{"x":11.619,"y":29.034},
      "c_21":{"x":12.045,"y":20.701},
      "c_22":{"x":12.253,"y":20.131},
      "c_23":{"x":11.998,"y":20.354},
      "var_10":{"x":22.752,"y":18.746},
      "var_11":{"x":29.997,"y":17.131},
      "c_137":{"x":39.995,"y":21.982},
      "c_136":{"x":35.259,"y":9.0986},
      "c_135":{"x":35.447,"y":9.4137},
      "c_134":{"x":35.633,"y":9.0252},
      "c_133":{"x":35.806,"y":9.3602},
      "c_132":{"x":34.959,"y":5.075},
      "c_131":{"x":34.608,"y":5.2322},
      "c_130":{"x":34.867,"y":5.3891},
      "c_139":{"x":40.009,"y":22.287},
      "c_138":{"x":40.324,"y":22.149},
      "c_151":{"x":4.1136,"y":13.425},
      "c_150":{"x":3.5247,"y":13.624},
      "c_153":{"x":2.8092,"y":24.963},
      "c_152":{"x":3.7287,"y":13.311},
      "c_155":{"x":3.1848,"y":24.894},
      "c_154":{"x":2.9803,"y":25.208},
      "var_29":{"x":28.179,"y":27.623},
      "var_28":{"x":31.898,"y":28.443},
      "var_27":{"x":22.61,"y":34.427},
      "var_26":{"x":25.677,"y":34.615},
      "var_25":{"x":25.562,"y":30.813},
      "var_24":{"x":13.206,"y":4.5488},
      "var_23":{"x":15.85,"y":3.0108},
      "var_22":{"x":17.915,"y":6.5698},
      "var_21":{"x":25.878,"y":0.89133},
      "var_20":{"x":24.112,"y":1.335},
      "var_18":{"x":15.356,"y":20.298},
      "var_19":{"x":19.57,"y":0.84946},
      "c_59":{"x":13.754,"y":32.644},
      "c_58":{"x":13.707,"y":33.01},
      "c_51":{"x":1.9157,"y":21.466},
      "c_50":{"x":2.5425,"y":21.455},
      "c_53":{"x":6.172,"y":18.523},
      "c_52":{"x":2.2154,"y":21.198},
      "c_55":{"x":6.0967,"y":18.196},
      "c_54":{"x":5.8091,"y":18.373},
      "c_57":{"x":13.416,"y":33.186},
      "c_56":{"x":5.8933,"y":18.695},
      "var_36":{"x":39.376,"y":20.311},
      "var_58":{"x":2.4113,"y":13.451},
      "var_59":{"x":0.72426,"y":16.737},
      "c_160":{"x":0.82839,"y":19.668},
      "var_52":{"x":23.743,"y":35.378},
      "var_53":{"x":26.44,"y":25.051},
      "var_50":{"x":33.73,"y":31.595},
      "var_51":{"x":30.038,"y":34.27},
      "var_56":{"x":35.305,"y":7.1586},
      "var_57":{"x":40.486,"y":19.138},
      "var_54":{"x":32.673,"y":15.281},
      "var_55":{"x":33.831,"y":11.432},
      "var_4":{"x":25.017,"y":17.855},
      "var_5":{"x":21.94,"y":11.111},
      "var_6":{"x":23.667,"y":10.752},
      "var_7":{"x":38.8,"y":25.356},
      "var_1":{"x":7.9411,"y":6.8057},
      "var_2":{"x":4.3351,"y":11.268},
      "var_3":{"x":3.095,"y":11.368},
      "var_8":{"x":35.81,"y":29.378},
      "var_9":{"x":35.342,"y":30.834},
      "c_48":{"x":38.427,"y":18.203},
      "c_49":{"x":2.2564,"y":21.697},
      "c_157":{"x":0.43648,"y":19.895},
      "c_42":{"x":38.442,"y":10.102},
      "c_43":{"x":38.81,"y":10.029},
      "c_40":{"x":29.56,"y":26.782},
      "c_41":{"x":38.981,"y":9.7057},
      "c_46":{"x":38.613,"y":18.516},
      "c_47":{"x":38.162,"y":18.485},
      "c_44":{"x":38.628,"y":9.7669},
      "c_45":{"x":38.328,"y":18.794},
      "c_159":{"x":0.45989,"y":19.572},
      "c_158":{"x":0.097222,"y":19.799},
      "c_125":{"x":33.137,"y":16.669},
      "var_49":{"x":13.538,"y":2.9408},
      "var_48":{"x":31.86,"y":3.3966},
      "var_41":{"x":10.664,"y":31.508},
      "var_40":{"x":4.8216,"y":15.989},