
{
  "id": "p_000066_00000000",
  "layout": {
    "bounds": [0.097222,0.097222,22.146,20.542],
    "vars": {
      "c_142":{"x":5.4918,"y":15.639},
      "c_143":{"x":5.0251,"y":13.406},
      "c_140":{"x":20.104,"y":15.33},
      "c_186":{"x":10.519,"y":13.96},
      "c_184":{"x":8.8297,"y":10.649},
      "c_185":{"x":13.371,"y":10.662},
      "c_182":{"x":12.409,"y":14.489},
      "c_183":{"x":11.483,"y":12.172},
      "c_180":{"x":12.264,"y":5.8112},
      "c_181":{"x":10.821,"y":10.551},
      "var_34":{"x":10.081,"y":2.8494},
      "var_35":{"x":11.738,"y":2.4593},
      "c_60":{"x":9.2467,"y":2.5025},
      "c_61":{"x":18.257,"y":20.188},
      "c_62":{"x":19.708,"y":19.021},
      "c_63":{"x":19.542,"y":20.304},
      "c_64":{"x":19.211,"y":19.238},
      "c_65":{"x":19.907,"y":18.609},
      "c_66":{"x":19.063,"y":20.542},
      "c_67":{"x":19.849,"y":18.151},
      "c_68":{"x":18.891,"y":19.81},
      "c_69":{"x":4.7018,"y":19.033},
      "var_37":{"x":10.786,"y":2.5263},
      "var_33":{"x":10.435,"y":2.3416},
      "c_179":{"x":9.5463,"y":4.5107},
      "c_178":{"x":11.325,"y":5.2075},
      "c_173":{"x":9.6123,"y":4.9783},
      "c_172":{"x":5.086,"y":19.445},
      "c_171":{"x":2.9405,"y":18.604},
      "c_170":{"x":3.7272,"y":19.509},
      "c_177":{"x":12.013,"y":5.4616},
      "c_176":{"x":11.652,"y":5.5403},
      "c_175":{"x":9.9562,"y":5.0273},
      "var_66":{"x":10.532,"y":7.4273},
      "c_99":{"x":4.9765,"y":15.715},
      "c_98":{"x":4.3395,"y":14.532},
      "c_95":{"x":4.5258,"y":14.059},
      "c_94":{"x":4.3789,"y":16.421},
      "c_97":{"x":4.3178,"y":15.124},
      "c_96":{"x":5.6617,"y":16.722},
      "c_91":{"x":18.217,"y":15.812},
      "c_90":{"x":17.604,"y":15.389},
      "c_93":{"x":4.8694,"y":16.65},
      "c_92":{"x":17.423,"y":16.936},
      "c_15":{"x":0.6549,"y":16.933},
      "c_14":{"x":0.63144,"y":17.327},
      "c_17":{"x":9.3458,"y":0.78918},
      "c_16":{"x":1.4321,"y":17.96},
      "c_11":{"x":0.897,"y":16.375},
      "c_10":{"x":1.3164,"y":18.839},
      "c_13":{"x":0.36717,"y":15.936},
      "c_12":{"x":0.99383,"y":18.331},
      "c_19":{"x":11.289,"y":0.1227},
      "c_18":{"x":9.9679,"y":1.1213},
      "c_9":{"x":1.2994,"y":17.258},
      "c_8":{"x":21.562,"y":17.114},
      "c_108":{"x":14.232,"y":5.2218},
      "c_109":{"x":16.413,"y":16.438},
      "c_5":{"x":21.698,"y":16.226},
      "c_4":{"x":22.146,"y":17.259},
      "c_7":{"x":21.314,"y":18.07},
      "c_6":{"x":21.434,"y":17.66},
      "c_1":{"x":20.843,"y":18.214},
      "c_103":{"x":11.551,"y":4.4412},
      "c_100":{"x":6.0109,"y":17.151},
      "c_101":{"x":10.957,"y":4.7295},
      "var_16":{"x":19.396,"y":17.825},
      "var_17":{"x":2.8951,"y":15.719},
      "var_14":{"x":18.977,"y":18.154},
      "var_15":{"x":20.205,"y":15.59},
      "var_12":{"x":20.255,"y":19.367},
      "var_13":{"x":20.43,"y":16.083},
      "var_10":{"x":19.158,"y":16.039},
      "var_11":{"x":19.646,"y":15.407},
      "c_86":{"x":15.694,"y":17.469},
      "c_87":{"x":16.357,"y":16.949},
      "c_84":{"x":13.996,"y":5.7488},
      "c_85":{"x":16.644,"y":17.573},
      "c_82":{"x":12.946,"y":5.3054},
      "c_83":{"x":13.561,"y":4.9448},
      "var_18":{"x":2.7943,"y":17.526},
      "var_19":{"x":3.1206,"y":17.157},
      "var_63":{"x":14.31,"y":4.5812},
      "var_62":{"x":7.4703,"y":13.85},
      "var_61":{"x":18.82,"y":13.364},
      "var_60":{"x":8.3545,"y":4.1765},
      "c_119":{"x":1.2869,"y":12.873},
      "c_118":{"x":1.2976,"y":15.178},
      "var_65":{"x":5.5965,"y":17.33},
      "var_64":{"x":15.345,"y":17.602},
      "c_115":{"x":16.799,"y":16.269},
      "c_114":{"x":17.239,"y":14.218},
      "c_117":{"x":1.6936,"y":15.355},
      "c_116":{"x":17.678,"y":14.331},
      "c_111":{"x":16.256,"y":15.643},
      "c_110":{"x":15.46,"y":16.458},
      "c_113":{"x":17.715,"y":15.06},
      "c_112":{"x":18.062,"y":15.094},
      "var_56":{"x":6.5529,"y":14.919},
      "c_106":{"x":12.47,"y":3.8904},
      "c_39":{"x":17.134,"y":14.882},
      "c_38":{"x":19.167,"y":14.548},
      "c_107":{"x":13.706,"y":4.0896},
      "c_33":{"x":11.257,"y":1.5301},
      "c_32":{"x":1.8919,"y":17.005},
      "c_31":{"x":20.244,"y":17.43},
      "c_30":{"x":11.561,"y":1.905},
      "c_37":{"x":18.972,"y":14.016},
      "c_36":{"x":11.472,"y":1.2635},
      "c_35":{"x":1.764,"y":16.507},
      "c_34":{"x":20.514,"y":17.238},
      "c_105":{"x":14.032,"y":4.8572},
      "c_104":{"x":13.581,"y":4.5781},
      "c_102":{"x":10.491,"y":4.8315},
      "c_120":{"x":0.21381,"y":14.517},
      "c_121":{"x":1.3203,"y":14.426},
      "c_122":{"x":1.0385,"y":13.447},
      "c_123":{"x":0.61253,"y":15.1},
      "c_124":{"x":0.42915,"y":13.809},
      "c_3":{"x":19.822,"y":19.445},
      "c_126":{"x":7.2818,"y":2.8546},
      "c_127":{"x":8.4618,"y":2.359},
      "c_128":{"x":8.5507,"y":1.1881},
      "c_129":{"x":9.8656,"y":2.0704},
      "c_2":{"x":19.172,"y":18.794},
      "var_30":{"x":0.90983,"y":17.599},
      "var_31":{"x":0.84658,"y":15.663},
      "var_32":{"x":4.0629,"y":18.088},
      "c_141":{"x":5.1967,"y":14.436},
      "c_146":{"x":4.8357,"y":13.848},
      "c_147":{"x":5.5978,"y":14.868},
      "var_36":{"x":9.3224,"y":3.037},
      "c_145":{"x":5.0191,"y":15.012},
      "var_38":{"x":12.35,"y":1.4697},
      "var_39":{"x":10.618,"y":0.097222},
      "c_148":{"x":6.2662,"y":16.326},
      "c_149":{"x":12.899,"y":2.5795},
      "var_58":{"x":14.932,"y":14.199},
      "c_167":{"x":3.8724,"y":16.086},
      "c_28":{"x":19.746,"y":17.283},
      "c_29":{"x":2.0767,"y":16.749},
      "c_24":{"x":12.279,"y":0.73277},
      "c_25":{"x":20.311,"y":18.227},
      "c_26":{"x":2.41,"y":18.082},
      "c_27":{"x":11.805,"y":2.1202},
      "c_20":{"x":12.362,"y":0.20597},
      "c_21":{"x":13.927,"y":0.94713},
      "c_22":{"x":12.959,"y":0.48954},
      "c_23":{"x":11.74,"y":0.20837},
      "c_88":{"x":17.687,"y":16.371},
      "c_89":{"x":17.301,"y":15.81},
      "c_137":{"x":21.089,"y":14.383},
      "c_136":{"x":20.45,"y":14.771},
      "c_135":{"x":19.129,"y":15.136},
      "c_134":{"x":21.017,"y":14.819},
      "c_133":{"x":20.666,"y":14.121},
      "c_132":{"x":8.0932,"y":1.4252},
      "c_131":{"x":7.875,"y":1.9422},
      "c_130":{"x":9.2677,"y":1.8326},
      "c_139":{"x":21.153,"y":13.944},
      "c_138":{"x":20.618,"y":13.439},
      "c_151":{"x":13.397,"y":2.508},
      "c_150":{"x":14.094,"y":2.5465},
      "c_153":{"x":14.719,"y":2.1903},
      "c_152":{"x":14.824,"y":3.0243},
      "c_155":{"x":15.144,"y":2.4771},
      "c_154":{"x":14.161,"y":1.9968},
      "var_29":{"x":3.3015,"y":16.101},
      "var_28":{"x":2.2024,"y":18.916},
      "var_27":{"x":2.3254,"y":14.999},
      "c_158":{"x":15.763,"y":19.377},
      "var_25":{"x":2.5234,"y":16.329},
      "var_24":{"x":3.8692,"y":17.524},
      "var_23":{"x":0.097222,"y":16.695},
      "var_22":{"x":1.8789,"y":18.303},
      "var_21":{"x":2.6532,"y":14.437},
      "var_20":{"x":2.2013,"y":17.457},
      "c_80":{"x":13.396,"y":5.5365},
      "c_81":{"x":13.124,"y":4.7123},
      "var_57":{"x":12.408,"y":6.4486},
      "c_59":{"x":11.448,"y":3.2079},
      "c_58":{"x":10.65,"y":2.9643},
      "c_51":{"x":3.6216,"y":13.934},
      "c_50":{"x":2.93,"y":12.824},
      "c_53":{"x":8.9764,"y":3.4647},
      "c_52":{"x":2.1867,"y":13.547},
      "c_55":{"x":9.3945,"y":3.5622},
      "c_54":{"x":10.211,"y":3.4284},
      "c_57":{"x":11.69,"y":3.8292},
      "c_56":{"x":11.116,"y":3.7345},
      "c_174":{"x":9.0278,"y":5.4601},
      "c_144":{"x":6.0468,"y":15.889},
      "c_164":{"x":17.259,"y":18.967},
      "c_165":{"x":3.9632,"y":17.196},
      "c_166":{"x":3.5573,"y":18.758},
      "var_59":{"x":2.8673,"y":13.338},
      "c_160":{"x":17.719,"y":18.215},
      "c_161":{"x":17.25,"y":17.346},
      "c_162":{"x":17.658,"y":19.591},
      "c_163":{"x":16.865,"y":19.305},
      "var_52":{"x":17.514,"y":18.418},
      "var_53":{"x":6.9274,"y":17.924},
      "var_50":{"x":5.0582,"y":12.733},
      "var_51":{"x":10.305,"y":5.156},