
{
  "id": "p_000100_00000000",
  "layout": {
    "bounds": [0.097222,0.097222,93.442,32.911],
    "vars": {
      "c_216":{"x":1.8072,"y":13.516},
      "c_217":{"x":0.84764,"y":13.009},
      "c_214":{"x":4.5024,"y":12.176},
      "c_215":{"x":0.33987,"y":12.055},
      "c_212":{"x":0.6331,"y":9.6794},
      "c_213":{"x":1.3183,"y":11.302},
      "c_210":{"x":1.1666,"y":12.442},
      "c_211":{"x":0.56109,"y":10.526},
      "c_218":{"x":1.8529,"y":14.878},
      "c_219":{"x":5.1998,"y":14.378},
      "c_186":{"x":92.849,"y":2.9764},
      "c_187":{"x":88.049,"y":5.1278},
      "c_184":{"x":91.009,"y":4.8453},
      "c_185":{"x":89.529,"y":0.26783},
      "c_182":{"x":87.161,"y":3.861},
      "c_183":{"x":90.763,"y":0.29074},
      "c_180":{"x":87.507,"y":2.9568},
      "c_181":{"x":91.221,"y":0.81015},
      "c_188":{"x":92.428,"y":2.4764},
      "c_189":{"x":92.117,"y":5.8686},
      "c_60":{"x":71.516,"y":14.475},
      "c_61":{"x":67.782,"y":13.132},
      "c_62":{"x":72.133,"y":11.549},
      "c_63":{"x":68.853,"y":15.35},
      "c_64":{"x":67.608,"y":12.521},
      "c_65":{"x":69.674,"y":12.512},
      "c_66":{"x":67.201,"y":17.022},
      "c_67":{"x":71.799,"y":15.412},
      "c_68":{"x":68.097,"y":19.622},
      "c_69":{"x":67.106,"y":16.533},
      "c_179":{"x":88.773,"y":6.596},
      "c_178":{"x":88.459,"y":3.283},
      "c_173":{"x":26.491,"y":18.421},
      "c_172":{"x":26.353,"y":19.643},
      "c_171":{"x":26.6,"y":19.134},
      "c_170":{"x":21.379,"y":19.193},
      "c_177":{"x":85.361,"y":4.9407},
      "c_176":{"x":88.606,"y":3.8264},
      "c_175":{"x":26.119,"y":20.088},
      "c_174":{"x":26.148,"y":18.853},
      "var_74":{"x":90.674,"y":2.7857},
      "var_75":{"x":91.516,"y":3.2189},
      "var_76":{"x":91.422,"y":2.3841},
      "var_77":{"x":84.859,"y":6.2145},
      "var_70":{"x":23.366,"y":18.545},
      "var_71":{"x":85.831,"y":5.5562},
      "var_72":{"x":89.808,"y":2.1963},
      "var_73":{"x":91.125,"y":3.9148},
      "var_78":{"x":91.051,"y":1.6799},
      "var_79":{"x":91.512,"y":7.6428},
      "var_93":{"x":38.588,"y":5.421},
      "c_142":{"x":91.634,"y":20.558},
      "c_143":{"x":91.923,"y":19.468},
      "c_140":{"x":93.442,"y":22.914},
      "c_141":{"x":90.717,"y":19.838},
      "c_146":{"x":85.543,"y":21.59},
      "c_147":{"x":86.213,"y":22.293},
      "c_144":{"x":90.64,"y":20.702},
      "c_145":{"x":92.279,"y":19.814},
      "c_148":{"x":86.309,"y":21.115},
      "c_149":{"x":85.546,"y":22.525},
      "c_28":{"x":61.366,"y":32.726},
      "c_29":{"x":61.27,"y":31.965},
      "c_24":{"x":38.574,"y":28.188},
      "c_25":{"x":36.696,"y":29.537},
      "c_26":{"x":62.451,"y":29.226},
      "c_27":{"x":65.101,"y":29.908},
      "c_20":{"x":37.243,"y":29.201},
      "c_21":{"x":37.045,"y":30.314},
      "c_22":{"x":36.948,"y":28.618},
      "c_23":{"x":40.949,"y":28.609},
      "c_137":{"x":92.551,"y":24.765},
      "c_136":{"x":91.424,"y":23.345},
      "c_135":{"x":92.688,"y":23.6},
      "c_134":{"x":90.575,"y":25.382},
      "c_133":{"x":91.893,"y":23.07},
      "c_132":{"x":91.304,"y":25.411},
      "c_131":{"x":90.416,"y":24.097},
      "c_130":{"x":93.376,"y":22.244},
      "c_139":{"x":91.373,"y":24.742},
      "c_138":{"x":92.635,"y":22.471},
      "c_249":{"x":37.561,"y":8.4147},
      "c_248":{"x":36.556,"y":4.3089},
      "var_29":{"x":67.766,"y":14.444},
      "var_28":{"x":69.028,"y":18.862},
      "var_27":{"x":75.018,"y":12.088},
      "c_240":{"x":40.909,"y":5.6779},
      "c_243":{"x":35.517,"y":4.4535},
      "c_242":{"x":36.052,"y":3.9477},
      "c_245":{"x":39.765,"y":6.4065},
      "c_244":{"x":36.658,"y":8.3325},
      "c_247":{"x":37.176,"y":4.0001},
      "c_246":{"x":36.932,"y":7.9493},
      "c_59":{"x":69.447,"y":14.9},
      "c_58":{"x":70.571,"y":17.62},
      "c_51":{"x":68.954,"y":14.197},
      "c_50":{"x":64.276,"y":29.563},
      "c_53":{"x":70.117,"y":16.752},
      "c_52":{"x":73.018,"y":12.797},
      "c_55":{"x":70.864,"y":13.186},
      "c_54":{"x":68.915,"y":13.579},
      "c_57":{"x":73.51,"y":13.808},
      "c_56":{"x":69.581,"y":15.624},
      "c_258":{"x":75.449,"y":14.39},
      "c_259":{"x":86.656,"y":25.166},
      "var_38":{"x":66.75,"y":1.4335},
      "c_253":{"x":49.747,"y":27.575},
      "c_205":{"x":0.24171,"y":15.022},
      "c_204":{"x":4.3388,"y":14.25},
      "c_207":{"x":0.96735,"y":10.23},
      "c_206":{"x":1.2342,"y":11.508},
      "c_201":{"x":0.47659,"y":13.708},
      "c_200":{"x":91.431,"y":1.2666},
      "c_203":{"x":1.0308,"y":14.722},
      "c_202":{"x":0.097222,"y":12.908},
      "c_209":{"x":5.0855,"y":12.53},
      "c_208":{"x":2.1591,"y":12.394},
      "c_195":{"x":90.646,"y":0.7724},
      "c_194":{"x":91.726,"y":5.1666},
      "c_197":{"x":88.21,"y":4.6337},
      "c_196":{"x":93.138,"y":2.1049},
      "c_191":{"x":92.154,"y":1.6262},
      "c_190":{"x":90.689,"y":2.1561},
      "c_193":{"x":91.987,"y":0.96897},
      "c_192":{"x":87.628,"y":4.2858},
      "c_199":{"x":92.567,"y":5.4057},
      "c_198":{"x":92.715,"y":1.4558},
      "c_15":{"x":36.57,"y":24.117},
      "c_14":{"x":37.824,"y":23.401},
      "c_17":{"x":37.489,"y":28.138},
      "c_16":{"x":37.645,"y":29.962},
      "c_11":{"x":36.997,"y":24.48},
      "c_10":{"x":36.021,"y":29.479},
      "c_13":{"x":40.34,"y":23.617},
      "c_12":{"x":36.698,"y":23.581},
      "c_19":{"x":38.973,"y":27.699},
      "c_18":{"x":41.27,"y":28.184},
      "c_108":{"x":83.205,"y":24.439},
      "c_109":{"x":80.241,"y":25.812},
      "c_106":{"x":83.804,"y":24.453},
      "c_107":{"x":82.488,"y":24.573},
      "c_104":{"x":77.52,"y":22.186},
      "c_105":{"x":80.377,"y":21.774},
      "c_102":{"x":79.198,"y":21.375},
      "c_103":{"x":79.915,"y":21.094},
      "c_100":{"x":66.821,"y":0.82703},
      "c_101":{"x":80.339,"y":20.975},
      "var_16":{"x":62.374,"y":26.619},
      "var_17":{"x":66.784,"y":27.429},
      "var_14":{"x":56.477,"y":29.004},
      "var_15":{"x":66.801,"y":27.22},
      "var_12":{"x":63.46,"y":31.106},
      "var_13":{"x":56.501,"y":28.47},
      "var_10":{"x":36.143,"y":27.571},
      "var_11":{"x":62.811,"y":31.439},
      "var_18":{"x":60.589,"y":31.076},
      "var_19":{"x":60.826,"y":30.183},
      "var_63":{"x":17.914,"y":16.159},
      "var_62":{"x":21.52,"y":18.771},
      "var_61":{"x":29.083,"y":13.855},
      "var_60":{"x":91.127,"y":21.926},
      "var_67":{"x":23.669,"y":17.956},
      "var_66":{"x":23.941,"y":17.328},
      "var_65":{"x":29.305,"y":20.601},
      "var_64":{"x":21.133,"y":17.671},
      "var_69":{"x":23.362,"y":16.793},
      "var_68":{"x":23.707,"y":16.304},
      "var_43":{"x":80.667,"y":26.559},
      "c_268":{"x":80.455,"y":8.7318},
      "c_151":{"x":26.467,"y":15.412},
      "c_150":{"x":86.639,"y":21.515},
      "c_153":{"x":26.222,"y":14.615},
      "c_152":{"x":26.274,"y":15.818},
      "c_155":{"x":26.153,"y":16.238},
      "c_154":{"x":25.988,"y":15.016},
      "c_157":{"x":22.389,"y":19.394},
      "c_156":{"x":22.623,"y":18.637},
      "c_159":{"x":21.705,"y":17.665},
      "c_158":{"x":22.136,"y":17.17},
      "c_227":{"x":37.475,"y":2.7109},
      "c_226":{"x":36.866,"y":7.267},
      "c_225":{"x":2.817,"y":12.739},
      "c_224":{"x":5.372,"y":12.007},
      "c_223":{"x":2.8029,"y":12.02},
      "var_80":{"x":89.66,"y":1.2951},
      "c_234":{"x":36.063,"y":8.3099},
      "c_263":{"x":36.082,"y":23.577},
      "c_221":{"x":1.8881,"y":10.394},
      "c_220":{"x":1.219,"y":15.299},
      "var_58":{"x":90.543,"y":21.442},
      "var_59":{"x":89.096,"y":23.672},
      "var_52":{"x":91.876,"y":24.782},
      "var_53":{"x":93.086,"y":24.028},
      "var_50":{"x":82.447,"y":23.967},
      "var_51":{"x":92.535,"y":23.139},
      "var_56":{"x":89.357,"y":22.167},
      "var_57":{"x":90.319,"y":23.294},
      "var_54":{"x":91.721,"y":17.82},
      "var_55":{"x":81.784,"y":21.076},
      "c_262":{"x":37.419,"y":15.548},
      "c_48":{"x":63.799,"y":29.428},
      "c_49":{"x":63.913,"y":28.8},
      "c_42":{"x":61.595,"y":28.323},