
{
  "id": "p_000020_00000000",
  "layout": {
    "bounds": [0.097222,0.097222,9.4922,7.9844],
    "vars": {
      "c_60":{"x":9.2781,"y":5.2977},
      "c_61":{"x":4.8472,"y":5.6909},
      "c_62":{"x":2.59,"y":2.3726},
      "c_63":{"x":8.2492,"y":7.3179},
      "c_64":{"x":7.5599,"y":3.8499},
      "c_65":{"x":8.0415,"y":3.7398},
      "c_66":{"x":7.1886,"y":2.4303},
      "c_67":{"x":0.19792,"y":3.6956},
      "c_68":{"x":6.8827,"y":4.1822},
      "c_69":{"x":5.3689,"y":0.55607},
      "c_91":{"x":3.1533,"y":3.6532},
      "c_90":{"x":8.7411,"y":2.8896},
      "c_15":{"x":6.0093,"y":1.3118},
      "c_14":{"x":5.2004,"y":3.8232},
      "c_17":{"x":5.7597,"y":2.256},
      "c_16":{"x":5.5659,"y":3.3045},
      "c_11":{"x":7.4761,"y":4.5072},
      "c_10":{"x":4.9157,"y":6.7529},
      "c_13":{"x":1.4225,"y":4.5881},
      "c_12":{"x":8.6935,"y":4.3178},
      "c_19":{"x":3.5626,"y":3.552},
      "c_18":{"x":5.8685,"y":4.854},
      "c_9":{"x":3.9463,"y":1.5089},
      "c_8":{"x":3.6177,"y":6.9511},
      "c_5":{"x":4.4581,"y":7.7916},
      "c_4":{"x":0.8552,"y":6.1675},
      "c_7":{"x":6.6485,"y":0.28434},
      "c_6":{"x":6.7648,"y":1.7727},
      "c_1":{"x":3.8823,"y":1.1085},
      "c_3":{"x":8.3797,"y":3.9219},
      "c_2":{"x":7.3125,"y":3.3714},
      "var_16":{"x":2.131,"y":5.9528},
      "var_17":{"x":6.2009,"y":2.6348},
      "var_14":{"x":2.2844,"y":3.7889},
      "var_15":{"x":5.8566,"y":6.0403},
      "var_12":{"x":6.3746,"y":3.5809},
      "var_13":{"x":6.4846,"y":5.922},
      "var_10":{"x":4.1782,"y":5.7569},
      "var_11":{"x":4.5699,"y":3.4551},
      "c_86":{"x":6.2242,"y":0.097222},
      "c_87":{"x":1.9089,"y":2.6951},
      "c_84":{"x":9.2998,"y":3.886},
      "c_85":{"x":2.5236,"y":6.6519},
      "c_82":{"x":9.1514,"y":6.8119},
      "c_83":{"x":9.4922,"y":4.7631},
      "var_18":{"x":4.3283,"y":3.6266},
      "var_19":{"x":4.8189,"y":1.4233},
      "c_39":{"x":7.8641,"y":4.2728},
      "c_38":{"x":0.88024,"y":5.3877},
      "c_33":{"x":3.4343,"y":4.5385},
      "c_32":{"x":4.4882,"y":4.7784},
      "c_31":{"x":5.8543,"y":7.9844},
      "c_30":{"x":3.5528,"y":1.3444},
      "c_37":{"x":4.9393,"y":0.54353},
      "c_36":{"x":0.097222,"y":4.827},
      "c_35":{"x":4.8957,"y":7.9746},
      "c_34":{"x":2.2239,"y":7.4844},
      "c_28":{"x":2.7019,"y":1.2633},
      "c_29":{"x":1.8901,"y":4.7064},
      "c_24":{"x":5.7469,"y":7.2382},
      "c_25":{"x":5.7082,"y":4.1141},
      "c_26":{"x":4.6548,"y":5.1462},
      "c_27":{"x":3.503,"y":2.6567},
      "c_20":{"x":6.0794,"y":3.7878},
      "c_21":{"x":7.2606,"y":5.5946},
      "c_22":{"x":4.1332,"y":6.5583},
      "c_23":{"x":3.3162,"y":1.8721},
      "c_88":{"x":3.9154,"y":3.5491},
      "c_89":{"x":5.5575,"y":1.1463},
      "var_20":{"x":1.8597,"y":4.0583},
      "c_80":{"x":4.1925,"y":4.3344},
      "c_81":{"x":7.9338,"y":7.7982},
      "c_59":{"x":1.7128,"y":1.8332},
      "c_58":{"x":6.8714,"y":6.127},
      "c_51":{"x":5.5783,"y":5.5267},
      "c_50":{"x":5.1374,"y":6.2547},
      "c_53":{"x":2.2719,"y":5.3515},
      "c_52":{"x":6.8128,"y":5.6571},
      "c_55":{"x":4.9805,"y":5.0863},
      "c_54":{"x":8.2637,"y":1.5238},
      "c_57":{"x":5.2323,"y":4.3836},
      "c_56":{"x":4.4295,"y":5.9327},
      "var_4":{"x":4.0038,"y":4.1288},
      "var_5":{"x":6.2082,"y":2.338},
      "var_6":{"x":6.8064,"y":6.5279},
      "var_7":{"x":3.7339,"y":5.594},
      "var_1":{"x":2.6201,"y":4.3091},
      "var_2":{"x":8.0729,"y":5.2508},
      "var_3":{"x":8.181,"y":5.7118},
      "var_8":{"x":7.8851,"y":2.8772},
      "var_9":{"x":4.8122,"y":4.1573},
      "c_48":{"x":2.6008,"y":3.1625},
      "c_49":{"x":2.939,"y":7.0364},
      "c_42":{"x":7.349,"y":0.60936},
      "c_43":{"x":2.8752,"y":3.8934},
      "c_40":{"x":4.2298,"y":6.2417},
      "c_41":{"x":4.8649,"y":3.0111},
      "c_46":{"x":1.7033,"y":6.2114},
      "c_47":{"x":3.8079,"y":2.1257},
      "c_44":{"x":2.6409,"y":5.8302},
      "c_45":{"x":4.3813,"y":7.0576},
      "c_79":{"x":6.5042,"y":4.4762},
      "c_78":{"x":6.0796,"y":6.2826},
      "c_77":{"x":8.0224,"y":3.2011},
      "c_76":{"x":6.9053,"y":2.817},
      "c_75":{"x":1.8203,"y":3.4335},
      "c_74":{"x":2.8346,"y":2.7604},
      "c_73":{"x":3.997,"y":2.7579},
      "c_72":{"x":6.2691,"y":7.2097},
      "c_71":{"x":2.1236,"y":2.2598},
      "c_70":{"x":7.0477,"y":4.8529}
     }
  }
}