
{
  "id": "p_000010_00000001",
  "layout": {
    "bounds": [0.097222,0.097222,2.3607,2.4082],
    "vars": {
      "var_16":{"x":0.72344,"y":1.8319},
      "var_17":{"x":0.73107,"y":0.81554},
      "var_14":{"x":0.43028,"y":1.1969},
      "var_15":{"x":1.8902,"y":1.5043},
      "var_12":{"x":1.5864,"y":1.844},
      "var_13":{"x":1.5522,"y":0.67884},
      "var_11":{"x":0.49327,"y":0.8042},
      "var_18":{"x":1.8283,"y":0.91654},
      "var_19":{"x":1.4664,"y":0.46642},
      "c_28":{"x":1.1639,"y":0.63179},
      "c_29":{"x":0.82416,"y":0.2108},
      "c_26":{"x":0.19839,"y":1.3955},
      "c_27":{"x":0.2171,"y":0.45693},
      "c_48":{"x":2.3607,"y":1.2033},
      "c_49":{"x":2.0664,"y":0.83679},
      "c_42":{"x":0.097222,"y":0.85145},
      "c_43":{"x":1.0894,"y":0.95675},
      "c_40":{"x":1.4679,"y":1.4143},
      "c_41":{"x":0.13867,"y":1.7449},
      "c_46":{"x":1.3809,"y":1.9704},
      "c_47":{"x":1.3832,"y":1.1011},
      "c_44":{"x":0.76806,"y":0.55157},
      "c_45":{"x":0.46823,"y":1.887},
      "var_20":{"x":1.1113,"y":1.9658},
      "c_39":{"x":1.7391,"y":0.097222},
      "c_38":{"x":2.0857,"y":0.45411},
      "c_33":{"x":2.1353,"y":1.5297},
      "c_32":{"x":1.0549,"y":1.477},
      "c_31":{"x":1.0897,"y":2.2938},
      "c_30":{"x":0.59029,"y":1.4997},
      "c_37":{"x":1.1156,"y":0.29603},
      "c_36":{"x":1.0845,"y":1.2552},
      "c_35":{"x":1.4734,"y":2.4082},
      "c_34":{"x":1.7554,"y":1.1571},
      "c_50":{"x":1.7729,"y":2.1031}
     }
  }
}