
{
  "id": "p_000010_00000002",
  "layout": {
    "bounds": [0.097222,0.097222,3.2472,3.3623],
    "vars": {
      "var_50":{"x":1.0384,"y":0.73054},
      "c_119":{"x":2.8935,"y":2.2595},
      "c_118":{"x":1.6854,"y":0.89737},
      "c_115":{"x":1.7225,"y":0.097222},
      "c_114":{"x":2.5361,"y":1.7828},
      "c_117":{"x":3.2472,"y":1.8778},
      "c_116":{"x":2.9621,"y":1.0272},
      "c_111":{"x":2.7347,"y":0.42745},
      "c_110":{"x":0.68247,"y":1.7586},
      "c_113":{"x":1.3916,"y":0.42297},
      "c_112":{"x":3.0197,"y":1.4373},
      "var_49":{"x":2.1197,"y":2.7088},
      "var_48":{"x":0.66271,"y":1.1133},
      "var_41":{"x":0.94153,"y":2.1904},
      "var_43":{"x":2.3598,"y":0.74273},
      "var_42":{"x":1.0473,"y":2.6375},
      "var_45":{"x":0.96189,"y":1.4689},
      "var_44":{"x":2.6258,"y":1.2901},
      "var_47":{"x":2.5363,"y":2.2871},
      "var_46":{"x":2.155,"y":1.1871},
      "c_120":{"x":1.9817,"y":0.5431},
      "c_121":{"x":1.4491,"y":1.0689},
      "c_122":{"x":1.8761,"y":1.9054},
      "c_123":{"x":0.097222,"y":1.0871},
      "c_124":{"x":1.3493,"y":2.4086},
      "c_125":{"x":0.43396,"y":0.69003},
      "c_108":{"x":0.30721,"y":2.0973},
      "c_109":{"x":1.5185,"y":3.3623},
      "c_106":{"x":1.6105,"y":2.0273},
      "c_107":{"x":1.9151,"y":2.9915},
      "c_104":{"x":1.387,"y":2.9962},
      "c_105":{"x":0.61334,"y":1.3691},
      "c_102":{"x":1.8023,"y":2.5575},
      "c_103":{"x":0.13554,"y":1.7494},
      "c_101":{"x":1.499,"y":1.637}
     }
  }
}