
{
  "id": "p_000010_00000000",
  "layout": {
    "bounds": [0.097222,0.097222,3.1682,3.1742],
    "vars": {
      "c_216":{"x":1.6418,"y":3.1742},
      "c_217":{"x":0.89405,"y":1.5895},
      "c_214":{"x":0.24039,"y":1.7953},
      "c_215":{"x":0.96078,"y":0.13192},
      "c_212":{"x":0.27766,"y":0.34418},
      "c_213":{"x":1.4888,"y":1.0115},
      "c_210":{"x":0.75709,"y":0.54415},
      "c_211":{"x":1.0015,"y":1.9225},
      "c_218":{"x":2.2475,"y":2.4094},
      "c_219":{"x":0.97072,"y":3.0206},
      "var_89":{"x":0.96441,"y":2.3115},
      "var_88":{"x":2.3041,"y":1.4974},
      "var_85":{"x":2.6103,"y":1.5224},
      "var_84":{"x":1.4395,"y":2.3936},
      "var_87":{"x":0.96264,"y":0.67106},
      "var_86":{"x":1.6997,"y":2.5329},
      "var_81":{"x":2.2955,"y":0.92783},
      "c_222":{"x":1.9373,"y":0.81982},
      "var_83":{"x":0.65336,"y":1.0088},
      "var_82":{"x":0.42975,"y":1.4942},
      "c_205":{"x":2.3446,"y":0.097222},
      "c_204":{"x":1.7399,"y":1.7467},
      "c_207":{"x":0.097222,"y":0.84294},
      "c_206":{"x":0.69751,"y":2.4222},
      "c_201":{"x":2.3507,"y":1.8905},
      "c_203":{"x":2.9709,"y":1.0177},
      "c_202":{"x":1.6483,"y":0.19659},
      "c_209":{"x":0.123,"y":2.2407},
      "c_208":{"x":1.3067,"y":1.4853},
      "c_225":{"x":2.5895,"y":0.60728},
      "c_224":{"x":1.9401,"y":2.1953},
      "c_223":{"x":3.1682,"y":1.6019},
      "c_221":{"x":2.6381,"y":2.4207},
      "c_220":{"x":1.6569,"y":1.3836},
      "var_90":{"x":1.6905,"y":0.43128}
     }
  }
}