
{
  "id": "p_000090_00000001",
  "layout": {
    "bounds": [0.097222,0.097222,38.603,28.398],
    "vars": {
      "c_142":{"x":27.386,"y":28.09},
      "var_48":{"x":7.7113,"y":14.068},
      "c_143":{"x":28.08,"y":27.802},
      "c_258":{"x":15.253,"y":16.56},
      "c_186":{"x":16.159,"y":0.16151},
      "c_187":{"x":17.384,"y":2.1072},
      "c_184":{"x":15.042,"y":4.6209},
      "c_185":{"x":14.496,"y":1.2466},
      "c_182":{"x":16.832,"y":2.8933},
      "c_183":{"x":14.181,"y":1.592},
      "c_180":{"x":15.056,"y":1.1671},
      "c_181":{"x":15.416,"y":1.2137},
      "var_34":{"x":37.55,"y":11.388},
      "c_45":{"x":0.41263,"y":24.032},
      "c_188":{"x":15.079,"y":0.33358},
      "c_189":{"x":15.481,"y":4.0717},
      "c_60":{"x":27.436,"y":12.81},
      "c_61":{"x":26.274,"y":9.4365},
      "c_62":{"x":27.895,"y":9.4735},
      "c_63":{"x":26.026,"y":9.899},
      "c_64":{"x":26.438,"y":9.9701},
      "c_65":{"x":27.357,"y":10.321},
      "c_66":{"x":24.901,"y":8.8815},
      "c_67":{"x":26.038,"y":8.9134},
      "c_68":{"x":24.484,"y":9.2721},
      "c_69":{"x":24.873,"y":9.2416},
      "c_145":{"x":27.038,"y":27.854},
      "var_33":{"x":34.26,"y":10.826},
      "var_38":{"x":37.324,"y":11.356},
      "c_179":{"x":15.385,"y":4.5468},
      "c_178":{"x":14.776,"y":1.4715},
      "var_100":{"x":36.334,"y":24.853},
      "var_39":{"x":36.845,"y":10.253},
      "c_173":{"x":14.365,"y":22.823},
      "c_172":{"x":14.52,"y":22.224},
      "c_171":{"x":13.197,"y":22.898},
      "c_170":{"x":15.773,"y":21.534},
      "c_177":{"x":17.187,"y":2.7046},
      "c_176":{"x":15.92,"y":1.0586},
      "c_175":{"x":16.453,"y":22.986},
      "c_174":{"x":17.392,"y":22.925},
      "c_149":{"x":27.173,"y":23.613},
      "c_99":{"x":37.927,"y":10.766},
      "c_200":{"x":14.083,"y":0.89092},
      "c_95":{"x":36.08,"y":13.275},
      "c_94":{"x":37.804,"y":10.07},
      "c_97":{"x":38.504,"y":11.206},
      "c_96":{"x":38.054,"y":11.125},
      "c_91":{"x":37.812,"y":10.382},
      "c_90":{"x":34.45,"y":12.921},
      "c_93":{"x":38.464,"y":10.891},
      "c_92":{"x":38.312,"y":10.412},
      "c_195":{"x":15.616,"y":0.63314},
      "c_194":{"x":15.69,"y":4.3282},
      "c_197":{"x":16.666,"y":2.594},
      "c_196":{"x":14.827,"y":0.74797},
      "c_191":{"x":16.359,"y":0.65842},
      "c_190":{"x":15.391,"y":0.097222},
      "c_193":{"x":15.306,"y":0.85367},
      "c_192":{"x":17.521,"y":2.3822},
      "var_97":{"x":35.427,"y":25.649},
      "c_199":{"x":14.808,"y":4.4011},
      "c_198":{"x":13.83,"y":1.2087},
      "c_15":{"x":25.082,"y":18.496},
      "c_14":{"x":22.526,"y":17.724},
      "c_17":{"x":21.779,"y":18.686},
      "c_16":{"x":22.446,"y":19.389},
      "c_11":{"x":25.179,"y":18.153},
      "c_10":{"x":22.545,"y":18.439},
      "c_13":{"x":24.901,"y":17.903},
      "c_12":{"x":24.669,"y":17.526},
      "c_19":{"x":19.788,"y":18.992},
      "c_18":{"x":22.182,"y":19.162},
      "var_74":{"x":16.091,"y":1.9917},
      "var_75":{"x":14.822,"y":2.1722},
      "var_76":{"x":15.709,"y":0.28281},
      "var_77":{"x":18.421,"y":3.4131},
      "var_70":{"x":17.639,"y":22.243},
      "var_71":{"x":15.66,"y":2.399},
      "var_72":{"x":15.165,"y":2.515},
      "var_73":{"x":15.892,"y":1.5761},
      "c_106":{"x":8.1877,"y":16.595},
      "c_4":{"x":20.286,"y":18.525},
      "c_7":{"x":22.037,"y":17.203},
      "c_6":{"x":22.716,"y":18.095},
      "var_78":{"x":14.357,"y":0.68933},
      "var_79":{"x":15.24,"y":6.742},
      "c_3":{"x":22.813,"y":18.848},
      "c_101":{"x":8.6139,"y":15.309},
      "var_16":{"x":5.502,"y":24.187},
      "var_17":{"x":1.1806,"y":25.325},
      "var_14":{"x":1.5561,"y":23.965},
      "var_15":{"x":1.3428,"y":24.321},
      "var_12":{"x":4.6373,"y":24.192},
      "var_13":{"x":1.5244,"y":24.998},
      "c_88":{"x":35.98,"y":10.867},
      "var_11":{"x":2.1043,"y":25.346},
      "c_86":{"x":35.64,"y":10.331},
      "c_87":{"x":35.938,"y":10.368},
      "c_84":{"x":37.662,"y":11.114},
      "c_85":{"x":36.112,"y":13.929},
      "c_82":{"x":38.171,"y":11.597},
      "c_83":{"x":38.337,"y":12.069},
      "c_80":{"x":34.255,"y":13.274},
      "var_19":{"x":1.5513,"y":25.766},
      "var_43":{"x":11.664,"y":15.274},
      "var_63":{"x":15.244,"y":17.473},
      "var_62":{"x":15.129,"y":23.295},
      "var_61":{"x":13.654,"y":22.205},
      "var_60":{"x":26.025,"y":27.413},
      "var_67":{"x":14.02,"y":21.138},
      "var_66":{"x":11.449,"y":22.189},
      "var_65":{"x":15.253,"y":22.97},
      "var_64":{"x":14.021,"y":20.628},
      "c_115":{"x":9.8322,"y":14.311},
      "c_114":{"x":11.939,"y":14.093},
      "var_69":{"x":19.478,"y":22.425},
      "c_116":{"x":9.0794,"y":14.812},
      "c_111":{"x":10.571,"y":15.823},
      "c_110":{"x":7.0874,"y":15.015},
      "c_113":{"x":9.6154,"y":14.564},
      "c_8":{"x":22.291,"y":17.799},
      "var_42":{"x":7.1038,"y":16.451},
      "c_108":{"x":6.7277,"y":15.174},
      "c_112":{"x":9.6562,"y":15.009},
      "var_56":{"x":26.681,"y":27.549},
      "c_109":{"x":9.8044,"y":14.791},
      "c_159":{"x":17.34,"y":23.203},
      "c_5":{"x":22.908,"y":19.51},
      "c_39":{"x":0.80684,"y":26.085},
      "c_38":{"x":1.9602,"y":23.344},
      "c_107":{"x":6.8482,"y":15.512},
      "c_33":{"x":3.6728,"y":23.049},
      "c_32":{"x":2.8492,"y":24.942},
      "c_31":{"x":4.9636,"y":24.79},
      "c_30":{"x":0.9775,"y":25.668},
      "c_37":{"x":0.46118,"y":25.757},
      "c_36":{"x":3.4876,"y":24.743},
      "c_35":{"x":2.6935,"y":24.533},
      "c_34":{"x":3.1039,"y":25.281},
      "var_68":{"x":13.995,"y":21.629},
      "c_105":{"x":7.1535,"y":13.327},
      "c_104":{"x":10.319,"y":13.38},
      "c_1":{"x":23.077,"y":19.151},
      "c_103":{"x":6.9649,"y":13.676},
      "c_238":{"x":36.138,"y":26.235},
      "c_121":{"x":8.7856,"y":14.926},
      "c_122":{"x":7.3973,"y":13.651},
      "c_123":{"x":7.3165,"y":13.053},
      "c_124":{"x":10.433,"y":12.992},
      "c_100":{"x":36.262,"y":13.688},
      "var_98":{"x":35.424,"y":25.099},
      "var_99":{"x":35.879,"y":25.89},
      "var_96":{"x":35.902,"y":24.74},
      "c_129":{"x":26.7,"y":24.282},
      "c_232":{"x":35.856,"y":23.85},
      "c_233":{"x":35.857,"y":23.496},
      "var_92":{"x":36.0,"y":22.039},
      "c_235":{"x":36.702,"y":23.336},
      "c_236":{"x":36.832,"y":25.709},
      "c_237":{"x":36.105,"y":26.797},
      "var_30":{"x":26.949,"y":11.63},
      "var_31":{"x":33.921,"y":11.449},
      "c_140":{"x":24.677,"y":26.748},
      "c_141":{"x":27.693,"y":27.929},
      "c_146":{"x":27.211,"y":26.765},
      "c_147":{"x":26.829,"y":26.891},
      "var_36":{"x":36.882,"y":10.761},
      "var_37":{"x":37.289,"y":10.744},
      "c_252":{"x":20.757,"y":24.0},
      "c_253":{"x":7.9969,"y":23.257},
      "c_250":{"x":37.701,"y":25.436},
      "c_251":{"x":17.188,"y":12.166},
      "c_256":{"x":31.021,"y":10.586},
      "c_257":{"x":19.374,"y":21.133},
      "c_254":{"x":35.308,"y":18.544},
      "c_255":{"x":25.164,"y":13.744},
      "var_59":{"x":26.922,"y":21.463},
      "c_28":{"x":2.3414,"y":23.587},
      "c_29":{"x":1.5805,"y":26.428},
      "c_259":{"x":21.294,"y":5.5806},
      "c_24":{"x":21.026,"y":16.752},
      "c_25":{"x":23.655,"y":17.281},
      "c_26":{"x":3.8331,"y":25.037},
      "c_27":{"x":1.2409,"y":26.159},
      "c_20":{"x":22.384,"y":19.747},
      "c_21":{"x":23.865,"y":16.993},
      "c_22":{"x":23.04,"y":16.456},
      "c_23":{"x":23.445,"y":16.833},
      "c_102":{"x":7.0872,"y":14.104},
      "var_10":{"x":23.545,"y":18.76},
      "c_119":{"x":10.708,"y":12.914},
      "c_89":{"x":35.59,"y":9.9537},
      "c_137":{"x":24.883,"y":26.998},
      "c_136":{"x":25.152,"y":26.762},
      "c_135":{"x":27.131,"y":27.143},
      "c_134":{"x":27.552,"y":23.821},
      "c_133":{"x":28.207,"y":27.217},
      "c_132":{"x":27.503,"y":27.445},
      "c_131":{"x":27.8,"y":27.305},
      "c_228":{"x":36.758,"y":25.332},
      "c_227":{"x":36.792,"y":26.085},
      "c_226":{"x":37.303,"y":24.917},
      "var_80":{"x":14.69,