
{
  "id": "p_000042_00000000",
  "layout": {
    "bounds": [0.097222,0.097222,10.172,10.685],
    "vars": {
      "c_60":{"x":3.5894,"y":1.0959},
      "c_61":{"x":6.4123,"y":1.0964},
      "c_62":{"x":5.2089,"y":0.40414},
      "c_63":{"x":4.9036,"y":0.80433},
      "c_64":{"x":1.301,"y":8.1992},
      "c_65":{"x":1.6007,"y":7.1803},
      "c_66":{"x":1.3823,"y":8.827},
      "c_67":{"x":1.9918,"y":8.2576},
      "c_68":{"x":1.8442,"y":8.8835},
      "c_69":{"x":1.1463,"y":7.6551},
      "c_99":{"x":1.2131,"y":1.7969},
      "c_98":{"x":1.3236,"y":3.8931},
      "c_95":{"x":1.2795,"y":2.0442},
      "c_94":{"x":0.95905,"y":3.9483},
      "c_97":{"x":2.1543,"y":1.9139},
      "c_96":{"x":0.58349,"y":3.3748},
      "c_91":{"x":0.82383,"y":2.3815},
      "c_90":{"x":1.4471,"y":2.4993},
      "c_93":{"x":1.8143,"y":2.1688},
      "c_92":{"x":0.28391,"y":3.6946},
      "c_15":{"x":4.5714,"y":8.0636},
      "c_14":{"x":5.9385,"y":9.1024},
      "c_17":{"x":4.7297,"y":10.685},
      "c_16":{"x":5.1808,"y":10.321},
      "c_11":{"x":3.1783,"y":9.5268},
      "c_10":{"x":4.4487,"y":10.404},
      "c_13":{"x":6.1829,"y":8.659},
      "c_12":{"x":5.3903,"y":9.3051},
      "c_19":{"x":6.06,"y":9.4926},
      "c_18":{"x":3.365,"y":9.8877},
      "c_9":{"x":4.9347,"y":9.9659},
      "c_8":{"x":3.7645,"y":10.425},
      "c_108":{"x":9.0927,"y":4.9469},
      "c_109":{"x":9.7943,"y":3.4568},
      "c_106":{"x":9.291,"y":3.1508},
      "c_4":{"x":5.5566,"y":10.046},
      "c_104":{"x":2.2181,"y":1.6234},
      "c_105":{"x":1.7976,"y":3.2392},
      "c_102":{"x":1.0976,"y":3.255},
      "c_103":{"x":2.4922,"y":3.5562},
      "c_3":{"x":3.8485,"y":9.4037},
      "c_101":{"x":0.7913,"y":4.6827},
      "var_16":{"x":2.0225,"y":5.9428},
      "var_17":{"x":2.2297,"y":3.1054},
      "var_14":{"x":8.1927,"y":6.7199},
      "var_15":{"x":5.3511,"y":1.414},
      "var_12":{"x":8.0037,"y":3.7294},
      "var_13":{"x":5.4395,"y":7.6507},
      "var_10":{"x":1.6768,"y":6.8835},
      "var_11":{"x":1.914,"y":3.5201},
      "c_86":{"x":0.92321,"y":2.9457},
      "c_87":{"x":0.5013,"y":4.1226},
      "c_84":{"x":0.69572,"y":7.5736},
      "c_85":{"x":0.60893,"y":3.0709},
      "c_82":{"x":1.6697,"y":8.313},
      "c_83":{"x":0.81634,"y":6.765},
      "c_80":{"x":0.90819,"y":8.7514},
      "var_19":{"x":4.3684,"y":9.1396},
      "c_119":{"x":9.7745,"y":3.7225},
      "c_118":{"x":9.7586,"y":2.732},
      "c_115":{"x":9.5496,"y":4.0191},
      "c_114":{"x":9.7228,"y":3.161},
      "c_117":{"x":9.0843,"y":4.0196},
      "c_116":{"x":8.4997,"y":2.3799},
      "c_111":{"x":8.4295,"y":2.6982},
      "c_110":{"x":9.8165,"y":4.3828},
      "c_113":{"x":8.982,"y":4.4227},
      "c_112":{"x":9.2439,"y":2.3292},
      "c_5":{"x":5.6575,"y":9.7962},
      "c_39":{"x":7.631,"y":8.1771},
      "c_38":{"x":7.9677,"y":9.5781},
      "c_107":{"x":9.0861,"y":2.5347},
      "c_33":{"x":8.3769,"y":8.1907},
      "c_32":{"x":8.4319,"y":7.6991},
      "c_31":{"x":8.6322,"y":9.0943},
      "c_30":{"x":8.9982,"y":8.4034},
      "c_37":{"x":8.3475,"y":8.7578},
      "c_36":{"x":9.0886,"y":6.4858},
      "c_35":{"x":9.2778,"y":8.1768},
      "c_34":{"x":9.7691,"y":7.121},
      "c_6":{"x":3.605,"y":9.1472},
      "c_1":{"x":4.3462,"y":10.011},
      "c_120":{"x":8.4812,"y":1.9525},
      "c_121":{"x":9.4986,"y":4.7387},
      "c_122":{"x":9.4926,"y":5.2374},
      "c_123":{"x":8.3585,"y":3.6595},
      "c_124":{"x":10.172,"y":4.3873},
      "c_125":{"x":8.9906,"y":2.7653},
      "c_126":{"x":8.8877,"y":3.4098},
      "c_127":{"x":5.3394,"y":5.6757},
      "c_128":{"x":4.7667,"y":5.3951},
      "c_129":{"x":5.2504,"y":4.6382},
      "c_2":{"x":5.6604,"y":8.2342},
      "var_30":{"x":8.6638,"y":3.9769},
      "var_31":{"x":5.1321,"y":9.0754},
      "var_32":{"x":7.9209,"y":8.1532},
      "var_33":{"x":5.639,"y":2.4196},
      "var_34":{"x":2.2789,"y":7.646},
      "var_35":{"x":2.4294,"y":4.5821},
      "var_36":{"x":8.5341,"y":4.7413},
      "var_37":{"x":3.8963,"y":8.2095},
      "var_38":{"x":7.619,"y":6.6349},
      "var_39":{"x":4.5169,"y":1.7503},
      "c_28":{"x":9.0608,"y":7.7402},
      "c_29":{"x":7.6388,"y":9.199},
      "c_24":{"x":8.128,"y":9.1582},
      "c_25":{"x":9.7019,"y":8.0724},
      "c_26":{"x":8.7711,"y":9.3669},
      "c_27":{"x":8.9703,"y":7.184},
      "c_20":{"x":4.3664,"y":9.5059},
      "c_21":{"x":3.9321,"y":9.8614},
      "c_22":{"x":8.8139,"y":8.763},
      "c_23":{"x":9.5459,"y":7.512},
      "c_88":{"x":1.698,"y":2.7973},
      "c_89":{"x":1.2013,"y":4.4648},
      "c_133":{"x":4.5995,"y":4.8921},
      "c_132":{"x":5.3552,"y":6.0435},
      "c_131":{"x":5.5919,"y":5.2747},
      "c_130":{"x":4.5018,"y":6.0799},
      "var_29":{"x":2.9983,"y":3.1099},
      "var_28":{"x":2.3416,"y":6.8914},
      "var_27":{"x":5.831,"y":1.8934},
      "var_26":{"x":8.3576,"y":7.253},
      "var_25":{"x":5.432,"y":8.576},
      "var_24":{"x":7.8582,"y":4.9716},
      "var_23":{"x":1.7084,"y":4.3925},
      "var_22":{"x":1.6018,"y":7.53},
      "var_21":{"x":4.3001,"y":2.5961},
      "var_20":{"x":7.0313,"y":8.2222},
      "var_18":{"x":8.2184,"y":3.216},
      "c_81":{"x":0.11387,"y":7.3283},
      "c_100":{"x":1.4644,"y":3.1039},
      "c_59":{"x":4.6666,"y":1.518},
      "c_58":{"x":4.7044,"y":1.155},
      "c_51":{"x":5.5998,"y":0.44707},
      "c_50":{"x":3.8884,"y":1.3531},
      "c_53":{"x":4.1866,"y":0.43284},
      "c_52":{"x":5.5423,"y":0.92496},
      "c_55":{"x":6.1062,"y":0.16464},
      "c_54":{"x":4.1905,"y":0.92095},
      "c_57":{"x":4.5765,"y":0.10332},
      "c_56":{"x":6.0717,"y":0.63364},
      "var_4":{"x":2.6016,"y":7.5927},
      "var_5":{"x":2.1755,"y":3.9546},
      "var_6":{"x":8.2789,"y":4.0743},
      "var_7":{"x":4.269,"y":8.7444},
      "var_1":{"x":4.8927,"y":8.5909},
      "var_2":{"x":8.0621,"y":7.6986},
      "var_3":{"x":6.0945,"y":2.5124},
      "var_8":{"x":7.5388,"y":7.6931},
      "var_9":{"x":4.9076,"y":1.9248},
      "c_48":{"x":5.6236,"y":1.512},
      "c_49":{"x":5.0185,"y":0.097222},
      "c_42":{"x":8.7882,"y":7.6},
      "c_43":{"x":6.0185,"y":1.2153},
      "c_40":{"x":9.4177,"y":8.6446},
      "c_41":{"x":9.263,"y":6.8747},
      "c_46":{"x":6.9022,"y":1.1648},
      "c_47":{"x":6.6857,"y":1.6234},
      "c_44":{"x":6.5299,"y":0.77093},
      "c_45":{"x":5.2209,"y":1.9768},
      "c_7":{"x":4.8666,"y":8.9531},
      "var_41":{"x":2.3644,"y":2.8323},
      "var_40":{"x":1.5636,"y":6.3646},
      "var_42":{"x":7.4874,"y":3.2433},
      "c_79":{"x":0.76058,"y":7.9681},
      "c_78":{"x":0.45303,"y":5.8426},
      "c_77":{"x":1.2047,"y":6.9027},
      "c_76":{"x":1.1119,"y":6.2155},
      "c_75":{"x":0.47601,"y":6.7635},
      "c_74":{"x":0.097222,"y":6.6767},
      "c_73":{"x":0.85775,"y":8.2604},
      "c_72":{"x":0.73939,"y":7.2117},
      "c_71":{"x":0.24067,"y":7.9119},
      "c_70":{"x":0.54319,"y":6.2421}
     }
  }
}