
{
  "id": "p_000077_00000000",
  "layout": {
    "bounds": [0.097222,0.097222,43.671,35.166],
    "vars": {
      "c_60":{"x":38.794,"y":17.919},
      "c_61":{"x":38.589,"y":18.054},
      "c_62":{"x":37.585,"y":19.868},
      "c_63":{"x":41.421,"y":16.615},
      "c_64":{"x":36.983,"y":27.663},
      "c_65":{"x":37.494,"y":27.729},
      "c_66":{"x":36.737,"y":29.456},
      "c_67":{"x":8.8428,"y":17.703},
      "c_68":{"x":9.3869,"y":17.34},
      "c_69":{"x":8.3314,"y":16.268},
      "c_99":{"x":36.828,"y":23.606},
      "c_98":{"x":35.746,"y":27.745},
      "c_95":{"x":24.754,"y":17.416},
      "c_94":{"x":24.018,"y":17.557},
      "c_97":{"x":35.127,"y":18.795},
      "c_96":{"x":24.236,"y":15.99},
      "c_91":{"x":42.096,"y":27.519},
      "c_90":{"x":5.8471,"y":25.644},
      "c_93":{"x":43.453,"y":29.635},
      "c_92":{"x":41.611,"y":27.899},
      "c_15":{"x":8.1753,"y":18.09},
      "c_14":{"x":9.7125,"y":20.686},
      "c_17":{"x":11.273,"y":24.62},
      "c_16":{"x":5.8875,"y":17.151},
      "c_11":{"x":12.152,"y":20.141},
      "c_10":{"x":15.403,"y":20.83},
      "c_13":{"x":11.498,"y":19.397},
      "c_12":{"x":11.729,"y":19.025},
      "c_19":{"x":7.3754,"y":27.538},
      "c_18":{"x":8.3672,"y":27.957},
      "var_74":{"x":42.672,"y":29.131},
      "var_75":{"x":43.154,"y":28.709},
      "var_76":{"x":24.763,"y":16.462},
      "var_77":{"x":23.843,"y":16.616},
      "c_9":{"x":16.048,"y":21.417},
      "c_8":{"x":15.812,"y":19.923},
      "var_72":{"x":6.4452,"y":25.756},
      "var_73":{"x":6.0916,"y":26.392},
      "c_5":{"x":23.941,"y":14.966},
      "c_4":{"x":27.234,"y":17.958},
      "c_7":{"x":21.219,"y":18.878},
      "c_6":{"x":28.745,"y":19.212},
      "c_1":{"x":21.327,"y":19.3},
      "c_3":{"x":24.631,"y":21.243},
      "c_2":{"x":22.619,"y":17.95},
      "var_16":{"x":7.7734,"y":29.078},
      "var_17":{"x":6.2971,"y":28.495},
      "var_14":{"x":5.5298,"y":17.4},
      "var_15":{"x":8.6953,"y":26.532},
      "var_12":{"x":8.7961,"y":21.007},
      "var_13":{"x":6.7644,"y":17.629},
      "var_10":{"x":10.891,"y":20.198},
      "var_11":{"x":9.9683,"y":18.399},
      "c_86":{"x":42.588,"y":24.288},
      "c_87":{"x":43.671,"y":23.149},
      "c_84":{"x":0.097222,"y":32.639},
      "c_85":{"x":42.553,"y":23.638},
      "c_82":{"x":1.0514,"y":32.649},
      "c_83":{"x":0.89737,"y":33.763},
      "c_80":{"x":23.991,"y":25.22},
      "c_81":{"x":23.329,"y":27.176},
      "var_63":{"x":35.255,"y":14.202},
      "var_62":{"x":34.735,"y":13.935},
      "var_61":{"x":42.0,"y":28.467},
      "var_60":{"x":43.072,"y":27.51},
      "var_67":{"x":23.962,"y":26.612},
      "var_66":{"x":23.388,"y":26.305},
      "var_65":{"x":33.955,"y":31.881},
      "var_64":{"x":33.393,"y":31.767},
      "var_70":{"x":43.464,"y":23.857},
      "var_69":{"x":0.2871,"y":32.201},
      "var_68":{"x":0.2558,"y":33.368},
      "var_71":{"x":43.248,"y":22.887},
      "c_39":{"x":22.977,"y":10.016},
      "c_38":{"x":22.515,"y":10.78},
      "c_33":{"x":31.776,"y":16.979},
      "c_32":{"x":32.459,"y":29.229},
      "c_31":{"x":28.971,"y":28.318},
      "c_30":{"x":26.122,"y":25.71},
      "c_37":{"x":33.644,"y":24.235},
      "c_36":{"x":32.29,"y":20.874},
      "c_35":{"x":31.836,"y":17.654},
      "c_34":{"x":30.876,"y":18.23},
      "c_100":{"x":35.465,"y":27.097},
      "var_30":{"x":33.595,"y":16.902},
      "var_31":{"x":31.761,"y":19.101},
      "var_32":{"x":32.919,"y":22.606},
      "var_33":{"x":34.499,"y":25.739},
      "var_34":{"x":21.715,"y":9.9161},
      "var_35":{"x":22.232,"y":8.6523},
      "var_36":{"x":24.456,"y":7.5426},
      "var_37":{"x":19.988,"y":8.8061},
      "var_38":{"x":20.669,"y":5.3112},
      "var_39":{"x":19.457,"y":2.5792},
      "c_28":{"x":14.356,"y":11.769},
      "c_29":{"x":12.753,"y":11.234},
      "c_24":{"x":1.9318,"y":32.602},
      "c_25":{"x":1.9269,"y":34.49},
      "c_26":{"x":19.307,"y":16.154},
      "c_27":{"x":16.574,"y":13.701},
      "c_20":{"x":7.5917,"y":27.991},
      "c_21":{"x":7.5783,"y":30.375},
      "c_22":{"x":4.8456,"y":29.348},
      "c_23":{"x":2.5726,"y":30.898},
      "c_88":{"x":7.2743,"y":26.579},
      "c_89":{"x":7.5082,"y":26.064},
      "var_29":{"x":34.35,"y":28.976},
      "var_28":{"x":30.654,"y":29.018},
      "var_27":{"x":27.468,"y":27.182},
      "var_26":{"x":12.127,"y":11.378},
      "var_25":{"x":13.479,"y":11.205},
      "var_24":{"x":15.39,"y":12.63},
      "var_23":{"x":17.884,"y":14.886},
      "var_22":{"x":2.3565,"y":35.166},
      "var_21":{"x":1.6186,"y":33.454},
      "var_20":{"x":1.9283,"y":31.736},
      "var_18":{"x":7.4243,"y":31.333},
      "var_19":{"x":3.5734,"y":30.127},
      "c_59":{"x":37.907,"y":18.281},
      "c_58":{"x":39.619,"y":25.522},
      "c_51":{"x":35.099,"y":19.4},
      "c_50":{"x":35.339,"y":21.301},
      "c_53":{"x":39.185,"y":24.417},
      "c_52":{"x":35.824,"y":20.55},
      "c_55":{"x":39.485,"y":24.155},
      "c_54":{"x":39.125,"y":22.787},
      "c_57":{"x":41.33,"y":23.699},
      "c_56":{"x":38.994,"y":26.466},
      "var_58":{"x":8.7342,"y":16.517},
      "var_59":{"x":8.0058,"y":16.926},
      "var_52":{"x":38.343,"y":18.83},
      "var_53":{"x":39.949,"y":17.298},
      "var_50":{"x":41.474,"y":24.537},
      "var_51":{"x":37.597,"y":26.344},
      "var_56":{"x":37.352,"y":28.903},
      "var_57":{"x":36.823,"y":28.804},
      "var_54":{"x":36.46,"y":20.94},
      "var_55":{"x":42.506,"y":16.358},
      "var_4":{"x":24.854,"y":24.018},
      "var_5":{"x":29.984,"y":17.598},
      "var_6":{"x":23.409,"y":11.621},
      "var_7":{"x":33.029,"y":20.008},
      "var_1":{"x":24.477,"y":18.414},
      "var_2":{"x":18.203,"y":20.015},
      "var_3":{"x":20.866,"y":17.465},
      "var_8":{"x":13.482,"y":19.862},
      "var_9":{"x":13.879,"y":22.615},
      "c_48":{"x":25.259,"y":3.1867},
      "c_49":{"x":25.754,"y":2.0834},
      "c_42":{"x":20.73,"y":9.344},
      "c_43":{"x":21.427,"y":6.9172},
      "c_40":{"x":24.019,"y":9.51},
      "c_41":{"x":22.561,"y":10.08},
      "c_46":{"x":17.965,"y":0.50414},
      "c_47":{"x":24.825,"y":5.8178},
      "c_44":{"x":19.999,"y":3.9099},
      "c_45":{"x":19.029,"y":1.4148},
      "var_49":{"x":37.155,"y":26.311},
      "var_48":{"x":40.242,"y":23.395},
      "var_41":{"x":17.44,"y":0.097222},
      "var_40":{"x":18.61,"y":0.53346},
      "var_43":{"x":25.294,"y":2.2283},
      "var_42":{"x":25.084,"y":4.3407},
      "var_45":{"x":37.653,"y":22.536},
      "var_44":{"x":25.667,"y":1.3907},
      "var_47":{"x":40.635,"y":26.236},
      "var_46":{"x":37.119,"y":18.885},
      "c_79":{"x":24.452,"y":25.445},
      "c_78":{"x":33.358,"y":32.522},
      "c_77":{"x":33.704,"y":30.476},
      "c_76":{"x":34.154,"y":30.545},
      "c_75":{"x":35.408,"y":13.274},
      "c_74":{"x":34.129,"y":15.215},
      "c_73":{"x":34.562,"y":15.451},
      "c_72":{"x":42.602,"y":28.209},
      "c_71":{"x":42.045,"y":26.808},
      "c_70":{"x":41.368,"y":27.471}
     }
  }
}