
{
  "id": "p_000056_00000000",
  "layout": {
    "bounds": [0.097222,0.097222,18.184,17.79],
    "vars": {
      "c_142":{"x":5.0742,"y":3.044},
      "c_143":{"x":6.7161,"y":2.9851},
      "c_140":{"x":0.18587,"y":7.6442},
      "c_186":{"x":13.965,"y":14.79},
      "c_187":{"x":16.719,"y":11.784},
      "c_184":{"x":16.451,"y":13.908},
      "c_185":{"x":15.735,"y":14.966},
      "c_182":{"x":16.894,"y":13.482},
      "c_183":{"x":16.193,"y":12.281},
      "c_180":{"x":14.609,"y":14.812},
      "c_181":{"x":13.142,"y":14.637},
      "c_146":{"x":4.4377,"y":3.6455},
      "c_188":{"x":16.849,"y":12.863},
      "c_189":{"x":16.132,"y":13.912},
      "c_60":{"x":17.135,"y":7.3932},
      "c_61":{"x":16.04,"y":6.7802},
      "c_62":{"x":16.552,"y":9.8422},
      "c_63":{"x":17.059,"y":8.5047},
      "c_64":{"x":17.232,"y":6.7986},
      "c_65":{"x":16.589,"y":5.9633},
      "c_66":{"x":16.278,"y":5.2496},
      "c_67":{"x":15.767,"y":5.0362},
      "c_68":{"x":15.814,"y":8.4253},
      "c_69":{"x":16.416,"y":6.7704},
      "c_145":{"x":5.6698,"y":2.5768},
      "c_179":{"x":15.217,"y":13.644},
      "c_178":{"x":15.29,"y":11.941},
      "c_173":{"x":15.31,"y":14.764},
      "c_172":{"x":15.239,"y":13.03},
      "c_171":{"x":16.159,"y":14.544},
      "c_170":{"x":15.308,"y":15.417},
      "c_177":{"x":15.907,"y":13.242},
      "c_176":{"x":15.001,"y":14.339},
      "c_175":{"x":13.411,"y":15.693},
      "c_174":{"x":14.658,"y":15.872},
      "c_204":{"x":8.3487,"y":8.6519},
      "c_99":{"x":3.0387,"y":12.151},
      "c_200":{"x":10.453,"y":8.7391},
      "c_203":{"x":8.7626,"y":9.5668},
      "c_202":{"x":9.3535,"y":8.4723},
      "c_95":{"x":1.8871,"y":12.857},
      "c_94":{"x":1.7026,"y":11.39},
      "c_97":{"x":1.1849,"y":12.768},
      "c_96":{"x":1.5207,"y":13.511},
      "c_91":{"x":2.2825,"y":14.882},
      "c_90":{"x":3.0588,"y":15.638},
      "c_93":{"x":3.8162,"y":13.44},
      "c_92":{"x":2.7544,"y":13.403},
      "c_195":{"x":13.991,"y":14.174},
      "c_194":{"x":15.665,"y":14.28},
      "c_197":{"x":8.9772,"y":9.943},
      "c_196":{"x":13.491,"y":15.231},
      "c_191":{"x":16.044,"y":11.669},
      "c_190":{"x":14.535,"y":13.838},
      "c_193":{"x":14.436,"y":12.645},
      "c_192":{"x":15.565,"y":12.527},
      "c_199":{"x":9.6952,"y":8.6748},
      "c_198":{"x":8.3442,"y":8.4464},
      "c_15":{"x":10.294,"y":15.667},
      "c_14":{"x":11.488,"y":15.869},
      "c_17":{"x":8.9706,"y":14.963},
      "c_16":{"x":10.907,"y":15.734},
      "c_11":{"x":8.2936,"y":16.548},
      "c_10":{"x":7.8094,"y":16.258},
      "c_13":{"x":6.6299,"y":15.68},
      "c_12":{"x":6.9908,"y":16.967},
      "c_19":{"x":10.318,"y":16.458},
      "c_18":{"x":8.9457,"y":13.553},
      "c_9":{"x":9.1245,"y":16.263},
      "c_8":{"x":9.551,"y":14.158},
      "c_108":{"x":2.2024,"y":12.353},
      "c_109":{"x":1.7024,"y":11.93},
      "c_106":{"x":4.0104,"y":14.178},
      "c_4":{"x":9.1288,"y":16.963},
      "c_7":{"x":7.2277,"y":14.844},
      "c_6":{"x":7.9623,"y":17.79},
      "c_102":{"x":2.8494,"y":14.155},
      "c_103":{"x":4.2247,"y":12.207},
      "c_3":{"x":10.244,"y":17.303},
      "c_2":{"x":10.627,"y":15.117},
      "var_16":{"x":12.104,"y":3.2453},
      "var_17":{"x":15.65,"y":7.9582},
      "var_14":{"x":13.141,"y":12.616},
      "var_15":{"x":10.27,"y":13.516},
      "var_12":{"x":2.6383,"y":7.5517},
      "var_13":{"x":5.8315,"y":3.0793},
      "c_88":{"x":2.7291,"y":12.777},
      "var_11":{"x":3.5764,"y":11.816},
      "c_86":{"x":3.8946,"y":15.4},
      "c_87":{"x":4.8519,"y":15.309},
      "c_84":{"x":16.172,"y":9.2593},
      "c_85":{"x":2.1545,"y":14.061},
      "c_82":{"x":15.668,"y":7.2796},
      "c_83":{"x":15.96,"y":5.9437},
      "c_80":{"x":16.513,"y":8.102},
      "c_81":{"x":16.961,"y":6.4819},
      "c_24":{"x":8.1114,"y":17.034},
      "c_156":{"x":7.0585,"y":0.64606},
      "c_119":{"x":1.1785,"y":8.7732},
      "c_118":{"x":1.0747,"y":9.5939},
      "c_115":{"x":4.063,"y":7.9748},
      "c_114":{"x":1.741,"y":9.2808},
      "c_117":{"x":1.7919,"y":8.409},
      "c_116":{"x":2.0558,"y":7.8231},
      "c_111":{"x":2.0259,"y":13.483},
      "c_110":{"x":2.7121,"y":14.605},
      "c_113":{"x":0.82672,"y":9.093},
      "c_112":{"x":1.7531,"y":14.345},
      "c_168":{"x":3.7941,"y":2.4949},
      "c_5":{"x":8.974,"y":17.344},
      "c_39":{"x":11.922,"y":1.1491},
      "c_38":{"x":11.138,"y":0.38681},
      "c_107":{"x":2.5549,"y":11.651},
      "c_33":{"x":13.339,"y":3.3428},
      "c_32":{"x":10.951,"y":1.748},
      "c_31":{"x":13.024,"y":3.0136},
      "c_30":{"x":11.073,"y":2.4014},
      "c_37":{"x":12.445,"y":1.7081},
      "c_36":{"x":11.377,"y":0.93561},
      "c_35":{"x":11.807,"y":2.2678},
      "c_34":{"x":12.788,"y":4.2668},
      "c_105":{"x":4.488,"y":14.902},
      "c_104":{"x":4.6873,"y":14.195},
      "c_1":{"x":7.4479,"y":17.036},
      "c_120":{"x":0.83821,"y":7.8512},
      "c_121":{"x":2.5477,"y":5.9178},
      "c_122":{"x":1.1608,"y":5.6677},
      "c_123":{"x":0.72759,"y":6.3938},
      "c_124":{"x":0.2237,"y":8.1659},
      "c_125":{"x":0.097222,"y":6.7201},
      "c_126":{"x":3.1606,"y":6.4168},
      "c_127":{"x":1.8435,"y":6.1862},
      "c_128":{"x":1.625,"y":7.1865},
      "c_129":{"x":0.91863,"y":8.4531},
      "c_101":{"x":3.6008,"y":14.898},
      "var_30":{"x":11.66,"y":2.6033},
      "var_31":{"x":15.111,"y":6.5853},
      "var_32":{"x":4.1913,"y":10.848},
      "c_141":{"x":4.1825,"y":3.0012},
      "var_34":{"x":6.6392,"y":2.4635},
      "c_147":{"x":3.7599,"y":3.3177},
      "var_36":{"x":9.3895,"y":14.602},
      "var_37":{"x":12.521,"y":3.5141},
      "var_38":{"x":14.568,"y":6.3562},
      "var_39":{"x":4.5223,"y":12.386},
      "c_148":{"x":5.1237,"y":0.99655},
      "c_149":{"x":7.1611,"y":1.1809},
      "c_28":{"x":6.835,"y":16.3},
      "c_29":{"x":10.284,"y":2.1149},
      "var_33":{"x":3.6702,"y":6.274},
      "c_25":{"x":7.4451,"y":15.588},
      "c_26":{"x":8.6281,"y":17.473},
      "c_27":{"x":8.0121,"y":15.833},
      "c_20":{"x":10.824,"y":16.838},
      "c_21":{"x":9.7561,"y":17.202},
      "c_22":{"x":9.5219,"y":15.05},
      "c_23":{"x":9.6578,"y":16.435},
      "var_10":{"x":14.316,"y":6.9175},
      "c_89":{"x":3.1586,"y":14.995},
      "c_137":{"x":1.2229,"y":5.2018},
      "c_136":{"x":1.4048,"y":6.5605},
      "c_135":{"x":1.8247,"y":5.0578},
      "c_134":{"x":2.554,"y":5.3915},
      "c_133":{"x":2.618,"y":6.6428},
      "c_132":{"x":3.3297,"y":5.4545},
      "c_131":{"x":3.1267,"y":4.943},
      "c_130":{"x":0.75099,"y":7.3224},
      "c_139":{"x":0.7619,"y":5.937},
      "c_138":{"x":0.99817,"y":7.0396},
      "c_151":{"x":5.874,"y":0.6599},
      "c_150":{"x":5.0758,"y":0.39879},
      "c_153":{"x":3.6744,"y":1.7212},
      "c_152":{"x":4.2136,"y":1.9974},
      "c_155":{"x":6.2685,"y":0.3739},
      "c_154":{"x":7.9638,"y":1.393},
      "var_29":{"x":8.9899,"y":14.148},
      "var_28":{"x":14.871,"y":12.155},
      "c_159":{"x":7.7986,"y":0.60884},
      "var_26":{"x":4.9739,"y":6.6716},
      "var_25":{"x":6.059,"y":12.793},
      "var_24":{"x":15.733,"y":7.5884},
      "var_23":{"x":13.207,"y":3.876},
      "var_22":{"x":10.445,"y":14.554},
      "var_21":{"x":14.196,"y":12.848},
      "var_20":{"x":6.9935,"y":3.2042},
      "var_35":{"x":14.058,"y":11.001},
      "var_18":{"x":5.12,"y":12.761},
      "var_19":{"x":3.5578,"y":7.9141},
      "c_100":{"x":3.4045,"y":14.042},
      "c_59":{"x":17.295,"y":8.8716},
      "c_58":{"x":17.791,"y":8.8796},
      "c_51":{"x":13.326,"y":0.80064},
      "c_50":{"x":13.751,"y":2.0754},
      "c_53":{"x":11.898,"y":0.41405},
      "c_52":{"x":13.056,"y":1.9051},
      "c_55":{"x":13.278,"y":1.5027},
      "c_54":{"x":14.11,"y":2.9597},
      "c_57":{"x":16.408,"y":7.5324},
      "c_56":{"x":12.655,"y":2.4392},
      "c_144":{"x":4.7167,"y":2.5401},
      "c_164":{"x":5.4414,"y":1.1676},
      "c_165":{"x":4.4242,"y":1.0893},
      "c_166":{"x":6.2124,"y":1.5258},
      "c_167":{"x":5.3776,"y":1.4941},