
{
  "id": "p_000050_00000000",
  "layout": {
    "bounds": [0.097222,0.097222,17.728,15.864],
    "vars": {
      "c_60":{"x":11.021,"y":9.6577},
      "c_61":{"x":10.898,"y":15.864},
      "c_62":{"x":9.1777,"y":14.249},
      "c_63":{"x":8.9752,"y":13.295},
      "c_64":{"x":10.122,"y":11.804},
      "c_65":{"x":8.6009,"y":10.606},
      "c_66":{"x":16.674,"y":10.972},
      "c_67":{"x":10.855,"y":6.3549},
      "c_68":{"x":1.9808,"y":7.2635},
      "c_69":{"x":6.6273,"y":7.5119},
      "c_15":{"x":14.515,"y":3.1268},
      "c_14":{"x":12.591,"y":1.3824},
      "c_17":{"x":14.774,"y":8.5972},
      "c_16":{"x":14.137,"y":6.105},
      "c_11":{"x":4.89,"y":1.4922},
      "c_10":{"x":8.615,"y":0.5829},
      "c_13":{"x":8.1915,"y":2.5547},
      "c_12":{"x":7.9194,"y":0.2362},
      "c_19":{"x":13.822,"y":8.1775},
      "c_18":{"x":10.342,"y":11.017},
      "c_9":{"x":7.1339,"y":0.55258},
      "c_8":{"x":8.8715,"y":1.2497},
      "c_5":{"x":12.516,"y":4.6392},
      "c_4":{"x":12.721,"y":4.8326},
      "c_7":{"x":11.196,"y":0.19239},
      "c_6":{"x":10.771,"y":0.097222},
      "c_1":{"x":14.75,"y":5.0401},
      "c_3":{"x":17.704,"y":7.3357},
      "c_2":{"x":17.728,"y":7.7664},
      "var_16":{"x":11.648,"y":2.1995},
      "var_17":{"x":16.175,"y":9.1025},
      "var_14":{"x":7.7981,"y":10.865},
      "var_15":{"x":9.4109,"y":13.545},
      "var_12":{"x":15.399,"y":6.07},
      "var_13":{"x":6.5693,"y":2.0811},
      "var_10":{"x":0.6221,"y":10.493},
      "var_11":{"x":12.531,"y":14.512},
      "c_80":{"x":4.4436,"y":4.9713},
      "var_19":{"x":11.605,"y":6.5324},
      "c_39":{"x":0.25956,"y":7.638},
      "c_38":{"x":0.097222,"y":9.1386},
      "c_33":{"x":8.0193,"y":11.815},
      "c_32":{"x":7.4984,"y":9.7193},
      "c_31":{"x":4.6644,"y":9.666},
      "c_30":{"x":11.123,"y":7.2643},
      "c_37":{"x":2.8831,"y":12.102},
      "c_36":{"x":2.4773,"y":11.474},
      "c_35":{"x":3.3993,"y":13.379},
      "c_34":{"x":5.0225,"y":14.304},
      "var_30":{"x":15.757,"y":5.6891},
      "var_31":{"x":10.296,"y":1.9488},
      "var_32":{"x":0.29527,"y":7.0518},
      "var_33":{"x":3.7627,"y":4.9023},
      "var_34":{"x":16.356,"y":5.9047},
      "var_35":{"x":12.201,"y":8.2355},
      "var_36":{"x":14.787,"y":6.5516},
      "var_37":{"x":3.6504,"y":6.3274},
      "var_38":{"x":4.7781,"y":4.3868},
      "var_39":{"x":11.568,"y":15.42},
      "c_28":{"x":17.302,"y":5.5028},
      "c_29":{"x":13.843,"y":7.3717},
      "c_24":{"x":15.609,"y":4.1425},
      "c_25":{"x":16.303,"y":7.6179},
      "c_26":{"x":14.85,"y":5.4729},
      "c_27":{"x":14.376,"y":7.5649},
      "c_20":{"x":8.1106,"y":8.7558},
      "c_21":{"x":10.745,"y":5.2594},
      "c_22":{"x":9.2721,"y":3.369},
      "c_23":{"x":13.097,"y":6.6625},
      "var_29":{"x":10.342,"y":10.146},
      "var_28":{"x":6.2287,"y":2.7436},
      "var_27":{"x":12.575,"y":9.5519},
      "var_26":{"x":13.89,"y":9.4927},
      "var_25":{"x":5.2025,"y":9.0519},
      "var_24":{"x":10.002,"y":8.2734},
      "var_23":{"x":10.757,"y":7.4626},
      "var_22":{"x":16.539,"y":8.2561},
      "var_21":{"x":9.526,"y":0.82438},
      "var_20":{"x":4.3269,"y":13.072},
      "var_18":{"x":6.5271,"y":0.49112},
      "c_59":{"x":13.134,"y":13.197},
      "c_58":{"x":12.415,"y":15.679},
      "c_51":{"x":13.825,"y":6.688},
      "c_50":{"x":12.198,"y":6.0173},
      "c_53":{"x":14.582,"y":10.49},
      "c_52":{"x":14.845,"y":10.036},
      "c_55":{"x":12.317,"y":11.143},
      "c_54":{"x":12.39,"y":10.659},
      "c_57":{"x":14.335,"y":12.612},
      "c_56":{"x":12.131,"y":11.876},
      "var_50":{"x":13.253,"y":12.25},
      "var_4":{"x":5.9236,"y":11.182},
      "var_5":{"x":6.7507,"y":14.196},
      "var_6":{"x":2.1017,"y":9.2697},
      "var_7":{"x":1.4651,"y":10.612},
      "var_1":{"x":12.366,"y":8.7293},
      "var_2":{"x":10.879,"y":4.6435},
      "var_3":{"x":8.6406,"y":6.2086},
      "var_8":{"x":14.004,"y":3.3052},
      "var_9":{"x":6.5325,"y":5.5309},
      "c_48":{"x":7.7649,"y":7.8887},
      "c_49":{"x":9.2244,"y":5.1888},
      "c_42":{"x":1.5372,"y":5.6446},
      "c_43":{"x":1.2057,"y":7.5284},
      "c_40":{"x":0.98621,"y":4.553},
      "c_41":{"x":2.1112,"y":4.4591},
      "c_46":{"x":5.3561,"y":5.1844},
      "c_47":{"x":5.2351,"y":5.7669},
      "c_44":{"x":1.9876,"y":8.5566},
      "c_45":{"x":3.3949,"y":9.0849},
      "var_49":{"x":12.52,"y":4.0121},
      "var_48":{"x":5.335,"y":8.2504},
      "var_41":{"x":1.0683,"y":6.3496},
      "var_40":{"x":13.988,"y":10.463},
      "var_43":{"x":7.3426,"y":7.2757},
      "var_42":{"x":5.8263,"y":11.956},
      "var_45":{"x":11.28,"y":13.057},
      "var_44":{"x":11.384,"y":2.8407},
      "var_47":{"x":9.9431,"y":6.9752},
      "var_46":{"x":1.8604,"y":5.0733},
      "c_79":{"x":5.3134,"y":4.1624},
      "c_78":{"x":10.518,"y":14.439},
      "c_77":{"x":5.8952,"y":7.4046},
      "c_76":{"x":7.9148,"y":12.242},
      "c_75":{"x":7.0243,"y":3.1576},
      "c_74":{"x":8.2117,"y":7.1808},
      "c_73":{"x":6.5669,"y":10.912},
      "c_72":{"x":9.6765,"y":4.1783},
      "c_71":{"x":10.176,"y":5.8176},
      "c_70":{"x":12.979,"y":5.2351}
     }
  }
}