{
    "layout": {
        "bounds": [0.097222, 0.097222, 17.728, 15.864],
        "vars": {
            "c_68": {
                "y": 10.895249999999999,
                "x": 2.9711999999999996
            },
            "c_69": {
                "y": 11.26785,
                "x": 9.94095
            },
            "c_26": {
                "y": 8.20935,
                "x": 22.275
            },
            "c_27": {
                "y": 11.347349999999999,
                "x": 21.564
            },
            "c_20": {
                "y": 13.133700000000001,
                "x": 12.1659
            },
            "c_21": {
                "y": 7.889100000000001,
                "x": 16.1175
            },
            "c_22": {
                "y": 5.0535000000000005,
                "x": 13.90815
            },
            "c_25": {
                "y": 11.42685,
                "x": 24.454500000000003
            },
            "c_60": {
                "y": 14.486550000000001,
                "x": 16.5315
            },
            "c_61": {
                "y": 23.796,
                "x": 16.347
            },
            "c_62": {
                "y": 21.3735,
                "x": 13.766549999999999
            },
            "c_63": {
                "y": 19.9425,
                "x": 13.462799999999998
            },
            "c_64": {
                "y": 17.706,
                "x": 15.183
            },
            "c_65": {
                "y": 15.908999999999999,
                "x": 12.901349999999999
            },
            "c_66": {
                "y": 16.458,
                "x": 25.011
            },
            "c_67": {
                "y": 9.53235,
                "x": 16.2825
            },
            "c_1": {
                "y": 7.56015,
                "x": 22.125
            },
            "c_3": {
                "y": 11.00355,
                "x": 26.556
            },
            "c_2": {
                "y": 11.6496,
                "x": 26.592000000000002
            },
            "c_5": {
                "y": 6.9588,
                "x": 18.774
            },
            "c_4": {
                "y": 7.248900000000001,
                "x": 19.0815
            },
            "c_7": {
                "y": 0.288585,
                "x": 16.794
            },
            "c_6": {
                "y": 0.145833,
                "x": 16.1565
            },
            "c_9": {
                "y": 0.82887,
                "x": 10.700849999999999
            },
            "c_8": {
                "y": 1.8745500000000002,
                "x": 13.30725
            },
            "c_79": {
                "y": 6.2436,
                "x": 7.9700999999999995
            },
            "var_40": {
                "y": 15.694499999999998,
                "x": 20.982
            },
            "var_49": {
                "y": 6.01815,
                "x": 18.78
            },
            "c_75": {
                "y": 4.7364,
                "x": 10.53645
            },
            "c_23": {
                "y": 9.993749999999999,
                "x": 19.6455
            },
            "var_48": {
                "y": 12.375600000000002,
                "x": 8.0025
            },
            "var_7": {
                "y": 15.918,
                "x": 2.1976500000000003
            },
            "c_51": {
                "y": 10.032,
                "x": 20.737499999999997
            },
            "c_50": {
                "y": 9.02595,
                "x": 18.297
            },
            "c_53": {
                "y": 15.735,
                "x": 21.873
            },
            "c_52": {
                "y": 15.053999999999998,
                "x": 22.267500000000002
            },
            "c_55": {
                "y": 16.7145,
                "x": 18.4755
            },
            "c_54": {
                "y": 15.988500000000002,
                "x": 18.585
            },
            "c_57": {
                "y": 18.918,
                "x": 21.5025
            },
            "c_56": {
                "y": 17.814,
                "x": 18.1965
            },
            "var_27": {
                "y": 14.32785,
                "x": 18.862499999999997
            },
            "c_58": {
                "y": 23.5185,
                "x": 18.6225
            },
            "c_29": {
                "y": 11.057549999999999,
                "x": 20.764499999999998
            },
            "var_4": {
                "y": 16.773,
                "x": 8.8854
            },
            "var_3": {
                "y": 9.312899999999999,
                "x": 12.960899999999999
            },
            "var_2": {
                "y": 6.965250000000001,
                "x": 16.3185
            },
            "var_1": {
                "y": 13.09395,
                "x": 18.549
            },
            "var_17": {
                "y": 13.653749999999999,
                "x": 24.262500000000003
            },
            "var_16": {
                "y": 3.29925,
                "x": 17.472
            },
            "var_15": {
                "y": 20.3175,
                "x": 14.11635
            },
            "var_14": {
                "y": 16.2975,
                "x": 11.69715
            },
            "var_13": {
                "y": 3.1216500000000003,
                "x": 9.853950000000001
            },
            "var_12": {
                "y": 9.105,
                "x": 23.098499999999998
            },
            "var_11": {
                "y": 21.768,
                "x": 18.7965
            },
            "var_10": {
                "y": 15.7395,
                "x": 0.9331499999999999
            },
            "c_73": {
                "y": 16.368000000000002,
                "x": 9.85035
            },
            "c_28": {
                "y": 8.254199999999999,
                "x": 25.953
            },
            "c_71": {
                "y": 8.7264,
                "x": 15.264
            },
            "var_50": {
                "y": 18.375,
                "x": 19.8795
            },
            "c_77": {
                "y": 11.1069,
                "x": 8.8428
            },
            "c_76": {
                "y": 18.363,
                "x": 11.8722
            },
            "var_19": {
                "y": 9.7986,
                "x": 17.4075
            },
            "c_38": {
                "y": 13.7079,
                "x": 0.145833
            },
            "c_59": {
                "y": 19.795499999999997,
                "x": 19.701
            },
            "var_42": {
                "y": 17.933999999999997,
                "x": 8.73945
            },
            "var_6": {
                "y": 13.90455,
                "x": 3.15255
            },
            "var_41": {
                "y": 9.5244,
                "x": 1.6024500000000002
            },
            "c_74": {
                "y": 10.7712,
                "x": 12.31755
            },
            "var_43": {
                "y": 10.913549999999999,
                "x": 11.0139
            },
            "var_5": {
                "y": 21.294,
                "x": 10.12605
            },
            "var_9": {
                "y": 8.29635,
                "x": 9.79875
            },
            "c_37": {
                "y": 18.153,
                "x": 4.32465
            },
            "c_36": {
                "y": 17.211,
                "x": 3.7159500000000003
            },
            "c_35": {
                "y": 20.0685,
                "x": 5.09895
            },
            "c_34": {
                "y": 21.456,
                "x": 7.5337499999999995
            },
            "var_28": {
                "y": 4.115399999999999,
                "x": 9.34305
            },
            "var_29": {
                "y": 15.219000000000001,