
{
  "id": "p_000619_00000000",
  "layout": {
    "bounds": [0.097222,0.097222,63.59,46.9],
    "vars": {
      "c_216":{"x":17.641,"y":16.183},
      "c_217":{"x":24.185,"y":15.907},
      "c_214":{"x":22.318,"y":12.818},
      "c_215":{"x":19.072,"y":14.396},
      "c_212":{"x":24.552,"y":16.064},
      "c_213":{"x":19.62,"y":13.514},
      "c_210":{"x":19.198,"y":13.8},
      "c_211":{"x":18.139,"y":16.496},
      "c_218":{"x":18.87,"y":13.381},
      "c_219":{"x":21.781,"y":12.507},
      "c_186":{"x":52.82,"y":24.4},
      "c_187":{"x":53.727,"y":24.464},
      "c_184":{"x":52.167,"y":28.604},
      "c_185":{"x":52.734,"y":28.549},
      "c_182":{"x":53.175,"y":28.307},
      "c_183":{"x":52.805,"y":27.86},
      "c_180":{"x":48.977,"y":24.853},
      "c_181":{"x":52.221,"y":28.067},
      "c_188":{"x":53.521,"y":23.995},
      "c_189":{"x":52.408,"y":24.942},
      "c_60":{"x":21.386,"y":46.275},
      "c_61":{"x":22.26,"y":41.34},
      "c_62":{"x":24.419,"y":42.841},
      "c_63":{"x":25.35,"y":43.644},
      "c_64":{"x":24.945,"y":43.927},
      "c_65":{"x":24.467,"y":43.779},
      "c_66":{"x":19.466,"y":43.67},
      "c_67":{"x":21.787,"y":45.387},
      "c_68":{"x":22.599,"y":46.429},
      "c_69":{"x":22.283,"y":46.9},
      "c_179":{"x":48.575,"y":24.993},
      "c_178":{"x":49.204,"y":24.152},
      "c_173":{"x":62.049,"y":38.706},
      "c_172":{"x":61.192,"y":38.486},
      "c_171":{"x":62.233,"y":41.833},
      "c_170":{"x":61.763,"y":42.246},
      "c_177":{"x":49.353,"y":24.55},
      "c_176":{"x":48.747,"y":24.419},
      "c_175":{"x":62.9,"y":41.385},
      "c_174":{"x":58.143,"y":39.526},
      "var_74":{"x":56.001,"y":29.413},
      "var_75":{"x":56.451,"y":29.088},
      "var_76":{"x":52.241,"y":26.107},
      "var_77":{"x":53.213,"y":26.216},
      "var_70":{"x":62.599,"y":42.117},
      "var_71":{"x":45.21,"y":23.156},
      "var_72":{"x":52.02,"y":29.924},
      "var_73":{"x":52.225,"y":23.606},
      "var_78":{"x":52.939,"y":25.768},
      "var_79":{"x":52.0,"y":26.797},
      "c_142":{"x":35.341,"y":17.652},
      "c_143":{"x":38.035,"y":21.67},
      "c_140":{"x":36.087,"y":15.899},
      "c_141":{"x":37.365,"y":17.613},
      "c_146":{"x":36.879,"y":17.311},
      "c_147":{"x":34.864,"y":17.27},
      "c_144":{"x":35.186,"y":19.613},
      "c_145":{"x":35.493,"y":16.322},
      "c_148":{"x":37.717,"y":21.424},
      "c_149":{"x":34.752,"y":19.014},
      "c_28":{"x":38.096,"y":34.032},
      "c_29":{"x":37.858,"y":33.628},
      "c_24":{"x":50.861,"y":8.6466},
      "c_25":{"x":50.343,"y":8.4509},
      "c_26":{"x":40.281,"y":32.092},
      "c_27":{"x":39.844,"y":32.839},
      "c_20":{"x":53.808,"y":4.9894},
      "c_21":{"x":50.339,"y":8.9662},
      "c_22":{"x":51.046,"y":11.438},
      "c_23":{"x":51.291,"y":9.1878},
      "c_137":{"x":36.27,"y":17.274},
      "c_136":{"x":38.254,"y":17.257},
      "c_135":{"x":36.689,"y":15.732},
      "c_134":{"x":36.999,"y":19.033},
      "c_133":{"x":39.003,"y":21.168},
      "c_132":{"x":37.125,"y":16.746},
      "c_131":{"x":39.041,"y":17.027},
      "c_130":{"x":37.095,"y":15.528},
      "c_139":{"x":35.71,"y":18.829},
      "c_138":{"x":38.501,"y":21.276},
      "c_249":{"x":47.738,"y":38.489},
      "c_248":{"x":47.478,"y":37.12},
      "var_29":{"x":23.888,"y":45.537},
      "var_28":{"x":24.25,"y":45.144},
      "var_27":{"x":23.329,"y":44.236},
      "var_26":{"x":18.962,"y":40.925},
      "var_25":{"x":27.836,"y":43.681},
      "var_24":{"x":20.901,"y":45.9},
      "var_23":{"x":25.831,"y":41.593},
      "var_22":{"x":20.57,"y":45.338},
      "var_21":{"x":25.399,"y":41.069},
      "var_20":{"x":39.74,"y":22.317},
      "c_240":{"x":43.051,"y":41.11},
      "c_59":{"x":21.928,"y":46.289},
      "c_58":{"x":22.248,"y":45.811},
      "c_51":{"x":21.997,"y":40.956},
      "c_50":{"x":38.02,"y":25.873},
      "c_53":{"x":24.977,"y":43.214},
      "c_52":{"x":23.971,"y":42.509},
      "c_55":{"x":23.933,"y":43.238},
      "c_54":{"x":24.491,"y":43.431},
      "c_57":{"x":21.506,"y":44.922},
      "c_56":{"x":19.113,"y":43.364},
      "var_49":{"x":2.4011,"y":29.599},
      "var_48":{"x":3.0452,"y":30.338},
      "c_258":{"x":48.626,"y":35.6},
      "c_259":{"x":59.005,"y":32.948},
      "var_38":{"x":35.256,"y":3.2467},
      "c_253":{"x":10.908,"y":21.846},
      "c_205":{"x":18.448,"y":12.847},
      "c_204":{"x":21.692,"y":11.7},
      "c_207":{"x":24.663,"y":15.571},
      "c_206":{"x":18.178,"y":15.99},
      "c_201":{"x":17.564,"y":15.467},
      "c_200":{"x":55.025,"y":27.865},
      "c_203":{"x":19.157,"y":12.019},
      "c_202":{"x":24.223,"y":15.239},
      "c_209":{"x":22.299,"y":12.315},
      "c_208":{"x":19.831,"y":12.834},
      "c_195":{"x":54.708,"y":28.063},
      "c_194":{"x":54.182,"y":28.383},
      "c_197":{"x":55.685,"y":27.256},
      "c_196":{"x":54.712,"y":27.265},
      "c_191":{"x":54.382,"y":27.574},
      "c_190":{"x":53.189,"y":24.866},
      "c_193":{"x":55.099,"y":27.235},
      "c_192":{"x":55.444,"y":27.645},
      "c_199":{"x":54.369,"y":28.018},
      "c_198":{"x":55.399,"y":26.895},
      "c_15":{"x":54.011,"y":5.5669},
      "c_14":{"x":54.646,"y":5.6463},
      "c_17":{"x":54.233,"y":9.063},
      "c_16":{"x":53.468,"y":5.7705},
      "c_11":{"x":53.758,"y":6.507},
      "c_10":{"x":50.526,"y":4.5547},
      "c_13":{"x":55.419,"y":6.5891},
      "c_12":{"x":54.462,"y":9.4646},
      "c_19":{"x":54.549,"y":4.9685},
      "c_18":{"x":55.358,"y":6.0113},
      "c_108":{"x":5.1572,"y":32.373},
      "c_109":{"x":4.8581,"y":31.881},
      "c_106":{"x":5.3549,"y":32.795},
      "c_107":{"x":5.4777,"y":31.936},
      "c_104":{"x":0.65199,"y":30.227},
      "c_105":{"x":1.0728,"y":32.459},
      "c_102":{"x":2.0198,"y":30.652},
      "c_103":{"x":1.8162,"y":31.241},
      "c_100":{"x":38.079,"y":5.672},
      "c_101":{"x":1.8676,"y":32.083},
      "var_16":{"x":38.424,"y":31.024},
      "var_17":{"x":37.646,"y":32.104},
      "var_14":{"x":35.589,"y":29.657},
      "var_15":{"x":36.337,"y":29.567},
      "var_12":{"x":36.85,"y":29.934},
      "var_13":{"x":36.073,"y":29.984},
      "var_10":{"x":52.133,"y":5.7487},
      "var_11":{"x":42.023,"y":32.802},
      "var_18":{"x":34.095,"y":34.585},
      "var_19":{"x":33.711,"y":33.986},
      "var_63":{"x":61.44,"y":39.571},
      "var_62":{"x":61.876,"y":40.097},
      "var_61":{"x":57.967,"y":40.677},
      "var_60":{"x":35.36,"y":14.061},
      "var_67":{"x":60.24,"y":36.867},
      "var_66":{"x":62.082,"y":42.643},
      "var_65":{"x":61.16,"y":40.206},
      "var_64":{"x":60.409,"y":40.802},
      "var_69":{"x":55.093,"y":38.349},
      "var_68":{"x":60.979,"y":36.941},
      "var_43":{"x":0.41448,"y":29.752},
      "var_42":{"x":7.5602,"y":34.046},
      "c_235":{"x":42.854,"y":40.497},
      "c_151":{"x":59.999,"y":42.31},
      "c_150":{"x":35.072,"y":16.039},
      "c_153":{"x":59.771,"y":39.005},
      "c_152":{"x":59.31,"y":38.873},
      "c_155":{"x":60.357,"y":41.926},
      "c_154":{"x":56.513,"y":39.906},
      "c_157":{"x":61.767,"y":38.301},
      "c_156":{"x":63.194,"y":41.909},
      "c_159":{"x":58.573,"y":39.419},
      "c_158":{"x":62.589,"y":38.501},
      "c_227":{"x":46.115,"y":41.409},
      "var_84":{"x":20.444,"y":14.746},
      "c_225":{"x":19.105,"y":12.839},
      "c_224":{"x":22.112,"y":11.746},
      "c_223":{"x":19.778,"y":12.078},
      "var_80":{"x":52.6,"y":26.619},
      "c_221":{"x":18.006,"y":15.534},
      "c_76":{"x":33.385,"y":4.079},
      "c_220":{"x":18.46,"y":14.212},
      "var_58":{"x":39.814,"y":24.195},
      "var_59":{"x":35.938,"y":19.306},
      "var_52":{"x":37.978,"y":18.149},
      "var_53":{"x":37.142,"y":18.344},
      "var_50":{"x":2.5273,"y":31.401},
      "var_51":{"x":38.458,"y":17.894},
      "var_56":{"x":38.24,"y":16.685},
      "var_57":{"x":36.013,"y":16.69},
      "var_54":{"x":36.407,"y":18.845},
      "var_55":{"x":35.951,"y":18.485},
      "c_48":{"x":35.072,"y":32.28},
      "c_49":{"x":34.7,"y":31.673},