
{
  "id": "p_000084_00000000",
  "layout": {
    "bounds": [0.097222,0.097222,16.695,15.374],
    "vars": {
      "c_60":{"x":9.6955,"y":14.394},
      "c_61":{"x":8.7033,"y":14.395},
      "c_62":{"x":13.993,"y":11.21},
      "c_63":{"x":13.854,"y":10.548},
      "c_64":{"x":14.102,"y":10.791},
      "c_65":{"x":15.162,"y":11.198},
      "c_66":{"x":15.9,"y":10.759},
      "c_67":{"x":14.614,"y":9.3808},
      "c_68":{"x":14.89,"y":7.8517},
      "c_69":{"x":7.2254,"y":3.3976},
      "c_99":{"x":7.9164,"y":14.015},
      "c_98":{"x":14.557,"y":7.6606},
      "c_95":{"x":12.842,"y":0.16479},
      "c_94":{"x":12.18,"y":1.1678},
      "c_97":{"x":14.564,"y":6.1507},
      "c_96":{"x":0.32108,"y":6.765},
      "c_91":{"x":14.936,"y":5.031},
      "c_90":{"x":15.275,"y":4.1782},
      "c_93":{"x":16.44,"y":2.3739},
      "c_92":{"x":15.384,"y":1.6725},
      "c_15":{"x":4.3445,"y":4.061},
      "c_14":{"x":1.9608,"y":2.3527},
      "c_17":{"x":4.302,"y":1.7406},
      "c_16":{"x":4.0561,"y":2.63},
      "c_11":{"x":3.3819,"y":4.9912},
      "c_10":{"x":4.9036,"y":5.6175},
      "c_13":{"x":1.7691,"y":3.0997},
      "c_12":{"x":2.1542,"y":3.995},
      "c_19":{"x":4.2917,"y":8.4846},
      "c_18":{"x":4.7415,"y":1.1393},
      "var_74":{"x":12.998,"y":2.3803},
      "var_75":{"x":11.858,"y":2.088},
      "var_76":{"x":14.418,"y":2.3121},
      "var_77":{"x":14.542,"y":1.655},
      "c_9":{"x":5.2102,"y":5.5758},
      "c_8":{"x":4.8677,"y":5.9323},
      "var_72":{"x":0.99656,"y":5.4783},
      "var_73":{"x":0.46171,"y":6.3372},
      "c_5":{"x":7.4923,"y":5.6124},
      "c_4":{"x":9.1954,"y":8.8559},
      "c_7":{"x":6.3422,"y":7.274},
      "c_6":{"x":9.4521,"y":5.4177},
      "c_1":{"x":6.8148,"y":6.6522},
      "var_79":{"x":15.137,"y":4.6924},
      "c_3":{"x":8.6961,"y":7.7127},
      "c_2":{"x":6.5662,"y":7.6825},
      "var_16":{"x":4.4849,"y":1.3892},
      "var_17":{"x":4.9979,"y":0.94268},
      "var_14":{"x":4.0917,"y":3.2618},
      "var_15":{"x":4.0852,"y":2.0978},
      "var_12":{"x":1.7961,"y":2.689},
      "var_13":{"x":2.1725,"y":2.0993},
      "c_88":{"x":13.946,"y":2.0069},
      "c_89":{"x":14.923,"y":2.8983},
      "c_86":{"x":13.754,"y":2.2145},
      "c_87":{"x":13.773,"y":1.8013},
      "c_84":{"x":11.379,"y":2.8805},
      "c_85":{"x":11.913,"y":2.8212},
      "c_82":{"x":0.71057,"y":5.9262},
      "c_83":{"x":12.018,"y":3.0654},
      "var_18":{"x":3.4889,"y":8.768},
      "var_19":{"x":4.1092,"y":9.5773},
      "var_63":{"x":5.8004,"y":3.3818},
      "var_62":{"x":7.5007,"y":2.6994},
      "var_61":{"x":14.786,"y":7.0884},
      "var_60":{"x":14.846,"y":8.6251},
      "var_67":{"x":12.767,"y":3.7346},
      "var_66":{"x":10.85,"y":2.6372},
      "var_65":{"x":7.9158,"y":2.2853},
      "var_64":{"x":8.8994,"y":2.1283},
      "var_70":{"x":3.6886,"y":3.6982},
      "var_69":{"x":8.7381,"y":3.6052},
      "var_68":{"x":8.3106,"y":3.0988},
      "var_71":{"x":2.023,"y":4.5409},
      "c_39":{"x":10.179,"y":10.378},
      "c_38":{"x":9.6733,"y":10.438},
      "c_33":{"x":0.88877,"y":12.152},
      "c_32":{"x":0.99885,"y":11.296},
      "c_31":{"x":2.216,"y":10.267},
      "c_30":{"x":2.8805,"y":13.058},
      "c_37":{"x":10.545,"y":9.9099},
      "c_36":{"x":10.056,"y":8.8379},
      "c_35":{"x":10.031,"y":8.2421},
      "c_34":{"x":9.6853,"y":9.098},
      "var_78":{"x":15.127,"y":3.5974},
      "c_100":{"x":13.607,"y":4.4269},
      "var_30":{"x":0.9273,"y":11.752},
      "var_31":{"x":0.99865,"y":12.457},
      "var_32":{"x":9.9935,"y":9.7178},
      "var_33":{"x":10.579,"y":8.2444},
      "var_34":{"x":11.037,"y":10.006},
      "var_35":{"x":9.5095,"y":11.069},
      "var_36":{"x":12.778,"y":9.1879},
      "var_37":{"x":14.18,"y":8.2489},
      "var_38":{"x":8.394,"y":12.664},
      "var_39":{"x":7.697,"y":13.733},
      "c_28":{"x":3.1212,"y":11.807},
      "c_29":{"x":3.1429,"y":12.736},
      "c_24":{"x":0.84464,"y":9.0209},
      "c_25":{"x":0.23668,"y":8.3951},
      "c_26":{"x":0.097222,"y":7.5867},
      "c_27":{"x":3.6556,"y":10.427},
      "c_20":{"x":4.6629,"y":8.9882},
      "c_21":{"x":4.0973,"y":9.0051},
      "c_22":{"x":4.3036,"y":8.8376},
      "c_23":{"x":2.4564,"y":8.9073},
      "var_10":{"x":2.7274,"y":4.517},
      "var_11":{"x":1.8073,"y":3.53},
      "var_84":{"x":13.183,"y":0.097222},
      "var_81":{"x":16.009,"y":1.9846},
      "var_80":{"x":14.38,"y":5.1843},
      "var_83":{"x":12.496,"y":0.4722},
      "var_82":{"x":16.695,"y":2.7343},
      "var_29":{"x":1.4916,"y":10.81},
      "var_28":{"x":2.5792,"y":12.935},
      "var_27":{"x":3.1784,"y":13.083},
      "var_26":{"x":2.9907,"y":12.347},
      "var_25":{"x":3.3152,"y":11.172},
      "var_24":{"x":0.16412,"y":7.166},
      "var_23":{"x":0.1211,"y":8.005},
      "var_22":{"x":0.4421,"y":8.7679},
      "var_21":{"x":1.562,"y":9.0071},
      "var_20":{"x":3.0924,"y":9.6613},
      "c_80":{"x":2.7989,"y":4.0852},
      "c_81":{"x":1.4932,"y":5.0809},
      "c_59":{"x":12.179,"y":15.168},
      "c_58":{"x":11.453,"y":15.374},
      "c_51":{"x":10.764,"y":11.861},
      "c_50":{"x":11.921,"y":10.829},
      "c_53":{"x":12.775,"y":12.323},
      "c_52":{"x":11.882,"y":12.425},
      "c_55":{"x":10.432,"y":13.665},
      "c_54":{"x":10.907,"y":13.748},
      "c_57":{"x":10.984,"y":14.983},
      "c_56":{"x":10.648,"y":13.866},
      "var_58":{"x":15.565,"y":10.988},
      "var_59":{"x":16.088,"y":10.474},
      "var_52":{"x":11.826,"y":15.303},
      "var_53":{"x":12.472,"y":15.007},
      "var_50":{"x":10.227,"y":14.216},
      "var_51":{"x":11.112,"y":15.268},
      "var_56":{"x":14.551,"y":11.118},
      "var_57":{"x":14.33,"y":10.161},
      "var_54":{"x":9.1829,"y":14.433},
      "var_55":{"x":8.2706,"y":14.262},
      "var_4":{"x":9.4784,"y":8.3922},
      "var_5":{"x":10.497,"y":10.649},
      "var_6":{"x":7.033,"y":4.2247},
      "var_7":{"x":10.943,"y":3.8239},
      "var_1":{"x":7.9504,"y":7.0286},
      "var_2":{"x":5.6975,"y":6.285},
      "var_3":{"x":5.1956,"y":8.2793},
      "var_8":{"x":4.2028,"y":5.4615},
      "var_9":{"x":4.7245,"y":4.9368},
      "c_48":{"x":10.941,"y":11.363},
      "c_49":{"x":10.543,"y":11.847},
      "c_42":{"x":8.9067,"y":11.913},
      "c_43":{"x":7.9769,"y":13.287},
      "c_40":{"x":11.94,"y":9.6138},
      "c_41":{"x":13.532,"y":8.7335},
      "c_46":{"x":13.35,"y":5.9769},
      "c_47":{"x":13.739,"y":5.133},
      "c_44":{"x":11.287,"y":7.7664},
      "c_45":{"x":12.429,"y":6.8149},
      "var_49":{"x":10.916,"y":14.396},
      "var_48":{"x":13.061,"y":12.156},
      "var_41":{"x":12.924,"y":6.3861},
      "var_40":{"x":11.909,"y":7.2909},
      "var_43":{"x":13.725,"y":4.7287},
      "var_42":{"x":13.684,"y":5.571},
      "var_45":{"x":10.674,"y":12.939},
      "var_44":{"x":11.307,"y":12.009},
      "var_47":{"x":12.375,"y":12.409},
      "var_46":{"x":13.276,"y":10.905},
      "c_79":{"x":4.7159,"y":3.4478},
      "c_78":{"x":8.5512,"y":3.348},
      "c_77":{"x":8.1769,"y":2.7161},
      "c_76":{"x":11.794,"y":3.1947},
      "c_75":{"x":9.8838,"y":2.2854},
      "c_74":{"x":8.1449,"y":2.1706},
      "c_73":{"x":7.5412,"y":2.2227},
      "c_72":{"x":8.2032,"y":2.4074},
      "c_71":{"x":6.7477,"y":3.333},
      "c_70":{"x":6.3926,"y":3.7274}
     }
  }
}