
{
  "id": "p_000100_00000000",
  "layout": {
    "bounds": [0.097222,0.097222,48.718,40.444],
    "vars": {
      "c_216":{"x":2.2435,"y":8.3469},
      "c_217":{"x":1.5402,"y":9.1794},
      "c_214":{"x":4.5405,"y":9.5259},
      "c_215":{"x":4.8323,"y":9.5429},
      "c_212":{"x":4.566,"y":10.317},
      "c_213":{"x":4.2188,"y":10.2},
      "c_210":{"x":1.3854,"y":8.4174},
      "c_211":{"x":4.8821,"y":9.9168},
      "c_218":{"x":0.67081,"y":9.0248},
      "c_219":{"x":1.156,"y":7.6444},
      "c_186":{"x":37.903,"y":0.7735},
      "c_187":{"x":36.844,"y":0.96625},
      "c_184":{"x":35.49,"y":2.3991},
      "c_185":{"x":35.167,"y":2.5341},
      "c_182":{"x":35.459,"y":2.8977},
      "c_183":{"x":35.79,"y":2.8107},
      "c_180":{"x":38.464,"y":2.5633},
      "c_181":{"x":36.041,"y":2.9026},
      "c_188":{"x":37.58,"y":0.83816},
      "c_189":{"x":36.844,"y":0.1843},
      "c_60":{"x":30.464,"y":24.536},
      "c_61":{"x":30.027,"y":23.536},
      "c_62":{"x":30.047,"y":24.54},
      "c_63":{"x":30.773,"y":23.278},
      "c_64":{"x":32.752,"y":22.658},
      "c_65":{"x":30.744,"y":26.505},
      "c_66":{"x":30.129,"y":21.819},
      "c_67":{"x":30.26,"y":22.96},
      "c_68":{"x":31.008,"y":21.444},
      "c_69":{"x":32.885,"y":21.096},
      "c_179":{"x":38.806,"y":2.2459},
      "c_178":{"x":39.012,"y":2.7048},
      "c_173":{"x":0.59046,"y":22.72},
      "c_172":{"x":1.0672,"y":22.643},
      "c_171":{"x":0.39635,"y":20.499},
      "c_170":{"x":0.36116,"y":23.58},
      "c_177":{"x":38.632,"y":2.9273},
      "c_176":{"x":39.314,"y":2.5032},
      "c_175":{"x":0.22134,"y":23.098},
      "c_174":{"x":0.57433,"y":21.651},
      "var_74":{"x":38.094,"y":0.31839},
      "var_75":{"x":35.239,"y":5.3326},
      "var_76":{"x":37.719,"y":2.2476},
      "var_77":{"x":36.946,"y":2.3937},
      "var_70":{"x":1.7892,"y":23.148},
      "var_71":{"x":40.038,"y":3.5216},
      "var_72":{"x":34.394,"y":3.894},
      "var_73":{"x":37.239,"y":0.097222},
      "var_78":{"x":37.406,"y":2.2979},
      "var_79":{"x":37.015,"y":1.6788},
      "c_142":{"x":19.418,"y":25.536},
      "c_143":{"x":20.408,"y":27.493},
      "c_140":{"x":15.562,"y":27.227},
      "c_141":{"x":17.549,"y":28.351},
      "c_146":{"x":17.691,"y":28.766},
      "c_147":{"x":19.561,"y":25.824},
      "c_144":{"x":17.977,"y":28.441},
      "c_145":{"x":15.988,"y":26.898},
      "c_148":{"x":20.468,"y":27.854},
      "c_149":{"x":18.278,"y":28.877},
      "c_28":{"x":27.185,"y":12.062},
      "c_29":{"x":28.2,"y":10.275},
      "c_24":{"x":35.779,"y":23.047},
      "c_25":{"x":35.422,"y":23.042},
      "c_26":{"x":26.155,"y":11.177},
      "c_27":{"x":28.996,"y":11.953},
      "c_20":{"x":37.462,"y":24.919},
      "c_21":{"x":35.097,"y":23.683},
      "c_22":{"x":35.462,"y":23.74},
      "c_23":{"x":35.155,"y":23.325},
      "c_137":{"x":19.033,"y":25.699},
      "c_136":{"x":16.676,"y":28.42},
      "c_135":{"x":15.716,"y":26.728},
      "c_134":{"x":17.36,"y":28.123},
      "c_133":{"x":20.129,"y":27.342},
      "c_132":{"x":19.09,"y":25.333},
      "c_131":{"x":16.962,"y":27.985},
      "c_130":{"x":15.892,"y":27.583},
      "c_139":{"x":17.104,"y":28.675},
      "c_138":{"x":20.045,"y":27.753},
      "c_249":{"x":12.742,"y":11.289},
      "c_248":{"x":13.043,"y":11.457},
      "var_29":{"x":33.897,"y":19.589},
      "var_28":{"x":30.017,"y":20.785},
      "var_27":{"x":29.111,"y":22.931},
      "var_26":{"x":28.91,"y":21.155},
      "var_25":{"x":26.027,"y":19.792},
      "c_242":{"x":15.594,"y":12.856},
      "c_245":{"x":13.052,"y":13.072},
      "c_244":{"x":14.499,"y":10.562},
      "c_247":{"x":14.024,"y":13.515},
      "c_246":{"x":11.598,"y":11.73},
      "c_240":{"x":11.098,"y":13.25},
      "c_59":{"x":32.525,"y":21.092},
      "c_58":{"x":30.598,"y":21.555},
      "c_51":{"x":29.98,"y":21.418},
      "c_50":{"x":24.3,"y":14.036},
      "c_53":{"x":30.873,"y":21.034},
      "c_52":{"x":30.01,"y":22.563},
      "c_55":{"x":30.582,"y":24.218},
      "c_54":{"x":32.631,"y":20.737},
      "c_57":{"x":29.852,"y":23.078},
      "c_56":{"x":29.711,"y":21.928},
      "c_258":{"x":32.982,"y":8.9846},
      "c_259":{"x":31.952,"y":30.184},
      "var_38":{"x":33.41,"y":38.493},
      "c_253":{"x":28.209,"y":18.466},
      "c_205":{"x":2.0431,"y":10.749},
      "c_204":{"x":1.5697,"y":10.68},
      "c_207":{"x":1.0961,"y":9.5514},
      "c_206":{"x":1.6851,"y":8.8312},
      "c_201":{"x":2.2029,"y":11.07},
      "c_200":{"x":35.786,"y":3.5778},
      "c_203":{"x":1.1362,"y":11.264},
      "c_202":{"x":1.7242,"y":11.363},
      "c_209":{"x":0.86077,"y":8.1634},
      "c_208":{"x":0.34338,"y":9.4341},
      "c_195":{"x":37.195,"y":0.61525},
      "c_194":{"x":37.608,"y":0.2198},
      "c_197":{"x":36.087,"y":3.8945},
      "c_196":{"x":36.683,"y":3.8553},
      "c_191":{"x":38.5,"y":0.9886},
      "c_190":{"x":36.517,"y":0.51285},
      "c_193":{"x":38.171,"y":1.1089},
      "c_192":{"x":37.484,"y":1.1426},
      "c_199":{"x":36.157,"y":3.438},
      "c_198":{"x":36.413,"y":3.8545},
      "c_15":{"x":34.038,"y":25.856},
      "c_14":{"x":34.371,"y":25.952},
      "c_17":{"x":37.684,"y":26.497},
      "c_16":{"x":37.164,"y":26.203},
      "c_11":{"x":33.866,"y":26.606},
      "c_10":{"x":36.767,"y":26.081},
      "c_13":{"x":33.867,"y":26.185},
      "c_12":{"x":34.163,"y":26.732},
      "c_19":{"x":38.041,"y":25.01},
      "c_18":{"x":37.081,"y":25.411},
      "c_108":{"x":45.305,"y":12.372},
      "c_109":{"x":44.986,"y":11.595},
      "c_106":{"x":44.537,"y":12.225},
      "c_107":{"x":43.81,"y":10.768},
      "c_104":{"x":48.368,"y":9.7668},
      "c_105":{"x":48.195,"y":11.498},
      "c_102":{"x":46.266,"y":9.2389},
      "c_103":{"x":48.718,"y":11.061},
      "c_100":{"x":31.146,"y":39.759},
      "c_101":{"x":47.227,"y":11.111},
      "var_16":{"x":25.923,"y":11.916},
      "var_17":{"x":30.666,"y":12.702},
      "var_14":{"x":26.789,"y":10.574},
      "var_15":{"x":26.336,"y":16.266},
      "var_12":{"x":27.105,"y":10.793},
      "var_13":{"x":26.676,"y":11.077},
      "var_10":{"x":36.045,"y":24.952},
      "var_11":{"x":27.027,"y":11.298},
      "var_18":{"x":26.812,"y":12.675},
      "var_19":{"x":29.229,"y":9.6788},
      "var_63":{"x":5.4521,"y":23.697},
      "var_62":{"x":0.79601,"y":22.544},
      "var_61":{"x":4.4585,"y":19.731},
      "var_60":{"x":13.88,"y":26.6},
      "var_67":{"x":2.3614,"y":22.926},
      "var_66":{"x":1.6737,"y":19.509},
      "var_65":{"x":0.097222,"y":22.007},
      "var_64":{"x":0.17785,"y":22.54},
      "var_69":{"x":1.9079,"y":21.891},
      "var_68":{"x":2.0283,"y":22.66},
      "c_269":{"x":31.793,"y":6.7082},
      "c_268":{"x":11.092,"y":12.381},
      "c_235":{"x":11.319,"y":12.96},
      "c_151":{"x":2.9518,"y":19.507},
      "c_150":{"x":16.023,"y":27.229},
      "c_153":{"x":3.161,"y":21.122},
      "c_152":{"x":3.4894,"y":21.346},
      "c_155":{"x":3.0273,"y":21.462},
      "c_154":{"x":3.0263,"y":20.662},
      "c_157":{"x":1.4169,"y":23.527},
      "c_156":{"x":0.9414,"y":20.915},
      "c_159":{"x":0.93956,"y":21.98},
      "c_158":{"x":1.2023,"y":23.124},
      "c_227":{"x":15.578,"y":13.167},
      "c_226":{"x":13.554,"y":11.466},
      "c_225":{"x":2.3903,"y":7.6326},
      "c_224":{"x":1.7441,"y":7.4547},
      "c_223":{"x":1.1207,"y":8.7676},
      "var_80":{"x":36.64,"y":1.9483},
      "c_234":{"x":12.393,"y":10.295},
      "c_263":{"x":30.729,"y":30.606},
      "c_221":{"x":2.6648,"y":8.1915},
      "c_220":{"x":2.0365,"y":7.8609},
      "var_58":{"x":22.41,"y":27.622},
      "var_59":{"x":17.557,"y":29.132},
      "var_52":{"x":17.894,"y":26.938},
      "var_53":{"x":17.747,"y":27.433},
      "var_50":{"x":47.097,"y":11.642},
      "var_51":{"x":18.286,"y":28.022},
      "var_56":{"x":16.939,"y":29.01},
      "var_57":{"x":20.568,"y":23.988},
      "var_54":{"x":18.281,"y":27.186},
      "var_55":{"x":18.399,"y":27.574},
      "c_262":{"x":7.559,"y":17.092},
      "c_48":{"x":26.587,"y":14.487},
      "c_49":{"x":27.852,