
{
  "id": "p_000060_00000000",
  "layout": {
    "bounds": [0.097222,0.097222,38.046,33.515],
    "vars": {
      "c_142":{"x":38.046,"y":15.033},
      "var_31":{"x":36.936,"y":12.065},
      "var_32":{"x":34.505,"y":8.7504},
      "var_33":{"x":34.107,"y":6.9703},
      "c_146":{"x":0.84643,"y":12.907},
      "c_147":{"x":1.1972,"y":12.941},
      "c_60":{"x":12.443,"y":30.935},
      "c_61":{"x":7.2083,"y":28.413},
      "c_62":{"x":7.2033,"y":28.085},
      "c_63":{"x":7.473,"y":28.2},
      "c_64":{"x":7.4794,"y":27.863},
      "c_65":{"x":17.353,"y":18.807},
      "c_66":{"x":17.569,"y":19.027},
      "c_67":{"x":17.326,"y":19.107},
      "c_68":{"x":17.537,"y":19.331},
      "c_69":{"x":13.38,"y":22.78},
      "var_37":{"x":3.8084,"y":18.791},
      "c_99":{"x":30.807,"y":30.85},
      "c_98":{"x":30.557,"y":31.007},
      "c_95":{"x":14.71,"y":1.2894},
      "c_94":{"x":14.716,"y":1.6302},
      "c_97":{"x":30.881,"y":31.172},
      "c_96":{"x":15.002,"y":1.831},
      "c_91":{"x":9.6687,"y":4.1475},
      "c_90":{"x":9.9237,"y":4.3394},
      "c_93":{"x":14.989,"y":1.4735},
      "c_92":{"x":9.6877,"y":4.4827},
      "c_15":{"x":25.067,"y":16.057},
      "c_14":{"x":25.257,"y":16.584},
      "c_17":{"x":11.072,"y":27.577},
      "c_16":{"x":25.283,"y":16.277},
      "c_11":{"x":34.694,"y":26.566},
      "c_10":{"x":34.909,"y":26.865},
      "c_13":{"x":25.043,"y":16.362},
      "c_12":{"x":34.375,"y":26.513},
      "c_19":{"x":10.794,"y":27.343},
      "c_18":{"x":10.534,"y":27.53},
      "c_9":{"x":34.593,"y":26.831},
      "c_8":{"x":21.684,"y":12.897},
      "c_108":{"x":19.077,"y":32.67},
      "c_109":{"x":24.885,"y":32.887},
      "c_106":{"x":18.912,"y":32.951},
      "c_107":{"x":19.184,"y":33.007},
      "c_7":{"x":21.795,"y":13.126},
      "c_105":{"x":19.028,"y":33.284},
      "c_102":{"x":31.357,"y":27.872},
      "c_103":{"x":31.548,"y":28.344},
      "c_100":{"x":30.473,"y":30.669},
      "c_101":{"x":31.662,"y":27.989},
      "var_16":{"x":8.4669,"y":18.307},
      "var_17":{"x":12.181,"y":20.995},
      "var_14":{"x":9.0103,"y":27.994},
      "var_15":{"x":11.575,"y":29.404},
      "var_12":{"x":27.517,"y":14.594},
      "var_13":{"x":11.929,"y":25.138},
      "c_88":{"x":23.046,"y":2.6882},
      "c_89":{"x":9.9508,"y":4.6809},
      "c_86":{"x":23.167,"y":2.3754},
      "c_87":{"x":23.41,"y":2.8238},
      "c_84":{"x":26.774,"y":1.651},
      "c_85":{"x":23.511,"y":2.5092},
      "c_82":{"x":26.487,"y":1.632},
      "c_83":{"x":26.56,"y":1.9578},
      "c_80":{"x":18.361,"y":7.9869},
      "c_81":{"x":26.692,"y":1.3361},
      "c_156":{"x":2.4711,"y":23.87},
      "var_60":{"x":1.4191,"y":21.269},
      "c_119":{"x":24.312,"y":26.577},
      "c_118":{"x":24.076,"y":26.335},
      "c_115":{"x":24.125,"y":20.601},
      "c_114":{"x":24.276,"y":20.809},
      "c_117":{"x":24.648,"y":26.513},
      "c_116":{"x":24.465,"y":20.604},
      "c_111":{"x":24.949,"y":33.515},
      "c_110":{"x":24.764,"y":33.263},
      "c_113":{"x":23.938,"y":20.82},
      "c_112":{"x":25.058,"y":33.167},
      "c_5":{"x":22.005,"y":12.914},
      "c_39":{"x":27.505,"y":25.393},
      "c_38":{"x":27.189,"y":25.451},
      "c_4":{"x":4.4502,"y":8.8143},
      "c_33":{"x":22.577,"y":31.556},
      "c_32":{"x":13.988,"y":4.7533},
      "c_31":{"x":14.303,"y":4.6394},
      "c_30":{"x":14.006,"y":4.401},
      "c_37":{"x":27.604,"y":25.042},
      "c_36":{"x":22.931,"y":31.527},
      "c_35":{"x":22.808,"y":31.209},
      "c_34":{"x":22.457,"y":31.22},
      "c_6":{"x":21.474,"y":13.104},
      "c_104":{"x":31.223,"y":28.231},
      "c_1":{"x":4.7788,"y":8.9096},
      "c_120":{"x":24.41,"y":26.258},
      "c_121":{"x":30.103,"y":13.043},
      "c_122":{"x":29.9,"y":12.75},
      "c_123":{"x":29.769,"y":13.053},
      "c_124":{"x":29.581,"y":12.747},
      "c_3":{"x":4.2919,"y":8.5204},
      "c_126":{"x":30.779,"y":16.226},
      "c_127":{"x":30.938,"y":15.659},
      "c_128":{"x":31.016,"y":15.994},
      "c_129":{"x":32.211,"y":5.0625},
      "c_2":{"x":4.6195,"y":8.6013},
      "var_30":{"x":25.826,"y":22.99},
      "c_143":{"x":37.407,"y":14.994},
      "c_140":{"x":37.081,"y":20.836},
      "c_141":{"x":37.716,"y":15.159},
      "var_34":{"x":33.395,"y":16.611},
      "var_35":{"x":36.999,"y":16.216},
      "c_144":{"x":37.754,"y":14.861},
      "c_145":{"x":1.3902,"y":13.268},
      "var_38":{"x":1.0326,"y":19.619},
      "var_39":{"x":2.2481,"y":22.053},
      "c_148":{"x":1.0182,"y":13.217},
      "c_149":{"x":3.1197,"y":12.861},
      "c_28":{"x":20.952,"y":0.72176},
      "c_29":{"x":14.335,"y":4.3003},
      "c_24":{"x":11.489,"y":18.971},
      "c_25":{"x":21.152,"y":0.44681},
      "c_26":{"x":21.076,"y":0.097222},
      "c_27":{"x":20.869,"y":0.35228},
      "c_20":{"x":10.808,"y":27.768},
      "c_21":{"x":11.319,"y":19.523},
      "c_22":{"x":11.562,"y":19.284},
      "c_23":{"x":11.258,"y":19.204},
      "var_10":{"x":21.296,"y":17.7},
      "var_11":{"x":28.035,"y":16.143},
      "c_137":{"x":36.852,"y":20.64},
      "c_136":{"x":32.625,"y":8.6351},
      "c_135":{"x":32.917,"y":8.8773},
      "c_134":{"x":32.869,"y":8.4162},
      "c_133":{"x":33.157,"y":8.6566},
      "c_132":{"x":32.293,"y":4.7519},
      "c_131":{"x":31.869,"y":5.2075},
      "c_130":{"x":31.971,"y":4.8953},
      "c_139":{"x":37.468,"y":20.794},
      "c_138":{"x":37.25,"y":20.596},
      "c_151":{"x":3.4731,"y":12.96},
      "c_150":{"x":3.3293,"y":12.579},
      "c_153":{"x":2.6366,"y":23.594},
      "c_152":{"x":3.6868,"y":12.691},
      "c_155":{"x":2.8423,"y":23.792},
      "c_154":{"x":3.0165,"y":23.504},
      "var_29":{"x":25.933,"y":25.969},
      "var_28":{"x":29.454,"y":26.73},
      "var_27":{"x":20.884,"y":32.348},
      "var_26":{"x":23.744,"y":32.522},
      "var_25":{"x":23.545,"y":28.956},
      "var_24":{"x":11.929,"y":4.3418},
      "var_23":{"x":14.368,"y":2.91},
      "var_22":{"x":16.307,"y":6.2532},
      "var_21":{"x":23.86,"y":0.84337},
      "var_20":{"x":22.24,"y":1.2814},
      "var_18":{"x":14.41,"y":19.15},
      "var_19":{"x":17.902,"y":0.83041},
      "c_59":{"x":12.717,"y":30.75},
      "c_58":{"x":12.674,"y":31.096},
      "c_51":{"x":2.0611,"y":20.454},
      "c_50":{"x":2.4189,"y":20.404},
      "c_53":{"x":5.4926,"y":17.578},
      "c_52":{"x":2.2934,"y":20.049},
      "c_55":{"x":5.7625,"y":17.441},
      "c_54":{"x":5.7118,"y":17.138},
      "c_57":{"x":12.396,"y":31.27},
      "c_56":{"x":5.4204,"y":17.267},
      "var_36":{"x":36.68,"y":19.002},
      "var_58":{"x":2.0867,"y":12.725},
      "var_59":{"x":0.61255,"y":15.86},
      "c_160":{"x":0.76253,"y":18.707},
      "var_52":{"x":21.974,"y":33.267},
      "var_53":{"x":24.279,"y":23.587},
      "var_50":{"x":31.28,"y":29.671},
      "var_51":{"x":27.855,"y":32.205},
      "var_56":{"x":32.626,"y":6.7071},
      "var_57":{"x":37.631,"y":17.886},
      "var_54":{"x":30.484,"y":14.375},
      "var_55":{"x":31.416,"y":10.745},
      "var_4":{"x":22.966,"y":16.861},
      "var_5":{"x":20.102,"y":10.536},
      "var_6":{"x":21.739,"y":10.197},
      "var_7":{"x":36.024,"y":23.756},
      "var_1":{"x":7.096,"y":6.4742},
      "var_2":{"x":3.8376,"y":10.666},
      "var_3":{"x":2.6827,"y":10.793},
      "var_8":{"x":33.194,"y":27.565},
      "var_9":{"x":32.807,"y":28.938},
      "c_48":{"x":35.973,"y":17.067},
      "c_49":{"x":1.9234,"y":20.121},
      "c_157":{"x":0.59588,"y":18.489},
      "c_42":{"x":35.619,"y":9.431},
      "c_43":{"x":35.737,"y":9.1097},
      "c_40":{"x":27.292,"y":25.098},
      "c_41":{"x":35.974,"y":9.3055},
      "c_46":{"x":35.65,"y":17.524},
      "c_47":{"x":35.991,"y":17.434},
      "c_44":{"x":36.081,"y":8.9966},
      "c_45":{"x":35.651,"y":17.161},
      "c_159":{"x":0.097222,"y":18.74},
      "c_158":{"x":0.37571,"y":18.768},
      "c_125":{"x":30.689,"y":15.886},
      "var_49":{"x":12.25,"y":2.8449},
      "var_48":{"x":29.427,"y":3.1987},
      "var_41":{"x":9.8697,"y":29.713},
      "var_40":{"x":4.4198,"y":15.063},