
{
  "id": "p_000100_00000000",
  "layout": {
    "bounds": [0.097222,0.097222,65.366,34.503],
    "vars": {
      "c_216":{"x":25.51,"y":16.951},
      "c_217":{"x":25.778,"y":16.684},
      "c_214":{"x":29.46,"y":14.647},
      "c_215":{"x":29.869,"y":15.056},
      "c_212":{"x":28.521,"y":13.255},
      "c_213":{"x":29.921,"y":14.55},
      "c_210":{"x":27.746,"y":14.859},
      "c_211":{"x":28.333,"y":13.6},
      "c_218":{"x":27.395,"y":17.762},
      "c_219":{"x":26.771,"y":17.852},
      "c_186":{"x":22.905,"y":33.032},
      "c_187":{"x":22.782,"y":33.808},
      "c_184":{"x":25.104,"y":34.35},
      "c_185":{"x":23.698,"y":34.407},
      "c_182":{"x":23.291,"y":33.787},
      "c_183":{"x":26.226,"y":31.621},
      "c_180":{"x":24.247,"y":33.98},
      "c_181":{"x":23.697,"y":32.777},
      "c_188":{"x":25.836,"y":31.575},
      "c_189":{"x":24.655,"y":34.503},
      "c_60":{"x":18.608,"y":6.0988},
      "c_61":{"x":22.939,"y":8.0076},
      "c_62":{"x":21.172,"y":10.625},
      "c_63":{"x":19.776,"y":7.2211},
      "c_64":{"x":17.875,"y":8.4599},
      "c_65":{"x":19.265,"y":7.5482},
      "c_66":{"x":20.763,"y":8.0728},
      "c_67":{"x":19.01,"y":10.577},
      "c_68":{"x":17.03,"y":7.0064},
      "c_69":{"x":14.944,"y":7.921},
      "c_179":{"x":25.472,"y":34.055},
      "c_178":{"x":26.569,"y":31.438},
      "c_173":{"x":34.835,"y":26.015},
      "c_172":{"x":34.332,"y":22.381},
      "c_171":{"x":35.395,"y":25.727},
      "c_170":{"x":31.061,"y":26.839},
      "c_177":{"x":23.779,"y":33.54},
      "c_176":{"x":24.08,"y":32.466},
      "c_175":{"x":34.897,"y":26.556},
      "c_174":{"x":34.45,"y":26.487},
      "var_74":{"x":23.14,"y":26.006},
      "var_75":{"x":23.541,"y":33.151},
      "var_76":{"x":23.019,"y":31.529},
      "var_77":{"x":22.77,"y":32.236},
      "var_70":{"x":33.759,"y":26.862},
      "var_71":{"x":25.213,"y":33.123},
      "var_72":{"x":24.745,"y":33.45},
      "var_73":{"x":24.189,"y":33.458},
      "var_78":{"x":27.194,"y":29.244},
      "var_79":{"x":24.571,"y":32.774},
      "var_92":{"x":48.961,"y":28.732},
      "c_142":{"x":47.078,"y":9.9577},
      "c_143":{"x":45.072,"y":10.953},
      "c_140":{"x":41.125,"y":8.9638},
      "c_141":{"x":46.775,"y":10.417},
      "c_146":{"x":45.449,"y":12.113},
      "c_147":{"x":45.809,"y":11.773},
      "c_144":{"x":46.992,"y":9.5309},
      "c_145":{"x":46.641,"y":9.9544},
      "c_148":{"x":43.705,"y":12.633},
      "c_149":{"x":45.579,"y":11.463},
      "c_28":{"x":4.4532,"y":10.906},
      "c_29":{"x":1.656,"y":10.541},
      "c_24":{"x":65.066,"y":13.995},
      "c_25":{"x":65.214,"y":15.492},
      "c_26":{"x":1.048,"y":11.17},
      "c_27":{"x":0.89197,"y":11.79},
      "c_20":{"x":64.935,"y":16.97},
      "c_21":{"x":65.366,"y":14.882},
      "c_22":{"x":61.605,"y":13.786},
      "c_23":{"x":63.704,"y":15.438},
      "c_137":{"x":41.48,"y":9.0916},
      "c_136":{"x":41.279,"y":9.4635},
      "c_135":{"x":45.006,"y":8.2233},
      "c_134":{"x":45.486,"y":7.9769},
      "c_133":{"x":43.137,"y":9.9489},
      "c_132":{"x":45.756,"y":8.5768},
      "c_131":{"x":45.511,"y":9.2198},
      "c_130":{"x":43.111,"y":7.8133},
      "c_139":{"x":41.402,"y":8.6237},
      "c_138":{"x":39.796,"y":9.8809},
      "c_249":{"x":49.329,"y":29.298},
      "c_248":{"x":48.623,"y":29.558},
      "var_29":{"x":15.355,"y":8.2062},
      "var_28":{"x":18.783,"y":6.5186},
      "var_27":{"x":22.012,"y":12.366},
      "var_26":{"x":25.212,"y":7.8378},
      "var_25":{"x":21.561,"y":6.2883},
      "var_24":{"x":16.376,"y":8.6303},
      "var_23":{"x":20.738,"y":8.9021},
      "var_22":{"x":19.783,"y":7.4912},
      "var_21":{"x":20.431,"y":9.4403},
      "c_246":{"x":47.933,"y":29.161},
      "c_240":{"x":43.197,"y":28.832},
      "c_59":{"x":17.308,"y":7.5821},
      "c_58":{"x":19.066,"y":5.9925},
      "c_51":{"x":22.756,"y":8.4374},
      "c_50":{"x":2.6846,"y":13.444},
      "c_53":{"x":19.388,"y":7.9418},
      "c_52":{"x":20.809,"y":11.04},
      "c_55":{"x":18.953,"y":8.1168},
      "c_54":{"x":17.675,"y":8.8747},
      "c_57":{"x":20.719,"y":9.9509},
      "c_56":{"x":22.484,"y":7.298},
      "var_48":{"x":10.642,"y":30.183},
      "c_258":{"x":11.404,"y":9.2049},
      "c_259":{"x":10.587,"y":8.9679},
      "var_38":{"x":34.64,"y":3.7041},
      "c_253":{"x":22.746,"y":11.69},
      "c_205":{"x":26.55,"y":16.51},
      "c_204":{"x":26.062,"y":16.219},
      "c_207":{"x":26.275,"y":12.786},
      "c_206":{"x":25.951,"y":13.195},
      "c_201":{"x":24.452,"y":15.009},
      "c_200":{"x":22.604,"y":34.205},
      "c_203":{"x":26.808,"y":15.94},
      "c_202":{"x":24.846,"y":14.612},
      "c_209":{"x":27.243,"y":14.555},
      "c_208":{"x":27.93,"y":14.373},
      "c_195":{"x":23.074,"y":29.442},
      "c_194":{"x":23.819,"y":29.45},
      "c_197":{"x":22.219,"y":33.527},
      "c_196":{"x":22.337,"y":32.788},
      "c_191":{"x":22.932,"y":28.773},
      "c_190":{"x":23.204,"y":34.44},
      "c_193":{"x":25.105,"y":27.73},
      "c_192":{"x":22.723,"y":29.169},
      "c_199":{"x":24.138,"y":34.355},
      "c_198":{"x":25.401,"y":31.287},
      "c_15":{"x":61.801,"y":17.623},
      "c_14":{"x":61.545,"y":16.576},
      "c_17":{"x":61.362,"y":14.819},
      "c_16":{"x":65.061,"y":16.439},
      "c_11":{"x":61.812,"y":17.136},
      "c_10":{"x":64.385,"y":14.991},
      "c_13":{"x":61.176,"y":17.555},
      "c_12":{"x":59.133,"y":15.907},
      "c_19":{"x":64.872,"y":15.836},
      "c_18":{"x":64.032,"y":17.106},
      "c_108":{"x":9.4136,"y":27.882},
      "c_109":{"x":9.8717,"y":28.005},
      "c_106":{"x":9.677,"y":27.552},
      "c_107":{"x":12.761,"y":26.816},
      "c_104":{"x":9.8188,"y":30.923},
      "c_105":{"x":9.7205,"y":29.482},
      "c_102":{"x":13.485,"y":29.016},
      "c_103":{"x":9.4167,"y":30.532},
      "c_100":{"x":30.235,"y":3.3015},
      "c_101":{"x":9.5412,"y":30.012},
      "var_16":{"x":1.4014,"y":10.0},
      "var_17":{"x":1.2318,"y":10.638},
      "var_14":{"x":2.3952,"y":10.31},
      "var_15":{"x":1.7129,"y":11.091},
      "var_12":{"x":1.7913,"y":11.78},
      "var_13":{"x":6.0141,"y":9.9762},
      "var_10":{"x":64.069,"y":16.454},
      "var_11":{"x":2.3657,"y":11.835},
      "var_18":{"x":6.5676,"y":9.9582},
      "var_19":{"x":1.78,"y":9.4536},
      "var_63":{"x":34.625,"y":24.189},
      "var_62":{"x":33.214,"y":24.332},
      "var_61":{"x":37.358,"y":25.938},
      "var_60":{"x":44.125,"y":9.4589},
      "var_67":{"x":33.401,"y":19.976},
      "var_66":{"x":34.041,"y":25.974},
      "var_65":{"x":34.862,"y":24.908},
      "var_64":{"x":28.373,"y":26.077},
      "var_69":{"x":33.302,"y":26.705},
      "var_68":{"x":33.535,"y":26.159},
      "var_43":{"x":16.137,"y":30.189},
      "c_268":{"x":22.33,"y":27.183},
      "c_151":{"x":36.111,"y":26.248},
      "c_150":{"x":45.188,"y":11.767},
      "c_153":{"x":35.717,"y":26.418},
      "c_152":{"x":35.576,"y":22.863},
      "c_155":{"x":35.947,"y":27.085},
      "c_154":{"x":35.559,"y":26.917},
      "c_157":{"x":33.353,"y":22.095},
      "c_156":{"x":33.697,"y":25.026},
      "c_159":{"x":32.821,"y":25.712},
      "c_158":{"x":33.066,"y":25.258},
      "c_227":{"x":49.22,"y":25.905},
      "c_226":{"x":47.755,"y":29.547},
      "var_87":{"x":25.538,"y":13.558},
      "c_224":{"x":26.134,"y":15.359},
      "c_223":{"x":26.761,"y":15.092},
      "c_222":{"x":24.71,"y":13.744},
      "c_263":{"x":34.347,"y":29.216},
      "c_221":{"x":24.356,"y":14.269},
      "var_82":{"x":27.038,"y":13.695},
      "var_58":{"x":41.24,"y":11.14},
      "var_59":{"x":44.501,"y":9.0636},
      "var_52":{"x":44.872,"y":8.7856},
      "var_53":{"x":38.221,"y":8.839},
      "var_50":{"x":11.02,"y":29.185},
      "var_51":{"x":41.661,"y":7.1008},
      "var_56":{"x":44.31,"y":10.014},
      "var_57":{"x":44.637,"y":9.5519},
      "var_54":{"x":48.763,"y":10.814},
      "var_55":{"x":46.034,"y":14.018},
      "c_70":{"x":16.583,"y":7.0917},
      "c_48":{"x":4.0523,"y":10.353},
      "c_49":{"x":0.62597,"y":9.7599},