
{
  "id": "p_000010_00000001",
  "layout": {
    "bounds": [0.097222,0.097222,3.0558,3.0561],
    "vars": {
      "c_186":{"x":0.93492,"y":1.6304},
      "c_187":{"x":1.6482,"y":0.097222},
      "c_184":{"x":3.0206,"y":1.9657},
      "c_185":{"x":1.7133,"y":1.6183},
      "c_182":{"x":2.6028,"y":1.2855},
      "c_183":{"x":2.2148,"y":3.0561},
      "c_180":{"x":0.097222,"y":0.92033},
      "c_181":{"x":1.8673,"y":2.7039},
      "c_188":{"x":1.2868,"y":1.8641},
      "c_189":{"x":2.1847,"y":0.63839},
      "c_179":{"x":1.5928,"y":1.1326},
      "c_178":{"x":0.63325,"y":2.3742},
      "c_177":{"x":1.03,"y":0.62294},
      "var_80":{"x":0.78635,"y":1.0838},
      "c_200":{"x":1.5743,"y":1.3688},
      "c_195":{"x":0.16175,"y":1.5658},
      "c_194":{"x":1.6704,"y":1.9657},
      "c_197":{"x":2.585,"y":0.93838},
      "c_196":{"x":1.8279,"y":2.4117},
      "c_191":{"x":0.37724,"y":2.7687},
      "c_190":{"x":0.72233,"y":0.36004},
      "c_193":{"x":0.80315,"y":3.0029},
      "c_192":{"x":1.1305,"y":1.2372},
      "c_199":{"x":3.0558,"y":1.5525},
      "c_198":{"x":2.1675,"y":2.7402},
      "c_176":{"x":0.28346,"y":2.0994},
      "var_74":{"x":0.75566,"y":2.1241},
      "var_75":{"x":2.3635,"y":1.8315},
      "var_76":{"x":1.0281,"y":2.4662},
      "var_77":{"x":1.8629,"y":0.7036},
      "var_71":{"x":0.61063,"y":1.4011},
      "var_72":{"x":2.4253,"y":2.2076},
      "var_73":{"x":1.3421,"y":0.81798},
      "var_78":{"x":1.4076,"y":2.7821},
      "var_79":{"x":2.3852,"y":1.4246}
     }
  }
}