
{
  "id": "p_000100_00000000",
  "layout": {
    "bounds": [0.097222,0.097222,68.076,43.284],
    "vars": {
      "c_216":{"x":37.662,"y":15.67},
      "c_217":{"x":36.109,"y":15.153},
      "c_214":{"x":39.311,"y":16.67},
      "c_215":{"x":38.933,"y":14.777},
      "c_212":{"x":35.721,"y":15.306},
      "c_213":{"x":38.175,"y":12.934},
      "c_210":{"x":39.453,"y":13.763},
      "c_211":{"x":37.065,"y":15.971},
      "c_218":{"x":38.722,"y":12.878},
      "c_219":{"x":39.862,"y":16.547},
      "c_186":{"x":66.196,"y":3.1099},
      "c_187":{"x":63.666,"y":3.2239},
      "c_184":{"x":67.352,"y":0.19281},
      "c_185":{"x":67.203,"y":1.4086},
      "c_182":{"x":63.81,"y":0.66709},
      "c_183":{"x":67.476,"y":0.71371},
      "c_180":{"x":65.41,"y":3.936},
      "c_181":{"x":66.493,"y":0.097222},
      "c_188":{"x":67.057,"y":3.7826},
      "c_189":{"x":66.792,"y":3.4055},
      "c_60":{"x":30.345,"y":5.6084},
      "c_61":{"x":28.074,"y":7.2137},
      "c_62":{"x":28.182,"y":6.7769},
      "c_63":{"x":32.557,"y":6.6014},
      "c_64":{"x":29.127,"y":5.7804},
      "c_65":{"x":30.031,"y":5.3003},
      "c_66":{"x":28.87,"y":7.4861},
      "c_67":{"x":28.888,"y":6.9824},
      "c_68":{"x":33.012,"y":6.5693},
      "c_69":{"x":29.718,"y":5.7686},
      "c_179":{"x":65.244,"y":3.1859},
      "c_178":{"x":65.569,"y":3.4896},
      "c_173":{"x":55.622,"y":42.16},
      "c_172":{"x":52.735,"y":38.121},
      "c_171":{"x":55.145,"y":42.567},
      "c_170":{"x":53.893,"y":41.888},
      "c_177":{"x":62.648,"y":3.0669},
      "c_176":{"x":64.718,"y":2.9739},
      "c_175":{"x":56.045,"y":41.163},
      "c_174":{"x":54.687,"y":42.177},
      "var_74":{"x":66.727,"y":1.1774},
      "var_75":{"x":65.221,"y":0.87742},
      "var_76":{"x":65.902,"y":1.4911},
      "var_77":{"x":61.612,"y":1.7966},
      "var_70":{"x":55.111,"y":41.261},
      "var_71":{"x":63.671,"y":4.5922},
      "var_72":{"x":66.156,"y":0.287},
      "var_73":{"x":65.789,"y":4.6907},
      "var_78":{"x":67.126,"y":2.2322},
      "var_79":{"x":66.812,"y":1.7843},
      "c_142":{"x":35.945,"y":23.281},
      "c_143":{"x":36.976,"y":26.334},
      "c_140":{"x":36.178,"y":22.204},
      "c_141":{"x":36.52,"y":26.075},
      "c_146":{"x":35.503,"y":26.925},
      "c_147":{"x":35.169,"y":23.669},
      "c_144":{"x":38.484,"y":25.82},
      "c_145":{"x":37.045,"y":22.135},
      "c_148":{"x":36.027,"y":27.093},
      "c_149":{"x":37.847,"y":26.503},
      "c_28":{"x":63.625,"y":12.053},
      "c_29":{"x":63.905,"y":13.623},
      "c_24":{"x":45.598,"y":4.0853},
      "c_25":{"x":45.924,"y":4.4085},
      "c_26":{"x":63.767,"y":14.291},
      "c_27":{"x":60.325,"y":11.942},
      "c_20":{"x":48.013,"y":2.3277},
      "c_21":{"x":45.474,"y":3.6911},
      "c_22":{"x":46.244,"y":4.0667},
      "c_23":{"x":46.329,"y":4.6628},
      "c_137":{"x":34.975,"y":23.348},
      "c_136":{"x":35.405,"y":26.419},
      "c_135":{"x":36.682,"y":22.202},
      "c_134":{"x":38.12,"y":26.004},
      "c_133":{"x":36.519,"y":26.525},
      "c_132":{"x":35.523,"y":23.361},
      "c_131":{"x":35.92,"y":26.221},
      "c_130":{"x":39.013,"y":23.652},
      "c_139":{"x":37.758,"y":26.015},
      "c_138":{"x":35.991,"y":26.633},
      "c_249":{"x":21.04,"y":12.843},
      "c_248":{"x":21.608,"y":13.372},
      "var_29":{"x":29.97,"y":7.1805},
      "var_28":{"x":35.278,"y":7.5908},
      "var_27":{"x":27.981,"y":8.5073},
      "var_26":{"x":27.69,"y":8.911},
      "var_25":{"x":32.421,"y":8.3614},
      "c_242":{"x":18.38,"y":14.647},
      "c_245":{"x":18.131,"y":14.238},
      "c_244":{"x":17.977,"y":14.69},
      "c_247":{"x":21.511,"y":12.78},
      "c_246":{"x":21.211,"y":13.346},
      "c_59":{"x":29.313,"y":6.1331},
      "c_58":{"x":32.745,"y":6.9767},
      "c_51":{"x":29.435,"y":10.473},
      "c_50":{"x":60.877,"y":16.085},
      "c_53":{"x":33.4,"y":9.6059},
      "c_52":{"x":29.678,"y":10.15},
      "c_55":{"x":31.217,"y":9.1926},
      "c_54":{"x":30.654,"y":9.4922},
      "c_57":{"x":28.502,"y":7.0928},
      "c_56":{"x":28.463,"y":7.6093},
      "var_49":{"x":50.073,"y":27.215},
      "var_48":{"x":50.119,"y":26.372},
      "c_258":{"x":65.279,"y":7.8262},
      "c_259":{"x":44.317,"y":20.363},
      "var_38":{"x":2.4184,"y":17.697},
      "var_39":{"x":0.097222,"y":16.214},
      "c_205":{"x":40.877,"y":15.861},
      "c_204":{"x":41.744,"y":17.783},
      "c_207":{"x":36.124,"y":14.589},
      "c_206":{"x":37.585,"y":14.877},
      "c_201":{"x":39.336,"y":17.05},
      "c_200":{"x":66.133,"y":1.8911},
      "c_203":{"x":40.142,"y":14.064},
      "c_202":{"x":37.462,"y":16.502},
      "c_209":{"x":39.959,"y":16.054},
      "c_208":{"x":38.744,"y":12.417},
      "c_195":{"x":67.86,"y":1.9675},
      "c_194":{"x":67.896,"y":0.99424},
      "c_197":{"x":63.254,"y":1.1308},
      "c_196":{"x":65.441,"y":0.38728},
      "c_191":{"x":66.934,"y":0.74024},
      "c_190":{"x":66.936,"y":4.2535},
      "c_193":{"x":68.076,"y":1.4426},
      "c_192":{"x":64.137,"y":1.3305},
      "c_199":{"x":66.263,"y":0.64021},
      "c_198":{"x":66.386,"y":1.2098},
      "c_15":{"x":46.697,"y":6.4883},
      "c_14":{"x":46.375,"y":6.2584},
      "c_17":{"x":48.768,"y":1.9275},
      "c_16":{"x":47.309,"y":1.2682},
      "c_11":{"x":46.309,"y":5.9235},
      "c_10":{"x":47.43,"y":2.4737},
      "c_13":{"x":47.091,"y":6.6726},
      "c_12":{"x":47.034,"y":6.2198},
      "c_19":{"x":47.42,"y":1.9715},
      "c_18":{"x":48.631,"y":2.5967},
      "c_108":{"x":48.267,"y":27.015},
      "c_109":{"x":48.279,"y":27.695},
      "c_106":{"x":47.933,"y":27.399},
      "c_107":{"x":46.904,"y":25.406},
      "c_104":{"x":52.091,"y":27.265},
      "c_105":{"x":51.66,"y":27.494},
      "c_102":{"x":50.533,"y":24.813},
      "c_103":{"x":52.028,"y":26.419},
      "c_100":{"x":4.326,"y":17.199},
      "c_101":{"x":51.68,"y":26.834},
      "var_16":{"x":64.306,"y":15.142},
      "var_17":{"x":58.212,"y":10.779},
      "var_14":{"x":62.741,"y":14.368},
      "var_15":{"x":61.872,"y":13.848},
      "var_12":{"x":62.87,"y":13.591},
      "var_13":{"x":62.178,"y":14.329},
      "var_10":{"x":47.726,"y":3.9762},
      "var_11":{"x":62.315,"y":13.521},
      "var_18":{"x":64.331,"y":10.952},
      "var_19":{"x":64.712,"y":14.243},
      "var_63":{"x":52.726,"y":40.508},
      "var_62":{"x":53.384,"y":40.382},
      "var_61":{"x":54.192,"y":40.931},
      "var_60":{"x":36.993,"y":19.662},
      "var_67":{"x":50.574,"y":35.487},
      "var_66":{"x":53.94,"y":43.175},
      "var_65":{"x":54.648,"y":40.767},
      "var_64":{"x":52.347,"y":41.583},
      "var_69":{"x":53.448,"y":42.675},
      "var_68":{"x":54.506,"y":42.686},
      "var_43":{"x":49.851,"y":27.594},
      "var_42":{"x":46.467,"y":27.212},
      "c_151":{"x":54.804,"y":42.691},
      "c_150":{"x":36.433,"y":22.526},
      "c_153":{"x":55.228,"y":42.134},
      "c_152":{"x":52.395,"y":38.298},
      "c_155":{"x":55.647,"y":41.377},
      "c_154":{"x":54.264,"y":42.368},
      "c_157":{"x":52.005,"y":37.954},
      "c_156":{"x":53.583,"y":42.116},
      "c_159":{"x":53.185,"y":41.658},
      "c_158":{"x":54.348,"y":41.595},
      "c_227":{"x":23.309,"y":15.667},
      "c_226":{"x":22.885,"y":16.204},
      "c_225":{"x":38.931,"y":13.976},
      "c_224":{"x":39.499,"y":16.191},
      "c_223":{"x":38.135,"y":12.421},
      "var_80":{"x":66.903,"y":2.8139},
      "c_221":{"x":37.158,"y":15.163},
      "c_76":{"x":0.47652,"y":16.716},
      "c_220":{"x":39.321,"y":14.467},
      "var_58":{"x":37.118,"y":27.505},
      "var_59":{"x":39.734,"y":26.729},
      "var_52":{"x":36.542,"y":24.745},
      "var_53":{"x":35.971,"y":24.812},
      "var_50":{"x":49.506,"y":27.544},
      "var_51":{"x":41.005,"y":27.588},
      "var_56":{"x":36.606,"y":27.251},
      "var_57":{"x":35.345,"y":21.634},
      "var_54":{"x":37.03,"y":24.6},
      "var_55":{"x":36.128,"y":25.248},
      "c_70":{"x":30.731,"y":5.3419},
      "c_48":{"x":63.185,"y":12.213},
      "c_49":{"x":63.425,"y":14.083},
      "c_42":{"x":60.563,