{
  "id": "112ebda374bce6c18168d70e86072acb",
  "layout": {
    "bounds": [
      17.0000495911,
      15.9999504089,
      119.000053406,
      115.0
    ],
    "vars": {
      "c_1": {
        "x": 105.333381653,
        "y": 15.9999504089
      },
      "c_10": {
        "x": 93.0000534058,
        "y": 38.0
      },
      "c_11": {
        "x": 117.000053406,
        "y": 42.1669158936
      },
      "c_12": {
        "x": 107.000053406,
        "y": 54.0000495911
      },
      "c_13": {
        "x": 114.000053406,
        "y": 27.1666164398
      },
      "c_14": {
        "x": 94.0000534058,
        "y": 32.6667671204
      },
      "c_15": {
        "x": 118.000053406,
        "y": 37.1668167114
      },
      "c_16": {
        "x": 106.333381653,
        "y": 48.9999504089
      },
      "c_17": {
        "x": 54.5000495911,
        "y": 97.0
      },
      "c_18": {
        "x": 61.5000495911,
        "y": 90.9999465942
      },
      "c_19": {
        "x": 60.0000495911,
        "y": 96.0000534058
      },
      "c_2": {
        "x": 88.0000534058,
        "y": 22.6665668488
      },
      "c_20": {
        "x": 42.5000495911,
        "y": 95.0
      },
      "c_21": {
        "x": 72.0000534058,
        "y": 94.3332366943
      },
      "c_22": {
        "x": 84.5000534058,
        "y": 95.0
      },
      "c_23": {
        "x": 79.5000534058,
        "y": 97.0
      },
      "c_24": {
        "x": 66.5000534058,
        "y": 90.0
      },
      "c_25": {
        "x": 51.1111602783,
        "y": 112.0
      },
      "c_26": {
        "x": 71.1111602783,
        "y": 109.499946594
      },
      "c_27": {
        "x": 71.1111602783,
        "y": 114.500053406
      },
      "c_28": {
        "x": 46.1111602783,
        "y": 110.0
      },
      "c_29": {
        "x": 56.1111602783,
        "y": 112.500053406
      },
      "c_3": {
        "x": 110.333381653,
        "y": 17.1664161682
      },
      "c_30": {
        "x": 79.0000534058,
        "y": 107.999946594
      },
      "c_31": {
        "x": 78.0000534058,
        "y": 113.000053406
      },
      "c_32": {
        "x": 56.1111602783,
        "y": 107.499946594
      },
      "c_33": {
        "x": 20.5000495911,
        "y": 40.9999504089
      },
      "c_34": {
        "x": 36.3333816528,
        "y": 48.0000495911
      },
      "c_35": {
        "x": 31.3333835602,
        "y": 49.9999504089
      },
      "c_36": {
        "x": 24.0000495911,
        "y": 55.0000495911
      },
      "c_37": {
        "x": 26.0000495911,
        "y": 65.4999465942
      },
      "c_38": {
        "x": 35.0000495911,
        "y": 71.0
      },
      "c_39": {
        "x": 29.0000495911,
        "y": 70.5000534058
      },
      "c_4": {
        "x": 99.0000534058,
        "y": 41.4999504089
      },
      "c_40": {
        "x": 24.0000495911,
        "y": 73.0
      },
      "c_41": {
        "x": 39.0000495911,
        "y": 42.9999504089
      },
      "c_42": {
        "x": 51.3333816528,
        "y": 52.0
      },
      "c_43": {
        "x": 46.3333816528,
        "y": 51.0
      },
      "c_44": {
        "x": 41.3333816528,
        "y": 53.0
      },
      "c_45": {
        "x": 17.0000495911,
        "y": 46.0000495911
      },
      "c_46": {
        "x": 30.0000495911,
        "y": 55.0000495911
      },
      "c_47": {
        "x": 25.0000495911,
        "y": 60.0001487732
      },
      "c_48": {
        "x": 20.0000495911,
        "y": 63.0
      },
      "c_49": {
        "x": 43.6667175293,
        "y": 74.0
      },
      "c_5": {
        "x": 104.000053406,
        "y": 21.0000495911
      },
      "c_50": {
        "x": 89.0000534058,
        "y": 71.0
      },
      "c_51": {
        "x": 48.6667175293,
        "y": 72.0
      },
      "c_52": {
        "x": 37.5000495911,
        "y": 91.0
      },
      "c_53": {
        "x": 38.6667175293,
        "y": 77.0
      },
      "c_54": {
        "x": 67.0000534058,
        "y": 36.0
      },
      "c_6": {
        "x": 91.0000534058,
        "y": 27.6666660309
      },
      "c_7": {
        "x": 110.000053406,
        "y": 22.1665172577
      },
      "c_8": {
        "x": 101.333381653,
        "y": 46.5000495911
      },
      "c_9": {
        "x": 113.000053406,
        "y": 32.1667175293
      },
      "var_1": {
        "x": 100.000053406,
        "y": 26.9999504089
      },
      "var_10": {
        "x": 80.0000534058,
        "y": 85.0
      },
      "var_11": {
        "x": 61.1111602783,
        "y": 115.0
      },
      "var_12": {
        "x": 66.1111602783,
        "y": 113.0
      },
      "var_13": {
        "x": 61.1111602783,
        "y": 104.0
      },
      "var_14": {
        "x": 73.0000534058,
        "y": 99.3333358765
      },
      "var_15": {
        "x": 71.0000534058,
        "y": 104.333435059
      },
      "var_16": {
        "x": 49.5000495911,
        "y": 97.0
      },
      "var_17": {
        "x": 25.5000495911,
        "y": 44.9998512268
      },
      "var_18": {
        "x": 30.0000495911,
        "y": 80.0
      },
      "var_19": {
        "x": 52.0000495911,
        "y": 43.0
      },
      "var_2": {
        "x": 102.000053406,
        "y": 32.0000495911
      },
      "var_20": {
        "x": 19.0000495911,
        "y": 53.0
      },
      "var_21": {
        "x": 26.3333835602,
        "y": 49.9999504089
      },
      "var_22": {
        "x": 42.0000495911,
        "y": 60.0
      },
      "var_23": {
        "x": 37.0000495911,
        "y": 62.0
      },
      "var_24": {
        "x": 32.0000495911,
        "y": 65.0
      },
      "var_3": {
        "x": 106.333381653,
        "y": 42.0000495911
      },
      "var_4": {
        "x": 107.000053406,
        "y": 36.9999504089
      },
      "var_5": {
        "x": 115.333381653,
        "y": 19.0
      },
      "var_6": {
        "x": 81.0000534058,
        "y": 33.0
      },
      "var_7": {
        "x": 119.000053406,
        "y": 28.0
      },
      "var_8": {
        "x": 97.0000534058,
        "y": 56.0
      },
      "var_9": {
        "x": 51.0000495911,
        "y": 85.0
      }
    }
  }
}
