{
  "id": "18b456ca4144c8f7f7e2eb868ba0875a",
  "layout": {
    "bounds": [
      17.0000495911,
      17.0,
      151.000045776,
      144.0
    ],
    "vars": {
      "c_1": {
        "x": 64.0000534058,
        "y": 51.0
      },
      "c_10": {
        "x": 99.0000534058,
        "y": 107.0
      },
      "c_11": {
        "x": 58.0000495911,
        "y": 97.0
      },
      "c_12": {
        "x": 35.0000495911,
        "y": 99.0
      },
      "c_13": {
        "x": 21.0000495911,
        "y": 87.0
      },
      "c_14": {
        "x": 114.000053406,
        "y": 75.0
      },
      "c_15": {
        "x": 127.000053406,
        "y": 97.0
      },
      "c_16": {
        "x": 44.0000495911,
        "y": 27.0
      },
      "c_17": {
        "x": 25.0000495911,
        "y": 18.0
      },
      "c_18": {
        "x": 91.6667175293,
        "y": 59.0
      },
      "c_19": {
        "x": 96.6667175293,
        "y": 63.0
      },
      "c_2": {
        "x": 79.0000534058,
        "y": 61.0
      },
      "c_20": {
        "x": 107.000053406,
        "y": 43.0
      },
      "c_21": {
        "x": 140.000045776,
        "y": 112.0
      },
      "c_22": {
        "x": 137.000045776,
        "y": 120.0
      },
      "c_23": {
        "x": 151.000045776,
        "y": 129.0
      },
      "c_24": {
        "x": 112.000053406,
        "y": 128.0
      },
      "c_25": {
        "x": 100.000053406,
        "y": 129.0
      },
      "c_26": {
        "x": 103.000053406,
        "y": 144.0
      },
      "c_27": {
        "x": 118.000053406,
        "y": 117.0
      },
      "c_28": {
        "x": 27.0000495911,
        "y": 66.0
      },
      "c_3": {
        "x": 86.6667175293,
        "y": 59.0
      },
      "c_4": {
        "x": 66.0000534058,
        "y": 42.0
      },
      "c_5": {
        "x": 72.0000534058,
        "y": 63.0
      },
      "c_6": {
        "x": 47.0000495911,
        "y": 57.0
      },
      "c_7": {
        "x": 90.0000534058,
        "y": 83.0
      },
      "c_8": {
        "x": 75.0000534058,
        "y": 80.0
      },
      "c_9": {
        "x": 82.0000534058,
        "y": 86.0
      },
      "var_1": {
        "x": 76.0000534058,
        "y": 52.0
      },
      "var_10": {
        "x": 47.0000495911,
        "y": 99.0
      },
      "var_11": {
        "x": 27.0000495911,
        "y": 97.0
      },
      "var_12": {
        "x": 21.0000495911,
        "y": 75.0
      },
      "var_13": {
        "x": 122.000053406,
        "y": 86.0
      },
      "var_14": {
        "x": 130.000045776,
        "y": 110.0
      },
      "var_15": {
        "x": 35.0000495911,
        "y": 22.0
      },
      "var_16": {
        "x": 17.0000495911,
        "y": 17.0
      },
      "var_17": {
        "x": 104.000053406,
        "y": 54.0
      },
      "var_18": {
        "x": 97.0000534058,
        "y": 47.0
      },
      "var_19": {
        "x": 143.000045776,
        "y": 129.0
      },
      "var_2": {
        "x": 59.0000495911,
        "y": 59.0
      },
      "var_20": {
        "x": 148.000045776,
        "y": 119.0
      },
      "var_21": {
        "x": 94.0000534058,
        "y": 138.0
      },
      "var_22": {
        "x": 112.000053406,
        "y": 138.0
      },
      "var_3": {
        "x": 84.0000534058,
        "y": 71.0
      },
      "var_4": {
        "x": 102.000053406,
        "y": 66.0
      },
      "var_5": {
        "x": 55.0000495911,
        "y": 34.0
      },
      "var_6": {
        "x": 35.0000495911,
        "y": 59.0
      },
      "var_7": {
        "x": 91.0000534058,
        "y": 95.0
      },
      "var_8": {
        "x": 70.0000534058,
        "y": 91.0
      },
      "var_9": {
        "x": 106.000053406,
        "y": 118.0
      }
    }
  }
}
