{
  "id": "2666ab695dc5acc45e2b1fabdc1daa48",
  "layout": {
    "bounds": [
      17.0000495911,
      17.0,
      158.000045776,
      156.0
    ],
    "vars": {
      "c_1": {
        "x": 54.0000495911,
        "y": 24.0
      },
      "c_10": {
        "x": 44.0000495911,
        "y": 38.0
      },
      "c_100": {
        "x": 158.000045776,
        "y": 88.0
      },
      "c_101": {
        "x": 142.000045776,
        "y": 117.500053406
      },
      "c_102": {
        "x": 158.000045776,
        "y": 96.0
      },
      "c_103": {
        "x": 140.000045776,
        "y": 101.0
      },
      "c_104": {
        "x": 157.000045776,
        "y": 79.0
      },
      "c_105": {
        "x": 140.000045776,
        "y": 107.0
      },
      "c_106": {
        "x": 84.0000534058,
        "y": 139.999938965
      },
      "c_107": {
        "x": 88.0000534058,
        "y": 145.000030518
      },
      "c_108": {
        "x": 98.0000534058,
        "y": 140.0
      },
      "c_109": {
        "x": 105.000053406,
        "y": 134.0
      },
      "c_11": {
        "x": 67.0000534058,
        "y": 26.0
      },
      "c_110": {
        "x": 80.0000534058,
        "y": 145.000030518
      },
      "c_111": {
        "x": 92.0000534058,
        "y": 137.0
      },
      "c_112": {
        "x": 104.000053406,
        "y": 156.0
      },
      "c_113": {
        "x": 115.000053406,
        "y": 147.999938965
      },
      "c_114": {
        "x": 119.000053406,
        "y": 136.0
      },
      "c_115": {
        "x": 89.0000534058,
        "y": 151.0
      },
      "c_116": {
        "x": 110.000053406,
        "y": 147.0
      },
      "c_117": {
        "x": 119.000053406,
        "y": 153.000030518
      },
      "c_118": {
        "x": 126.000053406,
        "y": 138.0
      },
      "c_119": {
        "x": 94.0000534058,
        "y": 155.0
      },
      "c_12": {
        "x": 93.0000534058,
        "y": 44.0
      },
      "c_120": {
        "x": 113.000053406,
        "y": 153.000030518
      },
      "c_121": {
        "x": 136.000045776,
        "y": 133.0
      },
      "c_122": {
        "x": 105.000053406,
        "y": 150.0
      },
      "c_123": {
        "x": 125.000053406,
        "y": 145.0
      },
      "c_124": {
        "x": 110.000053406,
        "y": 138.0
      },
      "c_125": {
        "x": 130.000045776,
        "y": 130.0
      },
      "c_126": {
        "x": 100.000053406,
        "y": 148.0
      },
      "c_127": {
        "x": 81.0000534058,
        "y": 78.0
      },
      "c_128": {
        "x": 85.0000534058,
        "y": 87.0
      },
      "c_129": {
        "x": 88.0000534058,
        "y": 96.0
      },
      "c_13": {
        "x": 84.0000534058,
        "y": 36.0
      },
      "c_130": {
        "x": 96.0000534058,
        "y": 94.0
      },
      "c_131": {
        "x": 95.0000534058,
        "y": 78.9999465942
      },
      "c_132": {
        "x": 77.0000534058,
        "y": 90.0
      },
      "c_133": {
        "x": 91.0000534058,
        "y": 84.0000534058
      },
      "c_14": {
        "x": 53.0000495911,
        "y": 58.0
      },
      "c_15": {
        "x": 90.0000534058,
        "y": 38.0
      },
      "c_16": {
        "x": 86.5000534058,
        "y": 24.0
      },
      "c_17": {
        "x": 69.0000534058,
        "y": 33.3332328796
      },
      "c_18": {
        "x": 91.5000534058,
        "y": 27.0
      },
      "c_19": {
        "x": 54.0000495911,
        "y": 31.0
      },
      "c_2": {
        "x": 54.0000495911,
        "y": 47.0
      },
      "c_20": {
        "x": 79.0000534058,
        "y": 19.0
      },
      "c_21": {
        "x": 61.0000495911,
        "y": 30.0
      },
      "c_22": {
        "x": 116.000053406,
        "y": 24.0
      },
      "c_23": {
        "x": 115.500053406,
        "y": 32.0
      },
      "c_24": {
        "x": 133.000045776,
        "y": 49.0
      },
      "c_25": {
        "x": 123.000053406,
        "y": 24.0
      },
      "c_26": {
        "x": 103.000053406,
        "y": 25.0
      },
      "c_27": {
        "x": 132.000045776,
        "y": 34.0
      },
      "c_28": {
        "x": 120.500053406,
        "y": 34.0
      },
      "c_29": {
        "x": 139.000045776,
        "y": 54.0
      },
      "c_3": {
        "x": 80.0000534058,
        "y": 27.0
      },
      "c_30": {
        "x": 128.000045776,
        "y": 27.0
      },
      "c_31": {
        "x": 104.000053406,
        "y": 32.0
      },
      "c_32": {
        "x": 137.000045776,
        "y": 42.0
      },
      "c_33": {
        "x": 138.000045776,
        "y": 60.0
      },
      "c_34": {
        "x": 126.000053406,
        "y": 35.0
      },
      "c_35": {
        "x": 107.000053406,
        "y": 38.0
      },
      "c_36": {
        "x": 131.000045776,
        "y": 42.0
      },
      "c_37": {
        "x": 146.000045776,
        "y": 52.0
      },
      "c_38": {
        "x": 121.000053406,
        "y": 47.4999504089
      },
      "c_39": {
        "x": 148.000045776,
        "y": 58.0
      },
      "c_4": {
        "x": 64.0000534058,
        "y": 17.0
      },
      "c_40": {
        "x": 110.000053406,
        "y": 28.0
      },
      "c_41": {
        "x": 144.000045776,
        "y": 43.0
      },
      "c_42": {
        "x": 114.000053406,
        "y": 40.0
      },
      "c_43": {
        "x": 20.0000495911,
        "y": 72.0
      },
      "c_44": {
        "x": 24.0000495911,
        "y": 81.0
      },
      "c_45": {
        "x": 30.0000495911,
        "y": 87.0
      },
      "c_46": {
        "x": 32.0000495911,
        "y": 49.0
      },
      "c_47": {
        "x": 17.0000495911,
        "y": 64.0
      },
      "c_48": {
        "x": 25.0000495911,
        "y": 56.0
      },
      "c_49": {
        "x": 21.0000495911,
        "y": 94.0000534058
      },
      "c_5": {
        "x": 45.0000495911,
        "y": 31.0
      },
      "c_50": {
        "x": 31.5000495911,
        "y": 96.0
      },
      "c_51": {
        "x": 33.0000495911,
        "y": 63.0000495911
      },
      "c_52": {
        "x": 17.0000495911,
        "y": 80.0
      },
      "c_53": {
        "x": 26.0000495911,
        "y": 68.0
      },
      "c_54": {
        "x": 29.0000495911,
        "y": 102.0
      },
      "c_55": {
        "x": 35.0000495911,
        "y": 71.0
      },
      "c_56": {
        "x": 18.0000495911,
        "y": 88.9999465942
      },
      "c_57": {
        "x": 30.0000495911,
        "y": 77.0
      },
      "c_58": {
        "x": 41.0000495911,
        "y": 75.4999465942
      },
      "c_59": {
        "x": 26.5000495911,
        "y": 95.0
      },
      "c_6": {
        "x": 71.0000534058,
        "y": 19.0
      },
      "c_60": {
        "x": 35.0000495911,
        "y": 87.0
      },
      "c_61": {
        "x": 31.0000495911,
        "y": 57.9999504089
      },
      "c_62": {
        "x": 37.0000495911,
        "y": 53.0
      },
      "c_63": {
        "x": 25.0000495911,
        "y": 62.0
      },
      "c_64": {
        "x": 30.0000495911,
        "y": 122.000099182
      },
      "c_65": {
        "x": 37.0000495911,
        "y": 126.0
      },
      "c_66": {
        "x": 47.0000495911,
        "y": 127.0
      },
      "c_67": {
        "x": 56.0000495911,
        "y": 126.0
      },
      "c_68": {
        "x": 25.0000495911,
        "y": 116.0
      },
      "c_69": {
        "x": 33.0000495911,
        "y": 111.999900818
      },
      "c_7": {
        "x": 72.0000534058,
        "y": 38.3333320618
      },
      "c_70": {
        "x": 46.0000495911,
        "y": 146.0
      },
      "c_71": {
        "x": 56.0000495911,
        "y": 145.999954224
      },
      "c_72": {
        "x": 65.0000534058,
        "y": 138.999954224
      },
      "c_73": {
        "x": 34.0000495911,
        "y": 134.0
      },
      "c_74": {
        "x": 36.0000495911,
        "y": 120.0
      },
      "c_75": {
        "x": 60.0000495911,