{
  "id": "3112137ef31c51f85ca3a08c32cbdab3",
  "layout": {
    "bounds": [
      51.0000495911,
      51.0,
      104.000053406,
      104.0
    ],
    "vars": {
      "c_1": {
        "x": 58.5000495911,
        "y": 94.0
      },
      "c_10": {
        "x": 56.0000495911,
        "y": 90.9999465942
      },
      "c_100": {
        "x": 103.000053406,
        "y": 64.0
      },
      "c_101": {
        "x": 98.0000534058,
        "y": 61.9999504089
      },
      "c_102": {
        "x": 100.000053406,
        "y": 61.9999504089
      },
      "c_103": {
        "x": 99.0000534058,
        "y": 64.0000534058
      },
      "c_104": {
        "x": 101.000053406,
        "y": 64.0000534058
      },
      "c_105": {
        "x": 96.0000534058,
        "y": 62.0
      },
      "c_106": {
        "x": 64.0000534058,
        "y": 62.0
      },
      "c_107": {
        "x": 56.0000495911,
        "y": 66.0001983643
      },
      "c_108": {
        "x": 58.0000495911,
        "y": 61.9999504089
      },
      "c_109": {
        "x": 60.0000495911,
        "y": 61.0
      },
      "c_11": {
        "x": 57.0000495911,
        "y": 88.0
      },
      "c_110": {
        "x": 55.5000495911,
        "y": 64.0000991821
      },
      "c_111": {
        "x": 57.5000495911,
        "y": 64.0000534058
      },
      "c_112": {
        "x": 64.0000534058,
        "y": 59.0000495911
      },
      "c_113": {
        "x": 69.1000518799,
        "y": 56.0
      },
      "c_114": {
        "x": 71.1000518799,
        "y": 56.0
      },
      "c_115": {
        "x": 65.1000518799,
        "y": 56.9999504089
      },
      "c_116": {
        "x": 67.1000518799,
        "y": 56.0
      },
      "c_117": {
        "x": 58.0000495911,
        "y": 58.0000495911
      },
      "c_118": {
        "x": 60.0000495911,
        "y": 58.0000495911
      },
      "c_119": {
        "x": 55.0000495911,
        "y": 62.0
      },
      "c_12": {
        "x": 54.0000495911,
        "y": 80.0
      },
      "c_120": {
        "x": 56.0000495911,
        "y": 59.9999008179
      },
      "c_121": {
        "x": 65.1000518799,
        "y": 54.0
      },
      "c_122": {
        "x": 57.1000518799,
        "y": 55.9999504089
      },
      "c_123": {
        "x": 59.1000518799,
        "y": 55.0
      },
      "c_124": {
        "x": 61.1000518799,
        "y": 55.9999504089
      },
      "c_125": {
        "x": 63.1000518799,
        "y": 55.0
      },
      "c_126": {
        "x": 55.1000518799,
        "y": 57.9998016357
      },
      "c_127": {
        "x": 79.0000534058,
        "y": 79.0
      },
      "c_128": {
        "x": 81.0000534058,
        "y": 79.0
      },
      "c_129": {
        "x": 75.0000534058,
        "y": 80.0
      },
      "c_13": {
        "x": 55.0000495911,
        "y": 77.0000991821
      },
      "c_130": {
        "x": 78.5000534058,
        "y": 74.0
      },
      "c_131": {
        "x": 80.5000534058,
        "y": 75.0
      },
      "c_132": {
        "x": 73.0000534058,
        "y": 76.0
      },
      "c_133": {
        "x": 76.0000534058,
        "y": 76.0
      },
      "c_14": {
        "x": 52.0000495911,
        "y": 88.0
      },
      "c_15": {
        "x": 52.0000495911,
        "y": 84.0
      },
      "c_16": {
        "x": 56.3333816528,
        "y": 70.0
      },
      "c_17": {
        "x": 52.0000495911,
        "y": 77.0
      },
      "c_18": {
        "x": 52.3333816528,
        "y": 72.9999008179
      },
      "c_19": {
        "x": 54.0000495911,
        "y": 75.0
      },
      "c_2": {
        "x": 54.0000495911,
        "y": 92.0000534058
      },
      "c_20": {
        "x": 54.3333816528,
        "y": 72.0
      },
      "c_21": {
        "x": 51.0000495911,
        "y": 81.0
      },
      "c_22": {
        "x": 95.0000534058,
        "y": 58.3334350586
      },
      "c_23": {
        "x": 82.0000534058,
        "y": 56.0
      },
      "c_24": {
        "x": 91.8571929932,
        "y": 54.0
      },
      "c_25": {
        "x": 93.8571929932,
        "y": 54.3332328796
      },
      "c_26": {
        "x": 85.0000534058,
        "y": 53.9999008179
      },
      "c_27": {
        "x": 89.8571929932,
        "y": 54.0
      },
      "c_28": {
        "x": 86.0000534058,
        "y": 58.0000991821
      },
      "c_29": {
        "x": 93.8571929932,
        "y": 56.3333320618
      },
      "c_3": {
        "x": 55.0000495911,
        "y": 83.0
      },
      "c_30": {
        "x": 95.8571929932,
        "y": 56.0
      },
      "c_31": {
        "x": 86.0000534058,
        "y": 56.0
      },
      "c_32": {
        "x": 91.0000534058,
        "y": 56.0000991821
      },
      "c_33": {
        "x": 78.0000534058,
        "y": 54.0
      },
      "c_34": {
        "x": 80.0000534058,
        "y": 54.0
      },
      "c_35": {
        "x": 73.0000534058,
        "y": 54.0
      },
      "c_36": {
        "x": 75.0000534058,
        "y": 54.0
      },
      "c_37": {
        "x": 92.0000534058,
        "y": 51.9999008179
      },
      "c_38": {
        "x": 81.0000534058,
        "y": 51.0
      },
      "c_39": {
        "x": 85.8571929932,
        "y": 51.0
      },
      "c_4": {
        "x": 56.0000495911,
        "y": 80.0
      },
      "c_40": {
        "x": 83.0000534058,
        "y": 52.0
      },
      "c_41": {
        "x": 87.8571929932,
        "y": 52.0
      },
      "c_42": {
        "x": 77.0000534058,
        "y": 51.0
      },
      "c_43": {
        "x": 75.0000534058,
        "y": 104.0
      },
      "c_44": {
        "x": 65.7500534058,
        "y": 103.0
      },
      "c_45": {
        "x": 78.8333816528,
        "y": 100.0
      },
      "c_46": {
        "x": 72.8333816528,
        "y": 101.0
      },
      "c_47": {
        "x": 63.6667175293,
        "y": 99.0
      },
      "c_48": {
        "x": 63.7500495911,
        "y": 101.000099182
      },
      "c_49": {
        "x": 71.0000534058,
        "y": 103.0
      },
      "c_5": {
        "x": 54.0000495911,
        "y": 89.9999465942
      },
      "c_50": {
        "x": 82.8333816528,
        "y": 100.0
      },
      "c_51": {
        "x": 76.8333816528,
        "y": 101.0
      },
      "c_52": {
        "x": 67.6667175293,
        "y": 98.9999465942
      },
      "c_53": {
        "x": 67.7500534058,
        "y": 101.000053406
      },
      "c_54": {
        "x": 74.8333816528,
        "y": 100.0
      },
      "c_55": {
        "x": 69.7500534058,
        "y": 101.0
      },
      "c_56": {
        "x": 59.6667175293,
        "y": 99.0000534058
      },
      "c_57": {
        "x": 61.6667175293,
        "y": 100.0
      },
      "c_58": {
        "x": 80.8333816528,
        "y": 99.0
      },
      "c_59": {
        "x": 71.0000534058,
        "y": 98.0
      },
      "c_6": {
        "x": 54.0000495911,
        "y": 86.0
      },
      "c_60": {
        "x": 73.0000534058,
        "y": 98.0
      },
      "c_61": {
        "x": 63.6667175293,
        "y": 96.9999008179
      },
      "c_62": {
        "x": 65.6667175293,
        "y": 98.0
      },
      "c_63": {
        "x": 60.0000495911,
        "y": 96.9999465942
      },
      "c_64": {
        "x": 98.0000534058,
        "y": 98.00025177
      },
      "c_65": {
        "x": 96.0000534058,
        "y": 99.6669158936
      },
      "c_66": {
        "x": 100.000053406,
        "y": 89.9998474121
      },
      "c_67": {
        "x": 100.000053406,
        "y": 94.0000534058
      },
      "c_68": {
        "x": 90.0000534058,
        "y": 98.0000305176
      },