{
  "id": "320bd79495bcc088bdf1089a3369388c",
  "layout": {
    "bounds": [
      17.0000495911,
      16.9999504089,
      284.000061035,
      270.0
    ],
    "vars": {
      "c_1": {
        "x": 157.000045776,
        "y": 156.0
      },
      "c_10": {
        "x": 129.000045776,
        "y": 169.0
      },
      "c_100": {
        "x": 86.0000534058,
        "y": 185.0
      },
      "c_11": {
        "x": 137.000045776,
        "y": 205.000045776
      },
      "c_12": {
        "x": 127.000053406,
        "y": 208.0
      },
      "c_13": {
        "x": 132.000045776,
        "y": 208.0
      },
      "c_14": {
        "x": 142.000045776,
        "y": 229.0
      },
      "c_15": {
        "x": 136.000045776,
        "y": 241.0
      },
      "c_16": {
        "x": 146.000045776,
        "y": 262.0
      },
      "c_17": {
        "x": 106.000053406,
        "y": 134.0
      },
      "c_18": {
        "x": 83.0000534058,
        "y": 115.000198364
      },
      "c_19": {
        "x": 84.5000534058,
        "y": 105.0
      },
      "c_2": {
        "x": 180.000045776,
        "y": 156.0
      },
      "c_20": {
        "x": 83.0000534058,
        "y": 110.000099182
      },
      "c_21": {
        "x": 69.0000534058,
        "y": 100.0
      },
      "c_22": {
        "x": 70.0000534058,
        "y": 84.0
      },
      "c_23": {
        "x": 54.0000495911,
        "y": 62.0
      },
      "c_24": {
        "x": 39.0000495911,
        "y": 42.0
      },
      "c_25": {
        "x": 38.0000495911,
        "y": 24.0
      },
      "c_26": {
        "x": 194.000045776,
        "y": 172.0
      },
      "c_27": {
        "x": 218.000045776,
        "y": 182.0
      },
      "c_28": {
        "x": 239.000045776,
        "y": 186.0
      },
      "c_29": {
        "x": 256.000061035,
        "y": 191.0
      },
      "c_3": {
        "x": 163.000045776,
        "y": 142.0
      },
      "c_30": {
        "x": 138.000045776,
        "y": 134.0
      },
      "c_31": {
        "x": 111.000053406,
        "y": 145.0
      },
      "c_32": {
        "x": 96.0000534058,
        "y": 165.0
      },
      "c_33": {
        "x": 175.000045776,
        "y": 197.0
      },
      "c_34": {
        "x": 168.000045776,
        "y": 190.999954224
      },
      "c_35": {
        "x": 169.000045776,
        "y": 196.000045776
      },
      "c_36": {
        "x": 140.500045776,
        "y": 182.0
      },
      "c_37": {
        "x": 111.000053406,
        "y": 179.0
      },
      "c_38": {
        "x": 213.000045776,
        "y": 128.0
      },
      "c_39": {
        "x": 207.500045776,
        "y": 120.0
      },
      "c_4": {
        "x": 174.000045776,
        "y": 170.0
      },
      "c_40": {
        "x": 218.000045776,
        "y": 126.500053406
      },
      "c_41": {
        "x": 212.500045776,
        "y": 122.0
      },
      "c_42": {
        "x": 230.000045776,
        "y": 121.500053406
      },
      "c_43": {
        "x": 225.000045776,
        "y": 101.0
      },
      "c_44": {
        "x": 239.000045776,
        "y": 82.0
      },
      "c_45": {
        "x": 252.000045776,
        "y": 64.0
      },
      "c_46": {
        "x": 262.000061035,
        "y": 49.0000495911
      },
      "c_47": {
        "x": 241.000045776,
        "y": 111.0
      },
      "c_48": {
        "x": 260.000061035,
        "y": 103.0
      },
      "c_49": {
        "x": 277.000061035,
        "y": 95.0
      },
      "c_5": {
        "x": 189.500045776,
        "y": 145.0
      },
      "c_50": {
        "x": 128.000045776,
        "y": 195.000045776
      },
      "c_51": {
        "x": 152.000045776,
        "y": 198.0
      },
      "c_52": {
        "x": 134.000045776,
        "y": 199.999954224
      },
      "c_53": {
        "x": 104.000053406,
        "y": 217.000045776
      },
      "c_54": {
        "x": 100.000053406,
        "y": 206.0
      },
      "c_55": {
        "x": 100.000053406,
        "y": 212.0
      },
      "c_56": {
        "x": 95.0000534058,
        "y": 219.999954224
      },
      "c_57": {
        "x": 74.0000534058,
        "y": 211.0
      },
      "c_58": {
        "x": 67.0000534058,
        "y": 196.0
      },
      "c_59": {
        "x": 155.000045776,
        "y": 222.0
      },
      "c_6": {
        "x": 157.000045776,
        "y": 172.0
      },
      "c_60": {
        "x": 161.000045776,
        "y": 217.999893188
      },
      "c_61": {
        "x": 160.000045776,
        "y": 223.0
      },
      "c_62": {
        "x": 149.000045776,
        "y": 225.0
      },
      "c_63": {
        "x": 172.000045776,
        "y": 236.0
      },
      "c_64": {
        "x": 105.000053406,
        "y": 226.0
      },
      "c_65": {
        "x": 99.0000534058,
        "y": 225.000045776
      },
      "c_66": {
        "x": 94.0000534058,
        "y": 240.0
      },
      "c_67": {
        "x": 131.000045776,
        "y": 238.0
      },
      "c_68": {
        "x": 125.000053406,
        "y": 238.0
      },
      "c_69": {
        "x": 129.000045776,
        "y": 253.0
      },
      "c_7": {
        "x": 162.000045776,
        "y": 164.0
      },
      "c_70": {
        "x": 86.3333816528,
        "y": 233.0
      },
      "c_71": {
        "x": 81.3333816528,
        "y": 232.0
      },
      "c_72": {
        "x": 72.0000534058,
        "y": 244.000152588
      },
      "c_73": {
        "x": 178.500045776,
        "y": 218.0
      },
      "c_74": {
        "x": 183.500045776,
        "y": 216.0
      },
      "c_75": {
        "x": 194.000045776,
        "y": 225.0
      },
      "c_76": {
        "x": 82.0000534058,
        "y": 173.000045776
      },
      "c_77": {
        "x": 83.0000534058,
        "y": 167.999954224
      },
      "c_78": {
        "x": 69.0000534058,
        "y": 163.0
      },
      "c_79": {
        "x": 161.000045776,
        "y": 123.0
      },
      "c_8": {
        "x": 137.000045776,
        "y": 176.0
      },
      "c_80": {
        "x": 145.000045776,
        "y": 122.0
      },
      "c_81": {
        "x": 162.000045776,
        "y": 109.0
      },
      "c_82": {
        "x": 23.7500495911,
        "y": 27.0
      },
      "c_83": {
        "x": 28.7500495911,
        "y": 25.0
      },
      "c_84": {
        "x": 17.0000495911,
        "y": 16.9999504089
      },
      "c_85": {
        "x": 53.0000495911,
        "y": 213.0
      },
      "c_86": {
        "x": 52.0000495911,
        "y": 201.0
      },
      "c_87": {
        "x": 37.0000495911,
        "y": 214.0
      },
      "c_88": {
        "x": 98.0000534058,
        "y": 108.0
      },
      "c_89": {
        "x": 89.5000534058,
        "y": 109.0
      },
      "c_9": {
        "x": 133.000045776,
        "y": 155.0
      },
      "c_90": {
        "x": 88.0000534058,
        "y": 94.9998016357
      },
      "c_91": {
        "x": 78.0000534058,
        "y": 225.499954224
      },
      "c_92": {
        "x": 76.3333816528,
        "y": 230.500045776
      },
      "c_93": {
        "x": 65.0000534058,
        "y": 235.0
      },
      "c_94": {
        "x": 180.500045776,
        "y": 149.0
      },
      "c_95": {
        "x": 175.500045776,
        "y": 145.0
      },
      "c_96": {
        "x": 188.000045776,
        "y": 136.0
      },
      "c_97": {
        "x": 156.000045776,
        "y": 215.0
      },
      "c_98": {
        "x": 97.0000534058,
        "y": 196.0
      },
      "c_99": {
        "x": 122.000053406,
        "y": 218.0
      },
      "var_1": {
        "x": 171.000045776,
        "y": 156.0
      },
      "var_10": {
        "x": 135.000045776,
        "y": 218.0
      },
      "var_11": {
        "x": 130.000045776,
        "y": 225.0
      },
      "var_12": {
        "x": 150.000045776,
        "y": 236.0
      },
      "var_13": {
        "x": 145.000045776,
        "y": 252.0
      },
      "var_14": {
        "x": 147.000045776,
        "y": 270.0
      },