{
  "id": "33ab1a6090833d5c7bc112bd5ebd435e",
  "layout": {
    "bounds": [
      255.00024795550001,
      255.0,
      455.00026702900004,
      450.0
    ],
    "vars": {
      "c_1": {
        "x": 350.00026702900004,
        "y": 415.00049591050004
      },
      "c_10": {
        "x": 376.00025177,
        "y": 435.0
      },
      "c_11": {
        "x": 415.00026702900004,
        "y": 365.00026702900004
      },
      "c_12": {
        "x": 275.0002479555,
        "y": 345.0
      },
      "c_13": {
        "x": 390.00026702900004,
        "y": 325.0
      },
      "c_14": {
        "x": 340.00026702900004,
        "y": 410.00030517600004
      },
      "c_15": {
        "x": 350.00026702900004,
        "y": 360.0
      },
      "c_16": {
        "x": 390.8335876465,
        "y": 350.0
      },
      "c_17": {
        "x": 345.00026702900004,
        "y": 399.999809265
      },
      "c_18": {
        "x": 352.50026702900004,
        "y": 334.99973297099996
      },
      "c_19": {
        "x": 405.00026702900004,
        "y": 255.0
      },
      "c_2": {
        "x": 335.00026702900004,
        "y": 420.0008010865
      },
      "c_20": {
        "x": 385.00026702900004,
        "y": 395.0
      },
      "c_21": {
        "x": 405.00026702900004,
        "y": 402.50026702900004
      },
      "c_22": {
        "x": 285.0002479555,
        "y": 285.0
      },
      "c_23": {
        "x": 355.00026702900004,
        "y": 284.99950408949996
      },
      "c_24": {
        "x": 292.5002479555,
        "y": 400.00049591050004
      },
      "c_25": {
        "x": 340.00026702900004,
        "y": 270.0
      },
      "c_26": {
        "x": 405.00026702900004,
        "y": 365.0
      },
      "c_27": {
        "x": 430.00026702900004,
        "y": 335.0
      },
      "c_28": {
        "x": 355.00026702900004,
        "y": 305.00049591050004
      },
      "c_29": {
        "x": 455.00026702900004,
        "y": 385.0
      },
      "c_3": {
        "x": 305.0002479555,
        "y": 420.0
      },
      "c_30": {
        "x": 275.0002479555,
        "y": 294.9997520445
      },
      "c_31": {
        "x": 366.00025177,
        "y": 440.0
      },
      "c_32": {
        "x": 370.8335876465,
        "y": 355.0
      },
      "c_33": {
        "x": 420.00026702900004,
        "y": 260.0
      },
      "c_34": {
        "x": 447.50026702900004,
        "y": 330.0
      },
      "c_35": {
        "x": 380.00026702900004,
        "y": 324.99973297099996
      },
      "c_36": {
        "x": 455.00026702900004,
        "y": 290.0
      },
      "c_37": {
        "x": 345.00026702900004,
        "y": 305.0
      },
      "c_38": {
        "x": 375.00026702900004,
        "y": 255.0
      },
      "c_39": {
        "x": 335.00026702900004,
        "y": 353.3338165285
      },
      "c_4": {
        "x": 440.00026702900004,
        "y": 280.0
      },
      "c_40": {
        "x": 355.00026702900004,
        "y": 405.0
      },
      "c_41": {
        "x": 425.00026702900004,
        "y": 285.0
      },
      "c_42": {
        "x": 265.0002479555,
        "y": 385.00026702900004
      },
      "c_43": {
        "x": 370.00026702900004,
        "y": 295.0
      },
      "c_44": {
        "x": 415.00026702900004,
        "y": 354.99973297099996
      },
      "c_45": {
        "x": 386.00025177,
        "y": 440.0
      },
      "c_46": {
        "x": 437.50026702900004,
        "y": 325.0
      },
      "c_47": {
        "x": 330.00026702900004,
        "y": 305.0002479555
      },
      "c_48": {
        "x": 350.8335876465,
        "y": 345.00026702900004
      },
      "c_49": {
        "x": 375.00026702900004,
        "y": 335.00026702900004
      },
      "c_5": {
        "x": 360.8335876465,
        "y": 355.0
      },
      "c_50": {
        "x": 435.00026702900004,
        "y": 384.99973297099996
      },
      "c_51": {
        "x": 415.00026702900004,
        "y": 429.99973297099996
      },
      "c_52": {
        "x": 396.00025177,
        "y": 450.0
      },
      "c_53": {
        "x": 455.00026702900004,
        "y": 355.0
      },
      "c_54": {
        "x": 310.0002479555,
        "y": 314.9997520445
      },
      "c_55": {
        "x": 360.00026702900004,
        "y": 260.0
      },
      "c_56": {
        "x": 370.00026702900004,
        "y": 275.0
      },
      "c_57": {
        "x": 290.0002479555,
        "y": 345.0
      },
      "c_58": {
        "x": 342.50026702900004,
        "y": 330.00026702900004
      },
      "c_59": {
        "x": 342.50026702900004,
        "y": 290.0
      },
      "c_6": {
        "x": 310.0002479555,
        "y": 285.0
      },
      "c_60": {
        "x": 310.0002479555,
        "y": 435.0
      },
      "c_61": {
        "x": 410.00026702900004,
        "y": 440.00026702900004
      },
      "c_62": {
        "x": 360.00026702900004,
        "y": 295.0
      },
      "c_63": {
        "x": 305.0002479555,
        "y": 370.00049591050004
      },
      "c_64": {
        "x": 335.00026702900004,
        "y": 343.3333206175
      },
      "c_65": {
        "x": 260.0002479555,
        "y": 315.0
      },
      "c_66": {
        "x": 275.0002479555,
        "y": 400.0
      },
      "c_67": {
        "x": 385.00026702900004,
        "y": 255.0
      },
      "c_68": {
        "x": 295.0002479555,
        "y": 379.99950408949996
      },
      "c_69": {
        "x": 325.00026702900004,
        "y": 405.0
      },
      "c_7": {
        "x": 255.00024795550001,
        "y": 340.0
      },
      "c_70": {
        "x": 380.8335876465,
        "y": 348.332824707
      },
      "c_71": {
        "x": 445.00026702900004,
        "y": 360.00026702900004
      },
      "c_72": {
        "x": 302.5002479555,
        "y": 405.0
      },
      "c_73": {
        "x": 282.5002479555,
        "y": 305.0002479555
      },
      "c_74": {
        "x": 365.00026702900004,
        "y": 335.0
      },
      "c_75": {
        "x": 380.8335876465,
        "y": 358.3333206175
      },
      "c_76": {
        "x": 290.0002479555,
        "y": 390.0
      },
      "c_77": {
        "x": 270.0002479555,
        "y": 374.99973297099996
      },
      "c_78": {
        "x": 396.00025177,
        "y": 435.0
      },
      "c_79": {
        "x": 430.00026702900004,
        "y": 395.00026702900004
      },
      "c_8": {
        "x": 377.50026702900004,
        "y": 368.3338165285
      },
      "c_80": {
        "x": 325.00026702900004,
        "y": 280.0
      },
      "c_81": {
        "x": 320.00026702900004,
        "y": 379.99973297099996
      },
      "c_82": {
        "x": 345.00026702900004,
        "y": 450.0
      },
      "c_83": {
        "x": 395.00026702900004,
        "y": 365.0
      },
      "c_84": {
        "x": 315.0002479555,
        "y": 390.00026702900004
      },
      "c_85": {
        "x": 425.00026702900004,
        "y": 370.0
      },
      "c_86": {
        "x": 255.00024795550001,
        "y": 350.00049591050004
      },
      "c_87": {
        "x": 440.00026702900004,
        "y": 349.99973297099996
      },
      "c_88": {
        "x": 272.5002479555,
        "y": 310.0
      },
      "c_89": {
        "x": 260.0002479555,
        "y": 329.99950408949996
      },
      "c_9": {
        "x": 350.00026702900004,
        "y": 319.9997520445
      },
      "c_90": {
        "x": 330.00026702900004,
        "y": 333.332824707
      },
      "c_91": {
        "x": 367.50026702900004,
        "y": 370.0
      },
      "var_1": {
        "x": 332.50026702900004,
        "y": 294.9997520445
      },