{
  "id": "385692e77101b6faf8e71c10c0b1b699",
  "layout": {
    "bounds": [
      17.0000495911,
      17.0,
      123.000053406,
      118.0
    ],
    "vars": {
      "c_1": {
        "x": 102.000053406,
        "y": 105.999946594
      },
      "c_10": {
        "x": 107.000053406,
        "y": 85.0
      },
      "c_11": {
        "x": 95.0000534058,
        "y": 77.0
      },
      "c_12": {
        "x": 107.000053406,
        "y": 91.0
      },
      "c_13": {
        "x": 94.6667175293,
        "y": 118.0
      },
      "c_14": {
        "x": 114.000053406,
        "y": 104.000053406
      },
      "c_15": {
        "x": 96.5000534058,
        "y": 100.0
      },
      "c_16": {
        "x": 115.000053406,
        "y": 111.0
      },
      "c_17": {
        "x": 46.0000495911,
        "y": 45.0000495911
      },
      "c_18": {
        "x": 40.5000495911,
        "y": 41.0
      },
      "c_19": {
        "x": 55.0000495911,
        "y": 34.0
      },
      "c_2": {
        "x": 123.000053406,
        "y": 93.2498474121
      },
      "c_20": {
        "x": 50.0000495911,
        "y": 34.0
      },
      "c_21": {
        "x": 45.5000495911,
        "y": 39.9999504089
      },
      "c_22": {
        "x": 33.0000495911,
        "y": 26.1998996735
      },
      "c_23": {
        "x": 50.0000495911,
        "y": 17.0
      },
      "c_24": {
        "x": 44.0000495911,
        "y": 17.0
      },
      "c_25": {
        "x": 34.0000495911,
        "y": 44.0
      },
      "c_26": {
        "x": 19.0000495911,
        "y": 32.0
      },
      "c_27": {
        "x": 38.0000495911,
        "y": 21.9999008179
      },
      "c_28": {
        "x": 33.0000495911,
        "y": 21.1998004913
      },
      "c_29": {
        "x": 31.0000495911,
        "y": 51.0
      },
      "c_3": {
        "x": 102.000053406,
        "y": 88.0
      },
      "c_30": {
        "x": 17.0000495911,
        "y": 38.0
      },
      "c_31": {
        "x": 35.6667175293,
        "y": 32.0000991821
      },
      "c_32": {
        "x": 25.6667175293,
        "y": 29.0
      },
      "c_33": {
        "x": 45.0000495911,
        "y": 94.8000030518
      },
      "c_34": {
        "x": 52.0000495911,
        "y": 77.0
      },
      "c_35": {
        "x": 32.0000495911,
        "y": 87.0
      },
      "c_36": {
        "x": 39.0000495911,
        "y": 96.0
      },
      "c_37": {
        "x": 60.5000495911,
        "y": 93.0
      },
      "c_38": {
        "x": 68.0000534058,
        "y": 69.0
      },
      "c_39": {
        "x": 50.0000495911,
        "y": 83.0
      },
      "c_4": {
        "x": 123.000053406,
        "y": 98.2499465942
      },
      "c_40": {
        "x": 55.5000495911,
        "y": 92.0000534058
      },
      "c_41": {
        "x": 48.0000495911,
        "y": 111.0
      },
      "c_42": {
        "x": 55.0000495911,
        "y": 86.9999465942
      },
      "c_43": {
        "x": 34.0000495911,
        "y": 96.0
      },
      "c_44": {
        "x": 43.0000495911,
        "y": 110.0
      },
      "c_45": {
        "x": 60.5000495911,
        "y": 114.0
      },
      "c_46": {
        "x": 67.0000534058,
        "y": 91.0
      },
      "c_47": {
        "x": 52.0000495911,
        "y": 99.4999465942
      },
      "c_48": {
        "x": 55.5000495911,
        "y": 111.0
      },
      "c_49": {
        "x": 53.0000495911,
        "y": 67.0
      },
      "c_5": {
        "x": 99.6667175293,
        "y": 114.0
      },
      "c_50": {
        "x": 76.5000534058,
        "y": 80.9999465942
      },
      "c_51": {
        "x": 76.0000534058,
        "y": 111.0
      },
      "c_52": {
        "x": 81.5000534058,
        "y": 78.0
      },
      "c_53": {
        "x": 76.0000534058,
        "y": 86.0000534058
      },
      "c_54": {
        "x": 61.0000495911,
        "y": 60.0
      },
      "c_6": {
        "x": 121.000053406,
        "y": 103.250053406
      },
      "c_7": {
        "x": 101.500053406,
        "y": 97.0
      },
      "c_8": {
        "x": 120.000053406,
        "y": 108.250152588
      },
      "c_9": {
        "x": 91.0000534058,
        "y": 98.0
      },
      "var_1": {
        "x": 110.500053406,
        "y": 97.0
      },
      "var_10": {
        "x": 43.6667175293,
        "y": 27.0
      },
      "var_11": {
        "x": 30.6667175293,
        "y": 31.2000007629
      },
      "var_12": {
        "x": 27.0000495911,
        "y": 41.2001991272
      },
      "var_13": {
        "x": 44.0000495911,
        "y": 54.0
      },
      "var_14": {
        "x": 28.0000495911,
        "y": 36.2000999451
      },
      "var_15": {
        "x": 48.6667175293,
        "y": 26.0
      },
      "var_16": {
        "x": 38.6667175293,
        "y": 27.0
      },
      "var_17": {
        "x": 42.0000495911,
        "y": 84.7997970581
      },
      "var_18": {
        "x": 63.0000495911,
        "y": 80.5000534058
      },
      "var_19": {
        "x": 46.0000495911,
        "y": 99.8001022339
      },
      "var_2": {
        "x": 109.000053406,
        "y": 106.0
      },
      "var_20": {
        "x": 65.0000534058,
        "y": 104.0
      },
      "var_21": {
        "x": 54.0000495911,
        "y": 104.500053406
      },
      "var_22": {
        "x": 65.0000534058,
        "y": 75.4999465942
      },
      "var_23": {
        "x": 43.0000495911,
        "y": 89.7998962402
      },
      "var_24": {
        "x": 48.0000495911,
        "y": 104.800201416
      },
      "var_3": {
        "x": 94.5000534058,
        "y": 86.0
      },
      "var_4": {
        "x": 104.666717529,
        "y": 111.000053406
      },
      "var_5": {
        "x": 90.0000534058,
        "y": 110.0
      },
      "var_6": {
        "x": 116.000053406,
        "y": 92.0
      },
      "var_7": {
        "x": 89.5000534058,
        "y": 88.0
      },
      "var_8": {
        "x": 115.500053406,
        "y": 98.9999465942
      },
      "var_9": {
        "x": 54.0000495911,
        "y": 46.0
      }
    }
  }
}
