{
  "id": "3aa598708756d260fc86c1f677e888bb",
  "layout": {
    "bounds": [
      0.48611000000000004,
      0.48611000000000004,
      47.461,
      39.922
    ],
    "vars": {
      "c_1": {
        "x": 19.4115,
        "y": 5.5425
      },
      "c_10": {
        "x": 24.578500000000002,
        "y": 33.7645
      },
      "c_11": {
        "x": 37.3805,
        "y": 22.536
      },
      "c_12": {
        "x": 43.4675,
        "y": 21.589
      },
      "c_13": {
        "x": 7.112500000000001,
        "y": 22.9405
      },
      "c_14": {
        "x": 26.002000000000002,
        "y": 19.116
      },
      "c_15": {
        "x": 30.046499999999998,
        "y": 6.559
      },
      "c_16": {
        "x": 27.8295,
        "y": 16.5225
      },
      "c_17": {
        "x": 28.798499999999997,
        "y": 11.28
      },
      "c_18": {
        "x": 29.3425,
        "y": 24.27
      },
      "c_19": {
        "x": 17.813000000000002,
        "y": 17.76
      },
      "c_2": {
        "x": 36.5625,
        "y": 16.857
      },
      "c_20": {
        "x": 30.397,
        "y": 18.939
      },
      "c_21": {
        "x": 36.303,
        "y": 27.973
      },
      "c_22": {
        "x": 20.666000000000004,
        "y": 32.7915
      },
      "c_23": {
        "x": 16.581,
        "y": 9.3605
      },
      "c_24": {
        "x": 28.7345,
        "y": 36.191
      },
      "c_25": {
        "x": 28.540999999999997,
        "y": 20.5705
      },
      "c_26": {
        "x": 23.274,
        "y": 25.731
      },
      "c_27": {
        "x": 17.515,
        "y": 13.2835
      },
      "c_28": {
        "x": 13.509500000000001,
        "y": 6.3165000000000004
      },
      "c_29": {
        "x": 9.4505,
        "y": 23.532000000000004
      },
      "c_3": {
        "x": 41.8985,
        "y": 19.6095
      },
      "c_30": {
        "x": 17.764,
        "y": 6.722
      },
      "c_31": {
        "x": 29.271500000000003,
        "y": 39.922
      },
      "c_32": {
        "x": 22.441,
        "y": 23.892000000000003
      },
      "c_33": {
        "x": 17.171499999999998,
        "y": 22.6925
      },
      "c_34": {
        "x": 11.1195,
        "y": 37.422
      },
      "c_35": {
        "x": 24.478499999999997,
        "y": 39.873
      },
      "c_36": {
        "x": 0.48611000000000004,
        "y": 24.134999999999998
      },
      "c_37": {
        "x": 24.6965,
        "y": 2.71765
      },
      "c_38": {
        "x": 4.4012,
        "y": 26.938499999999998
      },
      "c_39": {
        "x": 39.320499999999996,
        "y": 21.364
      },
      "c_4": {
        "x": 4.276,
        "y": 30.837500000000002
      },
      "c_40": {
        "x": 21.149,
        "y": 31.2085
      },
      "c_41": {
        "x": 24.324499999999997,
        "y": 15.055499999999999
      },
      "c_42": {
        "x": 36.745000000000005,
        "y": 3.0468
      },
      "c_43": {
        "x": 14.376,
        "y": 19.467000000000002
      },
      "c_44": {
        "x": 13.2045,
        "y": 29.150999999999996
      },
      "c_45": {
        "x": 21.9065,
        "y": 35.288
      },
      "c_46": {
        "x": 8.5165,
        "y": 31.057000000000002
      },
      "c_47": {
        "x": 19.0395,
        "y": 10.6285
      },
      "c_48": {
        "x": 13.004,
        "y": 15.8125
      },
      "c_49": {
        "x": 14.695,
        "y": 35.182
      },
      "c_5": {
        "x": 22.2905,
        "y": 38.958
      },
      "c_50": {
        "x": 25.687,
        "y": 31.2735
      },
      "c_51": {
        "x": 27.891499999999997,
        "y": 27.633499999999998
      },
      "c_52": {
        "x": 34.064,
        "y": 28.2855
      },
      "c_53": {
        "x": 11.3595,
        "y": 26.7575
      },
      "c_54": {
        "x": 41.3185,
        "y": 7.619
      },
      "c_55": {
        "x": 24.9025,
        "y": 25.4315
      },
      "c_56": {
        "x": 22.1475,
        "y": 29.6635
      },
      "c_57": {
        "x": 26.161500000000004,
        "y": 21.918000000000003
      },
      "c_58": {
        "x": 34.357,
        "y": 30.634999999999998
      },
      "c_59": {
        "x": 8.564,
        "y": 9.166
      },
      "c_6": {
        "x": 33.824,
        "y": 8.8635
      },
      "c_60": {
        "x": 46.3905,
        "y": 26.4885
      },
      "c_61": {
        "x": 24.236,
        "y": 28.4545
      },
      "c_62": {
        "x": 12.95,
        "y": 11.863
      },
      "c_63": {
        "x": 41.246,
        "y": 36.5895
      },
      "c_64": {
        "x": 37.7995,
        "y": 19.249499999999998
      },
      "c_65": {
        "x": 40.207499999999996,
        "y": 18.698999999999998
      },
      "c_66": {
        "x": 35.943,
        "y": 12.151499999999999
      },
      "c_67": {
        "x": 0.9896,
        "y": 18.478
      },
      "c_68": {
        "x": 34.4135,
        "y": 20.911
      },
      "c_69": {
        "x": 26.8445,
        "y": 2.78035
      },
      "c_7": {
        "x": 33.2425,
        "y": 1.4217
      },
      "c_70": {
        "x": 35.2385,
        "y": 24.264499999999998
      },
      "c_71": {
        "x": 10.618,
        "y": 11.299
      },
      "c_72": {
        "x": 31.3455,
        "y": 36.0485
      },
      "c_73": {
        "x": 19.985,
        "y": 13.789499999999999
      },
      "c_74": {
        "x": 14.173,
        "y": 13.802000000000001
      },
      "c_75": {
        "x": 9.1015,
        "y": 17.1675
      },
      "c_76": {
        "x": 34.5265,
        "y": 14.085
      },
      "c_77": {
        "x": 40.111999999999995,
        "y": 16.005499999999998
      },
      "c_78": {
        "x": 30.398,
        "y": 31.413000000000004
      },
      "c_79": {
        "x": 32.521,
        "y": 22.381
      },
      "c_8": {
        "x": 18.0885,
        "y": 34.7555
      },
      "c_80": {
        "x": 20.9625,
        "y": 21.671999999999997
      },
      "c_81": {
        "x": 39.669,
        "y": 38.991
      },
      "c_82": {
        "x": 45.757000000000005,
        "y": 34.0595
      },
      "c_83": {
        "x": 47.461,
        "y": 23.8155
      },
      "c_84": {
        "x": 46.498999999999995,
        "y": 19.43
      },
      "c_85": {
        "x": 12.618,
        "y": 33.2595
      },
      "c_86": {
        "x": 31.121,
        "y": 0.48611000000000004
      },
      "c_87": {
        "x": 9.5445,
        "y": 13.4755
      },
      "c_88": {
        "x": 19.576999999999998,
        "y": 17.7455
      },
      "c_89": {
        "x": 27.7875,
        "y": 5.7315000000000005
      },
      "c_9": {
        "x": 19.7315,
        "y": 7.544499999999999
      },
      "c_90": {
        "x": 43.7055,
        "y": 14.448
      },
      "c_91": {
        "x": 15.7665,
        "y": 18.266
      },
      "var_1": {
        "x": 13.1005,
        "y": 21.5455
      },
      "var_10": {
        "x": 20.891000000000002,
        "y": 28.7845
      },
      "var_11": {
        "x": 22.8495,
        "y": 17.2755
      },
      "var_12": {
        "x": 31.873,
        "y": 17.904500000000002
      },
      "var_13": {
        "x": 32.423,
        "y": 29.61
      },
      "var_14": {
        "x": 11.422,
        "y": 18.944499999999998
      },
      "var_15": {
        "x": 29.283,
        "y": 30.201500000000003
      },
      "var_16": {
        "x": 10.655,
        "y": 29.764
      },
      "var_17": {
        "x": 31.0045,
        "y": 13.174
      },
      "var_18": {
        "x": 21.641499999999997,
        "y": 18.133
      },
      "var_19": {
        "x": 24.0945,
        "y": 7.1165
      },
      "var_2": {
        "x": 40.36450000000001,
        "y": 26.253999999999998
      },
      "var_20": {
        "x": 9.298499999999999,
        "y": 20.2915
      },
      "var_3": {
        "x": 40.904999999999994,
        "y": 28.559
      },
      "var_4": {
        "x": 20.019,
        "y": 20.644
      },
      "var_5": {
        "x": 31.040999999999997,