{
  "id": "3dff610537c5c856f59965a7ecd1e13b",
  "layout": {
    "bounds": [
      13.6667165756,
      12.1427001953,
      180.285766602,
      179.666763306
    ],
    "vars": {
      "c_1": {
        "x": 22.7500495911,
        "y": 72.5000534058
      },
      "c_10": {
        "x": 162.000045776,
        "y": 139.333236694
      },
      "c_100": {
        "x": 145.000045776,
        "y": 143.555236816
      },
      "c_101": {
        "x": 139.000045776,
        "y": 163.555648804
      },
      "c_102": {
        "x": 136.500045776,
        "y": 168.555740356
      },
      "c_103": {
        "x": 141.500045776,
        "y": 168.555740356
      },
      "c_104": {
        "x": 139.000045776,
        "y": 173.555847168
      },
      "c_105": {
        "x": 116.000053406,
        "y": 112.0
      },
      "c_106": {
        "x": 106.000053406,
        "y": 114.0
      },
      "c_107": {
        "x": 101.000053406,
        "y": 114.0
      },
      "c_108": {
        "x": 111.000053406,
        "y": 114.200180054
      },
      "c_109": {
        "x": 128.333389282,
        "y": 133.999969482
      },
      "c_11": {
        "x": 162.000045776,
        "y": 144.333328247
      },
      "c_110": {
        "x": 126.500053406,
        "y": 139.000061035
      },
      "c_111": {
        "x": 133.333389282,
        "y": 133.0
      },
      "c_112": {
        "x": 123.333381653,
        "y": 133.999969482
      },
      "c_113": {
        "x": 86.5000534058,
        "y": 173.25
      },
      "c_114": {
        "x": 90.0000534058,
        "y": 178.250106812
      },
      "c_115": {
        "x": 89.0000534058,
        "y": 168.249893188
      },
      "c_116": {
        "x": 91.5000534058,
        "y": 173.25
      },
      "c_117": {
        "x": 99.5000534058,
        "y": 164.0
      },
      "c_118": {
        "x": 109.500053406,
        "y": 166.0
      },
      "c_119": {
        "x": 104.500053406,
        "y": 167.333328247
      },
      "c_12": {
        "x": 161.000045776,
        "y": 149.333435059
      },
      "c_120": {
        "x": 104.500053406,
        "y": 162.333236694
      },
      "c_121": {
        "x": 148.666717529,
        "y": 71.5000534058
      },
      "c_122": {
        "x": 153.666717529,
        "y": 67.9999465942
      },
      "c_123": {
        "x": 153.666717529,
        "y": 73.0000534058
      },
      "c_124": {
        "x": 148.666717529,
        "y": 66.4999465942
      },
      "c_125": {
        "x": 168.666717529,
        "y": 71.0
      },
      "c_126": {
        "x": 163.666717529,
        "y": 73.5000534058
      },
      "c_127": {
        "x": 173.666717529,
        "y": 70.0
      },
      "c_128": {
        "x": 163.666717529,
        "y": 68.4999465942
      },
      "c_129": {
        "x": 111.000053406,
        "y": 109.200080872
      },
      "c_13": {
        "x": 143.500045776,
        "y": 47.4999504089
      },
      "c_130": {
        "x": 107.333381653,
        "y": 99.1998825073
      },
      "c_131": {
        "x": 110.000053406,
        "y": 104.199981689
      },
      "c_132": {
        "x": 112.333381653,
        "y": 99.1998825073
      },
      "c_133": {
        "x": 139.750045776,
        "y": 87.0
      },
      "c_134": {
        "x": 129.750045776,
        "y": 87.0000534058
      },
      "c_135": {
        "x": 129.750045776,
        "y": 81.9999465942
      },
      "c_136": {
        "x": 134.750045776,
        "y": 85.0
      },
      "c_137": {
        "x": 168.500045776,
        "y": 121.500053406
      },
      "c_138": {
        "x": 178.500045776,
        "y": 117.0
      },
      "c_139": {
        "x": 168.500045776,
        "y": 116.499946594
      },
      "c_14": {
        "x": 153.500045776,
        "y": 50.0
      },
      "c_140": {
        "x": 173.500045776,
        "y": 118.0
      },
      "c_141": {
        "x": 160.500045776,
        "y": 107.000053406
      },
      "c_142": {
        "x": 165.285766602,
        "y": 100.999946594
      },
      "c_143": {
        "x": 160.285766602,
        "y": 101.999946594
      },
      "c_144": {
        "x": 165.500045776,
        "y": 106.000053406
      },
      "c_145": {
        "x": 26.5000495911,
        "y": 45.4999504089
      },
      "c_146": {
        "x": 21.5000495911,
        "y": 46.4999504089
      },
      "c_147": {
        "x": 21.5000495911,
        "y": 51.5000495911
      },
      "c_148": {
        "x": 26.5000495911,
        "y": 50.5000495911
      },
      "c_149": {
        "x": 43.0000495911,
        "y": 50.5000991821
      },
      "c_15": {
        "x": 143.500045776,
        "y": 52.5000495911
      },
      "c_150": {
        "x": 38.5000495911,
        "y": 45.5
      },
      "c_151": {
        "x": 43.5000495911,
        "y": 45.5
      },
      "c_152": {
        "x": 41.0000495911,
        "y": 40.4999008179
      },
      "c_153": {
        "x": 60.0000495911,
        "y": 34.1250610352
      },
      "c_154": {
        "x": 65.0000534058,
        "y": 34.1250610352
      },
      "c_155": {
        "x": 57.6667175293,
        "y": 39.125164032
      },
      "c_156": {
        "x": 62.6667175293,
        "y": 39.125164032
      },
      "c_157": {
        "x": 38.5000495911,
        "y": 29.5
      },
      "c_158": {
        "x": 40.0000495911,
        "y": 34.5000991821
      },
      "c_159": {
        "x": 43.5000495911,
        "y": 29.5
      },
      "c_16": {
        "x": 148.500045776,
        "y": 49.0
      },
      "c_160": {
        "x": 41.0000495911,
        "y": 24.4999008179
      },
      "c_17": {
        "x": 97.6000518799,
        "y": 54.0
      },
      "c_18": {
        "x": 102.60005188,
        "y": 53.0
      },
      "c_19": {
        "x": 107.60005188,
        "y": 54.0
      },
      "c_2": {
        "x": 27.7500495911,
        "y": 70.0
      },
      "c_20": {
        "x": 92.6000518799,
        "y": 53.0
      },
      "c_21": {
        "x": 94.0000534058,
        "y": 16.2498493195
      },
      "c_22": {
        "x": 95.0000534058,
        "y": 31.2501506805
      },
      "c_23": {
        "x": 93.0000534058,
        "y": 21.2499504089
      },
      "c_24": {
        "x": 94.0000534058,
        "y": 26.2500495911
      },
      "c_25": {
        "x": 46.5000495911,
        "y": 119.199958801
      },
      "c_26": {
        "x": 49.0000495911,
        "y": 124.200057983
      },
      "c_27": {
        "x": 50.0000495911,
        "y": 114.199859619
      },
      "c_28": {
        "x": 51.5000495911,
        "y": 119.199958801
      },
      "c_29": {
        "x": 16.2500495911,
        "y": 121.666664124
      },
      "c_3": {
        "x": 17.7500495911,
        "y": 70.0
      },
      "c_30": {
        "x": 16.2500495911,
        "y": 126.666763306
      },
      "c_31": {
        "x": 26.2500495911,
        "y": 124.0
      },
      "c_32": {
        "x": 21.2500495911,
        "y": 123.0
      },
      "c_33": {
        "x": 101.500053406,
        "y": 142.0
      },
      "c_34": {
        "x": 106.500053406,
        "y": 143.0
      },
      "c_35": {
        "x": 116.500053406,
        "y": 143.0
      },
      "c_36": {
        "x": 111.500053406,
        "y": 143.0
      },
      "c_37": {
        "x": 114.000053406,
        "y": 174.666671753
      },
      "c_38": {
        "x": 115.000053406,
        "y": 169.666564941
      },
      "c_39": {
        "x": 114.000053406,
        "y": 179.666763306
      },
      "c_4": {
        "x": 22.7500495911,
        "y": 67.4999465942
      },
      "c_40": {
        "x": 119.000053406,
        "y": 176.0
      },
      "c_41": {
        "x": 139.000045776,
        "y": 107.600097656
      },
      "c_42": {
        "x": 139.000045776,
        "y": 112.600196838
      },
      "c_43": {
        "x": 140.000045776,
        "y": 102.599998474
      },
      "c_44": {
        "x": 140.000045776,
        "y": 97.599899292
      },
      "c_45": {
        "x": 180.285766602,