{
  "id": "3ed0db6115baa6323a178456dcf66cd7",
  "layout": {
    "bounds": [
      16.6667175293,
      15.4998502731,
      164.000045776,
      163.0
    ],
    "vars": {
      "c_1": {
        "x": 16.6667175293,
        "y": 72.0
      },
      "c_10": {
        "x": 36.0000495911,
        "y": 61.6667671204
      },
      "c_100": {
        "x": 47.0000495911,
        "y": 38.0000991821
      },
      "c_101": {
        "x": 61.0000495911,
        "y": 25.5000495911
      },
      "c_102": {
        "x": 80.2500534058,
        "y": 28.0
      },
      "c_103": {
        "x": 83.0000534058,
        "y": 18.0
      },
      "c_104": {
        "x": 57.5000495911,
        "y": 39.0
      },
      "c_105": {
        "x": 67.0000534058,
        "y": 26.6000003815
      },
      "c_106": {
        "x": 85.2500534058,
        "y": 27.0
      },
      "c_107": {
        "x": 63.0000495911,
        "y": 38.0
      },
      "c_108": {
        "x": 73.0000534058,
        "y": 26.9999504089
      },
      "c_109": {
        "x": 90.2500534058,
        "y": 28.0
      },
      "c_11": {
        "x": 17.0000495911,
        "y": 87.0
      },
      "c_110": {
        "x": 51.0000495911,
        "y": 46.0
      },
      "c_111": {
        "x": 64.0000534058,
        "y": 44.4999504089
      },
      "c_112": {
        "x": 83.0000534058,
        "y": 34.0
      },
      "c_113": {
        "x": 66.5000534058,
        "y": 154.000045776
      },
      "c_114": {
        "x": 68.0000534058,
        "y": 142.499954224
      },
      "c_115": {
        "x": 89.0000534058,
        "y": 149.0
      },
      "c_116": {
        "x": 98.5000534058,
        "y": 144.0
      },
      "c_117": {
        "x": 71.5000534058,
        "y": 156.0
      },
      "c_118": {
        "x": 77.0000534058,
        "y": 153.999954224
      },
      "c_119": {
        "x": 83.6667175293,
        "y": 155.0
      },
      "c_12": {
        "x": 24.0000495911,
        "y": 88.0
      },
      "c_120": {
        "x": 63.5000495911,
        "y": 147.500045776
      },
      "c_121": {
        "x": 95.0000534058,
        "y": 152.0
      },
      "c_122": {
        "x": 103.500053406,
        "y": 145.999893188
      },
      "c_123": {
        "x": 73.6667175293,
        "y": 162.0
      },
      "c_124": {
        "x": 78.6667175293,
        "y": 159.000045776
      },
      "c_125": {
        "x": 89.5000534058,
        "y": 160.0
      },
      "c_126": {
        "x": 81.0000534058,
        "y": 142.999954224
      },
      "c_127": {
        "x": 91.0000534058,
        "y": 141.0
      },
      "c_128": {
        "x": 68.5000534058,
        "y": 148.999954224
      },
      "c_129": {
        "x": 73.5000534058,
        "y": 145.0
      },
      "c_13": {
        "x": 26.3333835602,
        "y": 96.9999465942
      },
      "c_130": {
        "x": 78.5000534058,
        "y": 148.000045776
      },
      "c_131": {
        "x": 114.000053406,
        "y": 144.499954224
      },
      "c_132": {
        "x": 100.000053406,
        "y": 155.0
      },
      "c_133": {
        "x": 105.000053406,
        "y": 156.000106812
      },
      "c_134": {
        "x": 111.000053406,
        "y": 156.0
      },
      "c_135": {
        "x": 106.000053406,
        "y": 151.0
      },
      "c_136": {
        "x": 111.000053406,
        "y": 149.500045776
      },
      "c_137": {
        "x": 116.000053406,
        "y": 153.0
      },
      "c_138": {
        "x": 84.5000534058,
        "y": 163.0
      },
      "c_139": {
        "x": 95.0000534058,
        "y": 163.0
      },
      "c_14": {
        "x": 30.0000495911,
        "y": 50.9999504089
      },
      "c_140": {
        "x": 103.000053406,
        "y": 162.0
      },
      "c_141": {
        "x": 122.500053406,
        "y": 140.0
      },
      "c_142": {
        "x": 142.000045776,
        "y": 111.999900818
      },
      "c_143": {
        "x": 147.000045776,
        "y": 122.000099182
      },
      "c_144": {
        "x": 147.000045776,
        "y": 128.999847412
      },
      "c_145": {
        "x": 127.500053406,
        "y": 140.0
      },
      "c_146": {
        "x": 144.000045776,
        "y": 133.999954224
      },
      "c_147": {
        "x": 142.666717529,
        "y": 139.000045776
      },
      "c_148": {
        "x": 137.000045776,
        "y": 118.0
      },
      "c_149": {
        "x": 140.000045776,
        "y": 127.0
      },
      "c_15": {
        "x": 38.0000495911,
        "y": 51.6665649414
      },
      "c_150": {
        "x": 137.666717529,
        "y": 135.0
      },
      "c_151": {
        "x": 121.000053406,
        "y": 147.0
      },
      "c_152": {
        "x": 135.000045776,
        "y": 143.500045776
      },
      "c_153": {
        "x": 133.000045776,
        "y": 149.0
      },
      "c_154": {
        "x": 150.000045776,
        "y": 109.000183105
      },
      "c_155": {
        "x": 152.666717529,
        "y": 114.000282288
      },
      "c_156": {
        "x": 131.500045776,
        "y": 121.0
      },
      "c_157": {
        "x": 147.666717529,
        "y": 115.0
      },
      "c_158": {
        "x": 142.666717529,
        "y": 117.0
      },
      "c_159": {
        "x": 158.500045776,
        "y": 116.0
      },
      "c_16": {
        "x": 21.6667175293,
        "y": 70.0000991821
      },
      "c_160": {
        "x": 131.000045776,
        "y": 130.0
      },
      "c_161": {
        "x": 153.500045776,
        "y": 119.999946594
      },
      "c_162": {
        "x": 152.000045776,
        "y": 125.000053406
      },
      "c_163": {
        "x": 132.666717529,
        "y": 138.499954224
      },
      "c_164": {
        "x": 153.000045776,
        "y": 131.0
      },
      "c_165": {
        "x": 151.000045776,
        "y": 137.0
      },
      "c_166": {
        "x": 127.000053406,
        "y": 146.0
      },
      "c_167": {
        "x": 127.000053406,
        "y": 152.0
      },
      "c_168": {
        "x": 145.000045776,
        "y": 144.000152588
      },
      "c_169": {
        "x": 28.0000495911,
        "y": 122.500053406
      },
      "c_17": {
        "x": 26.6667175293,
        "y": 74.0
      },
      "c_170": {
        "x": 27.0000495911,
        "y": 110.999946594
      },
      "c_171": {
        "x": 37.0000495911,
        "y": 106.0
      },
      "c_172": {
        "x": 52.0000495911,
        "y": 131.0
      },
      "c_173": {
        "x": 29.0000495911,
        "y": 128.0
      },
      "c_174": {
        "x": 42.0000495911,
        "y": 133.0
      },
      "c_175": {
        "x": 35.0000495911,
        "y": 130.0
      },
      "c_176": {
        "x": 25.5000495911,
        "y": 116.000053406
      },
      "c_177": {
        "x": 37.2500495911,
        "y": 111.000099182
      },
      "c_178": {
        "x": 53.0000495911,
        "y": 136.999954224
      },
      "c_179": {
        "x": 30.0000495911,
        "y": 136.0
      },
      "c_18": {
        "x": 31.0000495911,
        "y": 85.0
      },
      "c_180": {
        "x": 44.0000495911,
        "y": 141.0
      },
      "c_181": {
        "x": 36.0000495911,
        "y": 137.999954224
      },
      "c_182": {
        "x": 39.0000495911,
        "y": 100.999900818
      },
      "c_183": {
        "x": 48.0000495911,
        "y": 123.0
      },
      "c_184": {
        "x": 30.5000495911,
        "y": 117.499946594
      },
      "c_185": {
        "x": 40.5000495911,
        "y": 123.0
      },
      "c_186": {
        "x": 35.5000495911,
        "y": 121.0
      },
      "c_187": {
        "x": 59.5000495911,
        "y": 113.0
      },
      "c_188": {
        "x": 47.2500495911,
        "y": 113.0
      },
      "c_189": {
        "x": 64.5000534058,
        "y": 113.0
      },
      "c_19": {
        "x": 45.0000495911,
        "y": 53.0
      },
      "c_190": {
        "x": 42.2500495911,
        "y": 113.0
      },
      "c_191": {
        "x": 53.0000495911,