{
  "id": "400735fe9428a60a1eead83d173e2504",
  "layout": {
    "bounds": [
      17.0000495911,
      15.4999504089,
      360.500061035,
      358.714599609
    ],
    "vars": {
      "c_1": {
        "x": 20.0000495911,
        "y": 336.142608643
      },
      "c_10": {
        "x": 70.3333816528,
        "y": 331.666656494
      },
      "c_100": {
        "x": 304.000061035,
        "y": 68.0
      },
      "c_101": {
        "x": 285.000061035,
        "y": 87.3333969116
      },
      "c_102": {
        "x": 285.666717529,
        "y": 82.3332977295
      },
      "c_103": {
        "x": 280.666717529,
        "y": 82.3332977295
      },
      "c_104": {
        "x": 290.666717529,
        "y": 85.0
      },
      "c_105": {
        "x": 270.500061035,
        "y": 105.250053406
      },
      "c_106": {
        "x": 269.000061035,
        "y": 100.249946594
      },
      "c_107": {
        "x": 275.500061035,
        "y": 105.250053406
      },
      "c_108": {
        "x": 274.000061035,
        "y": 100.249946594
      },
      "c_109": {
        "x": 254.000045776,
        "y": 118.499946594
      },
      "c_11": {
        "x": 70.3333816528,
        "y": 336.666778564
      },
      "c_110": {
        "x": 264.000061035,
        "y": 123.0
      },
      "c_111": {
        "x": 259.000061035,
        "y": 121.0
      },
      "c_112": {
        "x": 254.000045776,
        "y": 123.500053406
      },
      "c_113": {
        "x": 248.000045776,
        "y": 142.0
      },
      "c_114": {
        "x": 243.000045776,
        "y": 138.999969482
      },
      "c_115": {
        "x": 238.000045776,
        "y": 138.999969482
      },
      "c_116": {
        "x": 242.000045776,
        "y": 144.000061035
      },
      "c_117": {
        "x": 225.500045776,
        "y": 156.499954224
      },
      "c_118": {
        "x": 230.500045776,
        "y": 162.500045776
      },
      "c_119": {
        "x": 230.500045776,
        "y": 157.499954224
      },
      "c_12": {
        "x": 65.3333816528,
        "y": 332.0
      },
      "c_120": {
        "x": 225.500045776,
        "y": 161.500045776
      },
      "c_121": {
        "x": 210.250045776,
        "y": 180.000045776
      },
      "c_122": {
        "x": 215.250045776,
        "y": 176.499954224
      },
      "c_123": {
        "x": 215.250045776,
        "y": 181.500045776
      },
      "c_124": {
        "x": 210.250045776,
        "y": 174.999954224
      },
      "c_125": {
        "x": 200.333389282,
        "y": 197.000030518
      },
      "c_126": {
        "x": 195.333389282,
        "y": 197.000030518
      },
      "c_127": {
        "x": 190.333389282,
        "y": 193.0
      },
      "c_128": {
        "x": 196.000045776,
        "y": 191.999938965
      },
      "c_129": {
        "x": 181.000045776,
        "y": 213.000045776
      },
      "c_13": {
        "x": 88.5000534058,
        "y": 321.000061035
      },
      "c_130": {
        "x": 176.000045776,
        "y": 214.000045776
      },
      "c_131": {
        "x": 174.000045776,
        "y": 208.999954224
      },
      "c_132": {
        "x": 179.000045776,
        "y": 207.999954224
      },
      "c_133": {
        "x": 160.500045776,
        "y": 222.749954224
      },
      "c_134": {
        "x": 156.500045776,
        "y": 227.750045776
      },
      "c_135": {
        "x": 161.500045776,
        "y": 227.750045776
      },
      "c_136": {
        "x": 155.500045776,
        "y": 222.749954224
      },
      "c_137": {
        "x": 140.000045776,
        "y": 245.666763306
      },
      "c_138": {
        "x": 138.000045776,
        "y": 240.666671753
      },
      "c_139": {
        "x": 143.000045776,
        "y": 240.0
      },
      "c_14": {
        "x": 83.5000534058,
        "y": 321.000061035
      },
      "c_140": {
        "x": 138.000045776,
        "y": 235.666564941
      },
      "c_141": {
        "x": 122.000053406,
        "y": 261.000091553
      },
      "c_142": {
        "x": 123.500053406,
        "y": 256.0
      },
      "c_143": {
        "x": 118.500053406,
        "y": 256.0
      },
      "c_144": {
        "x": 120.000053406,
        "y": 250.999893188
      },
      "c_145": {
        "x": 104.500053406,
        "y": 268.999938965
      },
      "c_146": {
        "x": 99.5000534058,
        "y": 267.999938965
      },
      "c_147": {
        "x": 99.0000534058,
        "y": 273.000061035
      },
      "c_148": {
        "x": 104.000053406,
        "y": 274.000061035
      },
      "c_149": {
        "x": 85.5000534058,
        "y": 284.499938965
      },
      "c_15": {
        "x": 87.0000534058,
        "y": 315.999938965
      },
      "c_150": {
        "x": 80.0000534058,
        "y": 288.500061035
      },
      "c_151": {
        "x": 80.5000534058,
        "y": 283.499938965
      },
      "c_152": {
        "x": 85.0000534058,
        "y": 289.500061035
      },
      "c_153": {
        "x": 66.5000534058,
        "y": 300.499938965
      },
      "c_154": {
        "x": 62.5000495911,
        "y": 305.500061035
      },
      "c_155": {
        "x": 61.5000495911,
        "y": 300.499938965
      },
      "c_156": {
        "x": 67.5000534058,
        "y": 305.500061035
      },
      "c_157": {
        "x": 51.0000495911,
        "y": 321.666534424
      },
      "c_158": {
        "x": 45.5000495911,
        "y": 316.666412354
      },
      "c_159": {
        "x": 50.5000495911,
        "y": 316.666412354
      },
      "c_16": {
        "x": 82.0000534058,
        "y": 315.999938965
      },
      "c_160": {
        "x": 46.0000495911,
        "y": 321.666534424
      },
      "c_161": {
        "x": 33.0000495911,
        "y": 333.714080811
      },
      "c_162": {
        "x": 38.0000495911,
        "y": 337.999938965
      },
      "c_163": {
        "x": 39.5000495911,
        "y": 343.000061035
      },
      "c_164": {
        "x": 33.0000495911,
        "y": 338.714172363
      },
      "c_165": {
        "x": 28.5000495911,
        "y": 353.714477539
      },
      "c_166": {
        "x": 23.5000495911,
        "y": 351.142913818
      },
      "c_167": {
        "x": 23.0000495911,
        "y": 356.143005371
      },
      "c_168": {
        "x": 28.0000495911,
        "y": 358.714599609
      },
      "c_17": {
        "x": 100.500053406,
        "y": 305.500061035
      },
      "c_18": {
        "x": 105.500053406,
        "y": 305.500061035
      },
      "c_19": {
        "x": 99.0000534058,
        "y": 300.499938965
      },
      "c_2": {
        "x": 19.6667175293,
        "y": 341.142700195
      },
      "c_20": {
        "x": 104.000053406,
        "y": 300.499938965
      },
      "c_21": {
        "x": 121.333381653,
        "y": 289.0
      },
      "c_22": {
        "x": 121.333381653,
        "y": 283.999908447
      },
      "c_23": {
        "x": 122.000053406,
        "y": 294.000091553
      },
      "c_24": {
        "x": 116.333381653,
        "y": 288.0
      },
      "c_25": {
        "x": 141.000045776,
        "y": 270.999938965
      },
      "c_26": {
        "x": 136.000045776,
        "y": 270.999938965
      },
      "c_27": {
        "x": 140.000045776,
        "y": 281.00012207
      },
      "c_28": {
        "x": 139.000045776,
        "y": 276.000030518
      },
      "c_29": {
        "x": 154.500045776,
        "y": 257.499938965
      },
      "c_3": {
        "x": 24.6667175293,
        "y": 346.0
      },
      "c_30": {
        "x": 159.500045776,
        "y": 258.499938965
      },
      "c_31": {
        "x": 159.500045776,
        "y": 263.500061035
      },
      "c_32": {
        "x": 154.500045776,
        "y": 262.500061035
      },
      "c_33": {
        "x": 174.500045776,
        "y": 248.250045776
      },
      "c_34": {
        "x": 179.500045776,
        "y": 248.250045776
      },
      "c_35": {
        "x": 178.500045776,
        "y": 243.249954224
      },