{
  "id": "44101856063853836996570aa2c3e4ae",
  "layout": {
    "bounds": [
      50.0000495911,
      50.9999008179,
      156.000045776,
      156.0
    ],
    "vars": {
      "c_1": {
        "x": 98.3333816528,
        "y": 110.0
      },
      "c_10": {
        "x": 88.5000534058,
        "y": 103.0
      },
      "c_100": {
        "x": 93.0000534058,
        "y": 136.0
      },
      "c_11": {
        "x": 80.0000534058,
        "y": 101.0
      },
      "c_12": {
        "x": 78.0000534058,
        "y": 105.0
      },
      "c_13": {
        "x": 77.0000534058,
        "y": 102.0
      },
      "c_14": {
        "x": 72.0000534058,
        "y": 96.0
      },
      "c_15": {
        "x": 68.0000534058,
        "y": 106.000053406
      },
      "c_16": {
        "x": 59.0000495911,
        "y": 109.0
      },
      "c_17": {
        "x": 83.0000534058,
        "y": 92.0
      },
      "c_18": {
        "x": 76.0000534058,
        "y": 83.0
      },
      "c_19": {
        "x": 74.0000534058,
        "y": 84.5000534058
      },
      "c_2": {
        "x": 107.000053406,
        "y": 107.0
      },
      "c_20": {
        "x": 74.0000534058,
        "y": 82.4999465942
      },
      "c_21": {
        "x": 71.0000534058,
        "y": 75.0000534058
      },
      "c_22": {
        "x": 68.0000534058,
        "y": 76.0
      },
      "c_23": {
        "x": 64.0000534058,
        "y": 68.0
      },
      "c_24": {
        "x": 58.0000495911,
        "y": 61.0
      },
      "c_25": {
        "x": 57.0000495911,
        "y": 54.0
      },
      "c_26": {
        "x": 111.500053406,
        "y": 111.0
      },
      "c_27": {
        "x": 123.000053406,
        "y": 113.0
      },
      "c_28": {
        "x": 132.000045776,
        "y": 117.0
      },
      "c_29": {
        "x": 137.000045776,
        "y": 123.0
      },
      "c_3": {
        "x": 109.500053406,
        "y": 111.0
      },
      "c_30": {
        "x": 116.000053406,
        "y": 116.0
      },
      "c_31": {
        "x": 108.000053406,
        "y": 122.0
      },
      "c_32": {
        "x": 101.000053406,
        "y": 129.499954224
      },
      "c_33": {
        "x": 116.500053406,
        "y": 127.500053406
      },
      "c_34": {
        "x": 116.000053406,
        "y": 125.499946594
      },
      "c_35": {
        "x": 114.500053406,
        "y": 128.0
      },
      "c_36": {
        "x": 112.000053406,
        "y": 134.0
      },
      "c_37": {
        "x": 103.000053406,
        "y": 138.000045776
      },
      "c_38": {
        "x": 120.000053406,
        "y": 99.0000534058
      },
      "c_39": {
        "x": 122.000053406,
        "y": 101.500053406
      },
      "c_4": {
        "x": 108.000053406,
        "y": 118.0
      },
      "c_40": {
        "x": 119.000053406,
        "y": 96.9999465942
      },
      "c_41": {
        "x": 122.000053406,
        "y": 99.4999465942
      },
      "c_42": {
        "x": 128.000045776,
        "y": 94.0
      },
      "c_43": {
        "x": 132.000045776,
        "y": 97.0
      },
      "c_44": {
        "x": 141.000045776,
        "y": 94.0
      },
      "c_45": {
        "x": 149.000045776,
        "y": 91.0
      },
      "c_46": {
        "x": 154.000045776,
        "y": 89.0
      },
      "c_47": {
        "x": 125.000053406,
        "y": 89.0
      },
      "c_48": {
        "x": 132.000045776,
        "y": 82.0
      },
      "c_49": {
        "x": 136.000045776,
        "y": 77.9999465942
      },
      "c_5": {
        "x": 111.000053406,
        "y": 107.0
      },
      "c_50": {
        "x": 98.0000534058,
        "y": 129.0
      },
      "c_51": {
        "x": 103.000053406,
        "y": 130.0
      },
      "c_52": {
        "x": 101.000053406,
        "y": 131.500045776
      },
      "c_53": {
        "x": 93.5000534058,
        "y": 139.0
      },
      "c_54": {
        "x": 91.0000534058,
        "y": 136.999954224
      },
      "c_55": {
        "x": 91.5000534058,
        "y": 139.000045776
      },
      "c_56": {
        "x": 96.0000534058,
        "y": 147.0
      },
      "c_57": {
        "x": 82.0000534058,
        "y": 141.0
      },
      "c_58": {
        "x": 81.0000534058,
        "y": 138.0
      },
      "c_59": {
        "x": 108.000053406,
        "y": 138.0
      },
      "c_6": {
        "x": 102.000053406,
        "y": 118.0
      },
      "c_60": {
        "x": 105.500053406,
        "y": 140.0
      },
      "c_61": {
        "x": 107.500053406,
        "y": 140.000106812
      },
      "c_62": {
        "x": 114.000053406,
        "y": 146.0
      },
      "c_63": {
        "x": 112.000053406,
        "y": 149.0
      },
      "c_64": {
        "x": 101.000053406,
        "y": 150.0
      },
      "c_65": {
        "x": 103.000053406,
        "y": 150.0
      },
      "c_66": {
        "x": 108.000053406,
        "y": 156.0
      },
      "c_67": {
        "x": 67.0000534058,
        "y": 103.999946594
      },
      "c_68": {
        "x": 68.0000534058,
        "y": 101.0
      },
      "c_69": {
        "x": 62.0000495911,
        "y": 98.0
      },
      "c_7": {
        "x": 100.333381653,
        "y": 109.0
      },
      "c_70": {
        "x": 84.7500534058,
        "y": 147.0
      },
      "c_71": {
        "x": 86.7500534058,
        "y": 148.0
      },
      "c_72": {
        "x": 80.0000534058,
        "y": 152.0
      },
      "c_73": {
        "x": 121.000053406,
        "y": 137.000045776
      },
      "c_74": {
        "x": 122.000053406,
        "y": 134.999954224
      },
      "c_75": {
        "x": 125.000053406,
        "y": 144.0
      },
      "c_76": {
        "x": 92.0000534058,
        "y": 131.0
      },
      "c_77": {
        "x": 94.0000534058,
        "y": 130.0
      },
      "c_78": {
        "x": 87.0000534058,
        "y": 125.0
      },
      "c_79": {
        "x": 121.000053406,
        "y": 110.000053406
      },
      "c_8": {
        "x": 89.0000534058,
        "y": 106.0
      },
      "c_80": {
        "x": 120.000053406,
        "y": 107.999946594
      },
      "c_81": {
        "x": 128.000045776,
        "y": 105.0
      },
      "c_82": {
        "x": 54.0000495911,
        "y": 55.0000991821
      },
      "c_83": {
        "x": 55.0000495911,
        "y": 53.0
      },
      "c_84": {
        "x": 50.0000495911,
        "y": 51.0
      },
      "c_85": {
        "x": 72.6667175293,
        "y": 142.0
      },
      "c_86": {
        "x": 74.6667175293,
        "y": 143.0
      },
      "c_87": {
        "x": 69.0000534058,
        "y": 144.0
      },
      "c_88": {
        "x": 78.0000534058,
        "y": 82.0
      },
      "c_89": {
        "x": 80.0000534058,
        "y": 82.0
      },
      "c_9": {
        "x": 90.5000534058,
        "y": 102.0
      },
      "c_90": {
        "x": 80.0000534058,
        "y": 76.0
      },
      "c_91": {
        "x": 90.7500534058,
        "y": 150.0
      },
      "c_92": {
        "x": 88.7500534058,
        "y": 149.0
      },
      "c_93": {
        "x": 84.0000534058,
        "y": 154.000045776
      },
      "c_94": {
        "x": 102.333381653,
        "y": 107.0
      },
      "c_95": {
        "x": 105.000053406,
        "y": 106.0
      },
      "c_96": {
        "x": 102.000053406,
        "y": 99.0
      },
      "c_97": {
        "x": 116.000053406,
        "y": 138.0
      },
      "c_98": {
        "x": 99.0000534058,
        "y": 139.0
      },
      "c_99": {
        "x": 106.500053406,
        "y": 145.0
      },
      "var_1": {
        "x": 105.000053406,