{
  "id": "4abd7da8670de23877dd45c571e622cd",
  "layout": {
    "bounds": [
      17.0000495911,
      17.0,
      369.000061035,
      315.0
    ],
    "vars": {
      "c_1": {
        "x": 268.500061035,
        "y": 205.0
      },
      "c_10": {
        "x": 307.000061035,
        "y": 223.0
      },
      "c_100": {
        "x": 335.000061035,
        "y": 112.0
      },
      "c_101": {
        "x": 350.000061035,
        "y": 95.0
      },
      "c_102": {
        "x": 364.000061035,
        "y": 82.0
      },
      "c_103": {
        "x": 186.000045776,
        "y": 146.0
      },
      "c_104": {
        "x": 293.000061035,
        "y": 276.0
      },
      "c_105": {
        "x": 149.000045776,
        "y": 204.0
      },
      "c_106": {
        "x": 214.000045776,
        "y": 136.0
      },
      "c_107": {
        "x": 162.000045776,
        "y": 174.0
      },
      "c_11": {
        "x": 309.000061035,
        "y": 208.0
      },
      "c_12": {
        "x": 309.000061035,
        "y": 216.0
      },
      "c_13": {
        "x": 325.000061035,
        "y": 231.0
      },
      "c_14": {
        "x": 342.000061035,
        "y": 239.0
      },
      "c_15": {
        "x": 331.000061035,
        "y": 205.0
      },
      "c_16": {
        "x": 350.000061035,
        "y": 202.0
      },
      "c_17": {
        "x": 289.000061035,
        "y": 237.0
      },
      "c_18": {
        "x": 294.000061035,
        "y": 257.0
      },
      "c_19": {
        "x": 274.000061035,
        "y": 166.0
      },
      "c_2": {
        "x": 251.000045776,
        "y": 192.0
      },
      "c_20": {
        "x": 261.000061035,
        "y": 163.0
      },
      "c_21": {
        "x": 266.000061035,
        "y": 160.0
      },
      "c_22": {
        "x": 282.000061035,
        "y": 157.0
      },
      "c_23": {
        "x": 241.000045776,
        "y": 148.0
      },
      "c_24": {
        "x": 227.000045776,
        "y": 179.0
      },
      "c_25": {
        "x": 223.000045776,
        "y": 197.0
      },
      "c_26": {
        "x": 221.000045776,
        "y": 185.0
      },
      "c_27": {
        "x": 204.000045776,
        "y": 156.0
      },
      "c_28": {
        "x": 182.000045776,
        "y": 128.0
      },
      "c_29": {
        "x": 162.000045776,
        "y": 102.0
      },
      "c_3": {
        "x": 257.000061035,
        "y": 211.0
      },
      "c_30": {
        "x": 145.000045776,
        "y": 83.0
      },
      "c_31": {
        "x": 154.000045776,
        "y": 77.0
      },
      "c_32": {
        "x": 148.000045776,
        "y": 77.0
      },
      "c_33": {
        "x": 122.000053406,
        "y": 78.0
      },
      "c_34": {
        "x": 96.0000534058,
        "y": 78.0
      },
      "c_35": {
        "x": 73.0000534058,
        "y": 77.0
      },
      "c_36": {
        "x": 79.0000534058,
        "y": 90.0
      },
      "c_37": {
        "x": 73.0000534058,
        "y": 88.0
      },
      "c_38": {
        "x": 54.0000495911,
        "y": 90.0
      },
      "c_39": {
        "x": 56.0000495911,
        "y": 69.4999465942
      },
      "c_4": {
        "x": 278.000061035,
        "y": 179.0
      },
      "c_40": {
        "x": 55.0000495911,
        "y": 74.5000534058
      },
      "c_41": {
        "x": 39.0000495911,
        "y": 63.0
      },
      "c_42": {
        "x": 23.0000495911,
        "y": 56.0
      },
      "c_43": {
        "x": 82.0000534058,
        "y": 114.0
      },
      "c_44": {
        "x": 96.0000534058,
        "y": 136.0
      },
      "c_45": {
        "x": 113.000053406,
        "y": 155.0
      },
      "c_46": {
        "x": 135.000045776,
        "y": 168.0
      },
      "c_47": {
        "x": 163.000045776,
        "y": 64.0000534058
      },
      "c_48": {
        "x": 154.000045776,
        "y": 60.0
      },
      "c_49": {
        "x": 161.000045776,
        "y": 58.9999504089
      },
      "c_5": {
        "x": 255.000045776,
        "y": 198.0
      },
      "c_50": {
        "x": 185.000045776,
        "y": 60.0
      },
      "c_51": {
        "x": 206.000045776,
        "y": 57.0
      },
      "c_52": {
        "x": 205.000045776,
        "y": 70.0
      },
      "c_53": {
        "x": 210.000045776,
        "y": 66.0
      },
      "c_54": {
        "x": 223.000045776,
        "y": 46.0
      },
      "c_55": {
        "x": 228.000045776,
        "y": 28.0
      },
      "c_56": {
        "x": 226.000045776,
        "y": 77.0
      },
      "c_57": {
        "x": 213.000045776,
        "y": 90.0
      },
      "c_58": {
        "x": 222.000045776,
        "y": 89.0
      },
      "c_59": {
        "x": 243.000045776,
        "y": 72.0
      },
      "c_6": {
        "x": 287.000061035,
        "y": 207.0
      },
      "c_60": {
        "x": 257.000061035,
        "y": 57.0
      },
      "c_61": {
        "x": 270.000061035,
        "y": 45.0
      },
      "c_62": {
        "x": 207.000045776,
        "y": 117.0
      },
      "c_63": {
        "x": 153.000045776,
        "y": 41.0
      },
      "c_64": {
        "x": 151.000045776,
        "y": 23.0
      },
      "c_65": {
        "x": 198.000045776,
        "y": 196.0
      },
      "c_66": {
        "x": 196.500045776,
        "y": 202.0
      },
      "c_67": {
        "x": 191.500045776,
        "y": 200.0
      },
      "c_68": {
        "x": 178.000045776,
        "y": 188.0
      },
      "c_69": {
        "x": 171.000045776,
        "y": 168.0
      },
      "c_7": {
        "x": 279.000061035,
        "y": 217.0
      },
      "c_70": {
        "x": 164.000045776,
        "y": 211.000045776
      },
      "c_71": {
        "x": 134.000045776,
        "y": 220.0
      },
      "c_72": {
        "x": 107.000053406,
        "y": 230.0
      },
      "c_73": {
        "x": 86.0000534058,
        "y": 238.499954224
      },
      "c_74": {
        "x": 92.0000534058,
        "y": 241.999954224
      },
      "c_75": {
        "x": 87.0000534058,
        "y": 243.500045776
      },
      "c_76": {
        "x": 67.0000534058,
        "y": 248.0
      },
      "c_77": {
        "x": 48.0000495911,
        "y": 256.0
      },
      "c_78": {
        "x": 33.0000495911,
        "y": 262.0
      },
      "c_79": {
        "x": 100.000053406,
        "y": 248.0
      },
      "c_8": {
        "x": 271.000061035,
        "y": 189.0
      },
      "c_80": {
        "x": 116.000053406,
        "y": 240.0
      },
      "c_81": {
        "x": 131.000045776,
        "y": 226.0
      },
      "c_82": {
        "x": 249.000045776,
        "y": 238.0
      },
      "c_83": {
        "x": 237.000045776,
        "y": 234.999954224
      },
      "c_84": {
        "x": 239.000045776,
        "y": 240.000045776
      },
      "c_85": {
        "x": 254.000045776,
        "y": 257.0
      },
      "c_86": {
        "x": 266.000061035,
        "y": 275.0
      },
      "c_87": {
        "x": 281.000061035,
        "y": 284.0
      },
      "c_88": {
        "x": 220.000045776,
        "y": 251.0
      },
      "c_89": {
        "x": 211.000045776,
        "y": 240.999954224
      },
      "c_9": {
        "x": 286.000061035,
        "y": 213.0
      },
      "c_90": {
        "x": 210.000045776,
        "y": 246.000045776
      },
      "c_91": {
        "x": 204.000045776,
        "y": 268.0
      },
      "c_92": {
        "x": 208.000045776,
        "y": 291.0
      },
      "c_93": {
        "x": 192.000045776,
        "y": 307.0
      },
      "c_94": {
        "x": 186.000045776,
        "y": 230.0
      },
      "c_95": {
        "x": 165.000045776,
        "y": 205.999954224
      },
      "c_96": {
        "x": 299.000061035,
        "y": 149.666564941
      },
      "c_97": {
        "x": 299.000061035,
        "y": 159.666763306
      },
      "c_98": {
        "x": 300.000061035,
        "y": 154.666671753
      },
      "c_99": {
        "x": 317.000061035,
        "y": 131.0
      },