{
  "id": "55ce3390a83c317e61c68ccc776306ee",
  "layout": {
    "bounds": [
      17.0000495911,
      17.0,
      116.000053406,
      116.0
    ],
    "vars": {
      "c_1": {
        "x": 60.5000495911,
        "y": 100.0
      },
      "c_10": {
        "x": 86.8000488281,
        "y": 108.0
      },
      "c_11": {
        "x": 95.5000534058,
        "y": 71.0
      },
      "c_12": {
        "x": 22.0000495911,
        "y": 52.9998512268
      },
      "c_13": {
        "x": 82.0000534058,
        "y": 54.0000495911
      },
      "c_14": {
        "x": 65.5000534058,
        "y": 97.0
      },
      "c_15": {
        "x": 69.0000534058,
        "y": 73.9999008179
      },
      "c_16": {
        "x": 63.0000495911,
        "y": 66.0
      },
      "c_17": {
        "x": 55.0000495911,
        "y": 84.4998474121
      },
      "c_18": {
        "x": 61.0000495911,
        "y": 55.0
      },
      "c_19": {
        "x": 90.0000534058,
        "y": 20.0
      },
      "c_2": {
        "x": 55.0000495911,
        "y": 99.5001525879
      },
      "c_20": {
        "x": 70.0000534058,
        "y": 79.0
      },
      "c_21": {
        "x": 96.0000534058,
        "y": 89.0
      },
      "c_22": {
        "x": 31.0000495911,
        "y": 29.0
      },
      "c_23": {
        "x": 66.0000534058,
        "y": 31.9999504089
      },
      "c_24": {
        "x": 41.0000495911,
        "y": 92.0
      },
      "c_25": {
        "x": 57.0000495911,
        "y": 25.0
      },
      "c_26": {
        "x": 99.0000534058,
        "y": 77.0
      },
      "c_27": {
        "x": 101.000053406,
        "y": 59.0
      },
      "c_28": {
        "x": 67.6667175293,
        "y": 44.0
      },
      "c_29": {
        "x": 112.000053406,
        "y": 82.0
      },
      "c_3": {
        "x": 38.0000495911,
        "y": 98.0
      },
      "c_30": {
        "x": 27.0000495911,
        "y": 44.5000495911
      },
      "c_31": {
        "x": 76.8000488281,
        "y": 107.0
      },
      "c_32": {
        "x": 82.0000534058,
        "y": 68.4999465942
      },
      "c_33": {
        "x": 95.0000534058,
        "y": 23.0
      },
      "c_34": {
        "x": 112.000053406,
        "y": 54.0
      },
      "c_35": {
        "x": 81.0000534058,
        "y": 48.9999504089
      },
      "c_36": {
        "x": 113.000053406,
        "y": 32.0
      },
      "c_37": {
        "x": 57.6667175293,
        "y": 47.0
      },
      "c_38": {
        "x": 76.0000534058,
        "y": 17.0
      },
      "c_39": {
        "x": 52.0000495911,
        "y": 63.0000495911
      },
      "c_4": {
        "x": 106.000053406,
        "y": 28.0
      },
      "c_40": {
        "x": 52.5000495911,
        "y": 89.4999465942
      },
      "c_41": {
        "x": 99.0000534058,
        "y": 32.0
      },
      "c_42": {
        "x": 17.0000495911,
        "y": 81.0
      },
      "c_43": {
        "x": 73.0000534058,
        "y": 35.0
      },
      "c_44": {
        "x": 96.0000534058,
        "y": 65.0
      },
      "c_45": {
        "x": 81.8000488281,
        "y": 106.0
      },
      "c_46": {
        "x": 107.000053406,
        "y": 51.0
      },
      "c_47": {
        "x": 54.0000495911,
        "y": 40.5000495911
      },
      "c_48": {
        "x": 66.3333816528,
        "y": 60.0
      },
      "c_49": {
        "x": 76.0000534058,
        "y": 51.4999504089
      },
      "c_5": {
        "x": 80.0000534058,
        "y": 73.5000534058
      },
      "c_50": {
        "x": 106.000053406,
        "y": 80.0
      },
      "c_51": {
        "x": 91.8000488281,
        "y": 104.0
      },
      "c_52": {
        "x": 80.0000534058,
        "y": 113.0
      },
      "c_53": {
        "x": 116.000053406,
        "y": 67.0
      },
      "c_54": {
        "x": 40.0000495911,
        "y": 47.0
      },
      "c_55": {
        "x": 68.0000534058,
        "y": 22.0
      },
      "c_56": {
        "x": 75.0000534058,
        "y": 28.0
      },
      "c_57": {
        "x": 36.0000495911,
        "y": 62.9999504089
      },
      "c_58": {
        "x": 89.0000534058,
        "y": 67.0
      },
      "c_59": {
        "x": 59.0000495911,
        "y": 38.0
      },
      "c_6": {
        "x": 44.0000495911,
        "y": 31.0
      },
      "c_60": {
        "x": 44.0000495911,
        "y": 108.0
      },
      "c_61": {
        "x": 96.8000488281,
        "y": 101.999946594
      },
      "c_62": {
        "x": 67.0000534058,
        "y": 37.0000495911
      },
      "c_63": {
        "x": 45.0000495911,
        "y": 77.0
      },
      "c_64": {
        "x": 51.0000495911,
        "y": 57.9999504089
      },
      "c_65": {
        "x": 19.0000495911,
        "y": 44.0
      },
      "c_66": {
        "x": 28.0000495911,
        "y": 92.0
      },
      "c_67": {
        "x": 81.0000534058,
        "y": 19.0
      },
      "c_68": {
        "x": 34.5000495911,
        "y": 80.0
      },
      "c_69": {
        "x": 52.0000495911,
        "y": 94.5000534058
      },
      "c_7": {
        "x": 17.0000495911,
        "y": 63.0000495911
      },
      "c_70": {
        "x": 64.0000534058,
        "y": 75.0
      },
      "c_71": {
        "x": 107.000053406,
        "y": 69.0000534058
      },
      "c_72": {
        "x": 38.0000495911,
        "y": 86.4999465942
      },
      "c_73": {
        "x": 31.0000495911,
        "y": 37.0
      },
      "c_74": {
        "x": 76.3333816528,
        "y": 63.0
      },
      "c_75": {
        "x": 71.3333816528,
        "y": 61.5001487732
      },
      "c_76": {
        "x": 36.0000495911,
        "y": 91.5000534058
      },
      "c_77": {
        "x": 28.0000495911,
        "y": 82.0
      },
      "c_78": {
        "x": 98.0000534058,
        "y": 107.000053406
      },
      "c_79": {
        "x": 106.000053406,
        "y": 87.0
      },
      "c_8": {
        "x": 73.0000534058,
        "y": 56.5000495911
      },
      "c_80": {
        "x": 51.0000495911,
        "y": 29.0
      },
      "c_81": {
        "x": 53.0000495911,
        "y": 77.0
      },
      "c_82": {
        "x": 66.0000534058,
        "y": 116.0
      },
      "c_83": {
        "x": 89.0000534058,
        "y": 74.9999465942
      },
      "c_84": {
        "x": 47.5000495911,
        "y": 86.0
      },
      "c_85": {
        "x": 100.500053406,
        "y": 71.0
      },
      "c_86": {
        "x": 18.0000495911,
        "y": 68.0001525879
      },
      "c_87": {
        "x": 110.000053406,
        "y": 63.9999504089
      },
      "c_88": {
        "x": 26.0000495911,
        "y": 39.4999504089
      },
      "c_89": {
        "x": 18.0000495911,
        "y": 57.9999504089
      },
      "c_9": {
        "x": 62.6667175293,
        "y": 46.0
      },
      "c_90": {
        "x": 56.0000495911,
        "y": 70.0
      },
      "c_91": {
        "x": 70.0000534058,
        "y": 67.0
      },
      "var_1": {
        "x": 54.0000495911,
        "y": 35.4999504089
      },
      "var_10": {
        "x": 91.0000534058,
        "y": 80.0000534058
      },
      "var_11": {
        "x": 88.0000534058,
        "y": 57.0
      },
      "var_12": {
        "x": 74.0000534058,
        "y": 46.4998512268
      },
      "var_13": {
        "x": 59.0000495911,
        "y": 91.0
      },
      "var_14": {
        "x": 91.6667175293,
        "y": 42.0
      },
      "var_15": {
        "x": 68.0000534058,
        "y": 84.0000991821
      },
      "var_16": {
        "x": 99.0000534058,
        "y": 53.0
      },
      "var_17": {
        "x": 42.0000495911,
        "y": 53.0
      },
      "var_18": {
        "x": 86.0000534058,
        "y": 87.0
      },
      "var_19": {
        "x": 45.0000495911,
        "y": 69.0
      },
      "var_2": {
        "x": 70.0000534058,
        "y": 92.0
      },
      "var_20": {
        "x": 86.6667175293,
        "y": 44.0
      },
      "var_3": {
        "x": 78.0000534058,
        "y": 93.0
      },