{
  "id": "59435ae3c693440981b21a4d661b0cc5",
  "layout": {
    "bounds": [
      15.0000495911,
      15.4999246597,
      342.750061035,
      341.750091553
    ],
    "vars": {
      "c_1": {
        "x": 15.0000495911,
        "y": 31.4999504089
      },
      "c_10": {
        "x": 55.5000495911,
        "y": 53.6666679382
      },
      "c_100": {
        "x": 263.000061035,
        "y": 273.666625977
      },
      "c_101": {
        "x": 248.500045776,
        "y": 262.500061035
      },
      "c_102": {
        "x": 255.000045776,
        "y": 257.499938965
      },
      "c_103": {
        "x": 253.500045776,
        "y": 262.500061035
      },
      "c_104": {
        "x": 250.000045776,
        "y": 257.499938965
      },
      "c_105": {
        "x": 232.500045776,
        "y": 246.500045776
      },
      "c_106": {
        "x": 237.500045776,
        "y": 247.000045776
      },
      "c_107": {
        "x": 238.500045776,
        "y": 241.999954224
      },
      "c_108": {
        "x": 233.500045776,
        "y": 241.499954224
      },
      "c_109": {
        "x": 214.000045776,
        "y": 228.0
      },
      "c_11": {
        "x": 50.5000495911,
        "y": 55.4999504089
      },
      "c_110": {
        "x": 220.000045776,
        "y": 230.000061035
      },
      "c_111": {
        "x": 219.000045776,
        "y": 224.999969482
      },
      "c_112": {
        "x": 224.000045776,
        "y": 224.999969482
      },
      "c_113": {
        "x": 197.000045776,
        "y": 211.0
      },
      "c_114": {
        "x": 207.000045776,
        "y": 207.999969482
      },
      "c_115": {
        "x": 202.000045776,
        "y": 207.999969482
      },
      "c_116": {
        "x": 203.000045776,
        "y": 213.000061035
      },
      "c_117": {
        "x": 187.000045776,
        "y": 189.999954224
      },
      "c_118": {
        "x": 187.500045776,
        "y": 195.000045776
      },
      "c_119": {
        "x": 182.500045776,
        "y": 196.500045776
      },
      "c_12": {
        "x": 55.5000495911,
        "y": 58.6667671204
      },
      "c_120": {
        "x": 182.000045776,
        "y": 191.499954224
      },
      "c_121": {
        "x": 163.000045776,
        "y": 177.0
      },
      "c_122": {
        "x": 173.000045776,
        "y": 173.999969482
      },
      "c_123": {
        "x": 169.000045776,
        "y": 179.000061035
      },
      "c_124": {
        "x": 168.000045776,
        "y": 173.999969482
      },
      "c_125": {
        "x": 149.500045776,
        "y": 155.499954224
      },
      "c_126": {
        "x": 154.500045776,
        "y": 154.499954224
      },
      "c_127": {
        "x": 149.500045776,
        "y": 160.500045776
      },
      "c_128": {
        "x": 154.500045776,
        "y": 159.500045776
      },
      "c_129": {
        "x": 137.500045776,
        "y": 142.000045776
      },
      "c_13": {
        "x": 78.0000534058,
        "y": 62.5000762939
      },
      "c_130": {
        "x": 133.000045776,
        "y": 136.999954224
      },
      "c_131": {
        "x": 132.500045776,
        "y": 142.000045776
      },
      "c_132": {
        "x": 138.000045776,
        "y": 136.999954224
      },
      "c_133": {
        "x": 119.500053406,
        "y": 123.500053406
      },
      "c_134": {
        "x": 114.500053406,
        "y": 125.500053406
      },
      "c_135": {
        "x": 114.500053406,
        "y": 120.499946594
      },
      "c_136": {
        "x": 119.500053406,
        "y": 118.499946594
      },
      "c_137": {
        "x": 101.000053406,
        "y": 101.999931335
      },
      "c_138": {
        "x": 99.3333816528,
        "y": 107.000030518
      },
      "c_139": {
        "x": 104.333381653,
        "y": 107.000030518
      },
      "c_14": {
        "x": 83.0000534058,
        "y": 62.5000762939
      },
      "c_140": {
        "x": 94.3333816528,
        "y": 106.0
      },
      "c_141": {
        "x": 83.0000534058,
        "y": 92.6667327881
      },
      "c_142": {
        "x": 87.6667175293,
        "y": 87.666633606
      },
      "c_143": {
        "x": 77.6667175293,
        "y": 90.0
      },
      "c_144": {
        "x": 82.6667175293,
        "y": 87.666633606
      },
      "c_145": {
        "x": 74.5000534058,
        "y": 72.0
      },
      "c_146": {
        "x": 69.5000534058,
        "y": 72.0
      },
      "c_147": {
        "x": 64.5000534058,
        "y": 73.0
      },
      "c_148": {
        "x": 59.5000495911,
        "y": 74.0
      },
      "c_149": {
        "x": 64.8000488281,
        "y": 48.0000495911
      },
      "c_15": {
        "x": 81.0000534058,
        "y": 57.4999732971
      },
      "c_150": {
        "x": 59.8000488281,
        "y": 47.0
      },
      "c_151": {
        "x": 69.8000488281,
        "y": 45.0
      },
      "c_152": {
        "x": 64.8000488281,
        "y": 42.9999504089
      },
      "c_153": {
        "x": 46.5000495911,
        "y": 31.0
      },
      "c_154": {
        "x": 51.5000495911,
        "y": 25.9999504089
      },
      "c_155": {
        "x": 56.5000495911,
        "y": 28.0
      },
      "c_156": {
        "x": 51.5000495911,
        "y": 31.0000495911
      },
      "c_157": {
        "x": 34.0000495911,
        "y": 25.500125885
      },
      "c_158": {
        "x": 32.5000495911,
        "y": 15.4999246597
      },
      "c_159": {
        "x": 35.0000495911,
        "y": 20.5000247955
      },
      "c_16": {
        "x": 82.0000534058,
        "y": 52.499874115
      },
      "c_160": {
        "x": 37.5000495911,
        "y": 15.4999246597
      },
      "c_17": {
        "x": 99.0000534058,
        "y": 68.2499465942
      },
      "c_18": {
        "x": 97.5000534058,
        "y": 73.2500534058
      },
      "c_19": {
        "x": 104.000053406,
        "y": 68.2499465942
      },
      "c_2": {
        "x": 25.0000495911,
        "y": 33.0
      },
      "c_20": {
        "x": 102.500053406,
        "y": 73.2500534058
      },
      "c_21": {
        "x": 115.500053406,
        "y": 90.5000534058
      },
      "c_22": {
        "x": 120.500053406,
        "y": 88.5000534058
      },
      "c_23": {
        "x": 115.500053406,
        "y": 85.4999465942
      },
      "c_24": {
        "x": 120.500053406,
        "y": 83.4999465942
      },
      "c_25": {
        "x": 138.000045776,
        "y": 100.499946594
      },
      "c_26": {
        "x": 138.500045776,
        "y": 105.500053406
      },
      "c_27": {
        "x": 133.000045776,
        "y": 101.999946594
      },
      "c_28": {
        "x": 133.500045776,
        "y": 107.000053406
      },
      "c_29": {
        "x": 155.500045776,
        "y": 117.499946594
      },
      "c_3": {
        "x": 20.0000495911,
        "y": 34.0
      },
      "c_30": {
        "x": 156.000045776,
        "y": 122.500053406
      },
      "c_31": {
        "x": 150.500045776,
        "y": 118.999946594
      },
      "c_32": {
        "x": 151.000045776,
        "y": 124.000053406
      },
      "c_33": {
        "x": 175.000045776,
        "y": 138.0
      },
      "c_34": {
        "x": 169.000045776,
        "y": 135.666595459
      },
      "c_35": {
        "x": 170.000045776,
        "y": 140.666702271
      },
      "c_36": {
        "x": 165.000045776,
        "y": 140.666702271
      },
      "c_37": {
        "x": 183.500045776,
        "y": 160.000045776
      },
      "c_38": {
        "x": 190.000045776,
        "y": 154.999954224
      },
      "c_39": {
        "x": 185.000045776,
        "y": 154.999954224
      },
      "c_4": {
        "x": 15.0000495911,
        "y": 36.5000495911
      },
      "c_40": {
        "x": 188.500045776,
        "y": 160.000045776
      },
      "c_41": {
        "x": 201.250045776,
        "y": 172.499954224
      },
      "c_42": {
        "x": 201.250045776,
        "y": 177.500045776
      },
      "c_43": {
        "x": 206.250045776,