{
  "id": "5a2b751651a08aaa915d76df84667b89",
  "layout": {
    "bounds": [
      49.0000495911,
      50.666633606,
      142.250045776,
      137.666763306
    ],
    "vars": {
      "c_1": {
        "x": 51.2500495911,
        "y": 85.5000534058
      },
      "c_10": {
        "x": 133.000045776,
        "y": 113.500053406
      },
      "c_100": {
        "x": 128.000045776,
        "y": 116.0
      },
      "c_101": {
        "x": 123.000053406,
        "y": 127.000053406
      },
      "c_102": {
        "x": 123.500053406,
        "y": 124.999946594
      },
      "c_103": {
        "x": 125.000053406,
        "y": 127.500053406
      },
      "c_104": {
        "x": 125.500053406,
        "y": 125.499946594
      },
      "c_105": {
        "x": 106.500053406,
        "y": 99.0
      },
      "c_106": {
        "x": 100.500053406,
        "y": 100.0
      },
      "c_107": {
        "x": 104.500053406,
        "y": 99.0
      },
      "c_108": {
        "x": 102.500053406,
        "y": 100.0
      },
      "c_109": {
        "x": 116.500053406,
        "y": 107.999946594
      },
      "c_11": {
        "x": 134.000045776,
        "y": 111.499946594
      },
      "c_110": {
        "x": 117.000053406,
        "y": 110.000053406
      },
      "c_111": {
        "x": 114.500053406,
        "y": 108.499946594
      },
      "c_112": {
        "x": 115.000053406,
        "y": 110.500053406
      },
      "c_113": {
        "x": 97.3333816528,
        "y": 135.666671753
      },
      "c_114": {
        "x": 97.3333816528,
        "y": 137.666763306
      },
      "c_115": {
        "x": 96.0000534058,
        "y": 133.666564941
      },
      "c_116": {
        "x": 95.3333816528,
        "y": 136.0
      },
      "c_117": {
        "x": 104.000053406,
        "y": 129.0
      },
      "c_118": {
        "x": 108.000053406,
        "y": 130.0
      },
      "c_119": {
        "x": 106.000053406,
        "y": 129.0
      },
      "c_12": {
        "x": 137.000045776,
        "y": 113.0
      },
      "c_120": {
        "x": 102.000053406,
        "y": 128.0
      },
      "c_121": {
        "x": 122.500053406,
        "y": 74.0000534058
      },
      "c_122": {
        "x": 121.500053406,
        "y": 71.9999465942
      },
      "c_123": {
        "x": 124.500053406,
        "y": 74.0000534058
      },
      "c_124": {
        "x": 123.500053406,
        "y": 71.9999465942
      },
      "c_125": {
        "x": 131.500045776,
        "y": 71.4999465942
      },
      "c_126": {
        "x": 133.500045776,
        "y": 71.4999465942
      },
      "c_127": {
        "x": 131.500045776,
        "y": 73.5000534058
      },
      "c_128": {
        "x": 133.500045776,
        "y": 73.5000534058
      },
      "c_129": {
        "x": 102.500053406,
        "y": 96.5000534058
      },
      "c_13": {
        "x": 118.250053406,
        "y": 61.4999504089
      },
      "c_130": {
        "x": 102.666717529,
        "y": 94.4999465942
      },
      "c_131": {
        "x": 100.500053406,
        "y": 96.0000534058
      },
      "c_132": {
        "x": 100.666717529,
        "y": 93.9999465942
      },
      "c_133": {
        "x": 115.000053406,
        "y": 85.0
      },
      "c_134": {
        "x": 113.000053406,
        "y": 84.5000534058
      },
      "c_135": {
        "x": 113.000053406,
        "y": 82.4999465942
      },
      "c_136": {
        "x": 111.000053406,
        "y": 84.0
      },
      "c_137": {
        "x": 136.250045776,
        "y": 99.0
      },
      "c_138": {
        "x": 140.250045776,
        "y": 98.0
      },
      "c_139": {
        "x": 138.250045776,
        "y": 98.0
      },
      "c_14": {
        "x": 118.250053406,
        "y": 63.5000495911
      },
      "c_140": {
        "x": 142.250045776,
        "y": 98.0
      },
      "c_141": {
        "x": 133.000045776,
        "y": 93.0000991821
      },
      "c_142": {
        "x": 132.000045776,
        "y": 88.9999008179
      },
      "c_143": {
        "x": 131.500045776,
        "y": 91.0
      },
      "c_144": {
        "x": 133.500045776,
        "y": 91.0
      },
      "c_145": {
        "x": 51.0000495911,
        "y": 72.4999465942
      },
      "c_146": {
        "x": 49.0000495911,
        "y": 73.0
      },
      "c_147": {
        "x": 51.0000495911,
        "y": 74.5000534058
      },
      "c_148": {
        "x": 53.0000495911,
        "y": 73.0
      },
      "c_149": {
        "x": 62.5000495911,
        "y": 71.0
      },
      "c_15": {
        "x": 120.250053406,
        "y": 62.0
      },
      "c_150": {
        "x": 60.5000495911,
        "y": 70.6667327881
      },
      "c_151": {
        "x": 60.0000495911,
        "y": 68.666633606
      },
      "c_152": {
        "x": 62.0000495911,
        "y": 68.666633606
      },
      "c_153": {
        "x": 72.5000534058,
        "y": 62.0
      },
      "c_154": {
        "x": 70.5000534058,
        "y": 62.0
      },
      "c_155": {
        "x": 70.0000534058,
        "y": 64.0000991821
      },
      "c_156": {
        "x": 72.0000534058,
        "y": 59.9999008179
      },
      "c_157": {
        "x": 57.5000495911,
        "y": 60.9999504089
      },
      "c_158": {
        "x": 59.5000495911,
        "y": 60.9999504089
      },
      "c_159": {
        "x": 59.5000495911,
        "y": 63.0000495911
      },
      "c_16": {
        "x": 122.250053406,
        "y": 62.0
      },
      "c_160": {
        "x": 57.5000495911,
        "y": 63.0000495911
      },
      "c_17": {
        "x": 94.3333816528,
        "y": 67.666633606
      },
      "c_18": {
        "x": 96.3333816528,
        "y": 67.666633606
      },
      "c_19": {
        "x": 95.0000534058,
        "y": 69.6667327881
      },
      "c_2": {
        "x": 53.2500495911,
        "y": 85.0
      },
      "c_20": {
        "x": 92.3333816528,
        "y": 68.0
      },
      "c_21": {
        "x": 89.5000534058,
        "y": 50.9999504089
      },
      "c_22": {
        "x": 90.5000534058,
        "y": 53.0000495911
      },
      "c_23": {
        "x": 88.5000534058,
        "y": 53.0000495911
      },
      "c_24": {
        "x": 87.5000534058,
        "y": 50.9999504089
      },
      "c_25": {
        "x": 71.5000534058,
        "y": 107.999923706
      },
      "c_26": {
        "x": 72.0000534058,
        "y": 112.00012207
      },
      "c_27": {
        "x": 73.5000534058,
        "y": 107.999923706
      },
      "c_28": {
        "x": 72.0000534058,
        "y": 110.000022888
      },
      "c_29": {
        "x": 53.7500495911,
        "y": 114.0
      },
      "c_3": {
        "x": 51.2500495911,
        "y": 83.4999465942
      },
      "c_30": {
        "x": 55.7500495911,
        "y": 115.500053406
      },
      "c_31": {
        "x": 55.7500495911,
        "y": 113.499946594
      },
      "c_32": {
        "x": 57.7500495911,
        "y": 114.0
      },
      "c_33": {
        "x": 104.500053406,
        "y": 115.0
      },
      "c_34": {
        "x": 106.500053406,
        "y": 116.000053406
      },
      "c_35": {
        "x": 108.500053406,
        "y": 115.0
      },
      "c_36": {
        "x": 106.500053406,
        "y": 113.999946594
      },
      "c_37": {
        "x": 109.666717529,
        "y": 134.0
      },
      "c_38": {
        "x": 111.666717529,
        "y": 135.0
      },
      "c_39": {
        "x": 111.000053406,
        "y": 131.999893188
      },
      "c_4": {
        "x": 55.2500495911,
        "y": 84.0
      },
      "c_40": {
        "x": 109.666717529,