{
  "id": "725680207e467fc413184be6947cbe20",
  "layout": {
    "bounds": [
      51.0000495911,
      50.0,
      92.0000534058,
      89.0
    ],
    "vars": {
      "c_1": {
        "x": 60.7143363953,
        "y": 81.0
      },
      "c_10": {
        "x": 72.0000534058,
        "y": 72.0
      },
      "c_11": {
        "x": 78.5000534058,
        "y": 60.0000495911
      },
      "c_12": {
        "x": 78.0000534058,
        "y": 71.0000534058
      },
      "c_13": {
        "x": 78.0000534058,
        "y": 68.9999465942
      },
      "c_14": {
        "x": 70.0000534058,
        "y": 74.9999237061
      },
      "c_15": {
        "x": 61.3333816528,
        "y": 68.9999008179
      },
      "c_16": {
        "x": 58.0000495911,
        "y": 67.6667633057
      },
      "c_17": {
        "x": 51.0000495911,
        "y": 63.0
      },
      "c_18": {
        "x": 61.0000495911,
        "y": 55.9999504089
      },
      "c_19": {
        "x": 54.0000495911,
        "y": 62.3998985291
      },
      "c_2": {
        "x": 51.5000495911,
        "y": 84.0
      },
      "c_20": {
        "x": 64.0000534058,
        "y": 54.9999504089
      },
      "c_21": {
        "x": 57.3333816528,
        "y": 59.0
      },
      "c_22": {
        "x": 66.0000534058,
        "y": 64.0000534058
      },
      "c_23": {
        "x": 55.0000495911,
        "y": 64.4000015259
      },
      "c_24": {
        "x": 56.0000495911,
        "y": 74.0
      },
      "c_25": {
        "x": 54.0000495911,
        "y": 75.9999465942
      },
      "c_26": {
        "x": 65.5000534058,
        "y": 85.0
      },
      "c_27": {
        "x": 64.6667175293,
        "y": 78.0
      },
      "c_28": {
        "x": 61.0000495911,
        "y": 87.0
      },
      "c_29": {
        "x": 68.0000534058,
        "y": 87.0000534058
      },
      "c_3": {
        "x": 53.5000495911,
        "y": 85.0
      },
      "c_30": {
        "x": 75.7500534058,
        "y": 82.0000534058
      },
      "c_31": {
        "x": 90.200050354,
        "y": 74.0000534058
      },
      "c_32": {
        "x": 83.0000534058,
        "y": 83.0
      },
      "c_33": {
        "x": 85.0000534058,
        "y": 83.0
      },
      "c_34": {
        "x": 88.200050354,
        "y": 72.9999465942
      },
      "c_35": {
        "x": 86.0000534058,
        "y": 66.0
      },
      "c_36": {
        "x": 78.0000534058,
        "y": 52.9999504089
      },
      "c_37": {
        "x": 78.0000534058,
        "y": 57.9999504089
      },
      "c_38": {
        "x": 88.0000534058,
        "y": 53.0
      },
      "c_39": {
        "x": 81.0000534058,
        "y": 50.0
      },
      "c_4": {
        "x": 62.6667175293,
        "y": 76.0
      },
      "c_40": {
        "x": 80.5000534058,
        "y": 54.0
      },
      "c_41": {
        "x": 78.5000534058,
        "y": 55.0000495911
      },
      "c_42": {
        "x": 84.0000534058,
        "y": 60.0000495911
      },
      "c_43": {
        "x": 87.0000534058,
        "y": 63.0
      },
      "c_44": {
        "x": 89.0000534058,
        "y": 66.0
      },
      "c_45": {
        "x": 90.200050354,
        "y": 71.9999465942
      },
      "c_46": {
        "x": 88.200050354,
        "y": 75.0000534058
      },
      "c_47": {
        "x": 86.200050354,
        "y": 74.0
      },
      "c_48": {
        "x": 80.0000534058,
        "y": 78.0
      },
      "c_49": {
        "x": 77.7500534058,
        "y": 76.0
      },
      "c_5": {
        "x": 60.6667175293,
        "y": 76.0
      },
      "c_50": {
        "x": 68.7143325806,
        "y": 81.9999465942
      },
      "c_51": {
        "x": 64.7143325806,
        "y": 81.9999694824
      },
      "c_52": {
        "x": 63.0000495911,
        "y": 84.0000686646
      },
      "c_53": {
        "x": 62.7143363953,
        "y": 81.9999694824
      },
      "c_54": {
        "x": 71.5000534058,
        "y": 84.0000991821
      },
      "c_55": {
        "x": 75.0000534058,
        "y": 89.0
      },
      "c_56": {
        "x": 71.0000534058,
        "y": 82.0
      },
      "c_57": {
        "x": 60.0000495911,
        "y": 73.0000991821
      },
      "c_58": {
        "x": 61.0000495911,
        "y": 71.0
      },
      "c_59": {
        "x": 55.0000495911,
        "y": 66.400100708
      },
      "c_6": {
        "x": 73.7500534058,
        "y": 81.4999465942
      },
      "c_60": {
        "x": 57.6667175293,
        "y": 63.6665649414
      },
      "c_61": {
        "x": 65.3333816528,
        "y": 69.0
      },
      "c_62": {
        "x": 65.0000534058,
        "y": 57.4999504089
      },
      "c_63": {
        "x": 64.0000534058,
        "y": 59.5000495911
      },
      "c_64": {
        "x": 63.0000495911,
        "y": 57.0000495911
      },
      "c_65": {
        "x": 64.0000534058,
        "y": 62.0
      },
      "c_66": {
        "x": 51.0000495911,
        "y": 70.0
      },
      "c_67": {
        "x": 77.0000534058,
        "y": 85.0
      },
      "c_68": {
        "x": 89.0000534058,
        "y": 58.0
      },
      "c_69": {
        "x": 71.0000534058,
        "y": 64.0
      },
      "c_7": {
        "x": 73.7500534058,
        "y": 83.5000534058
      },
      "c_70": {
        "x": 66.7143325806,
        "y": 81.0
      },
      "c_71": {
        "x": 73.7500534058,
        "y": 75.0
      },
      "c_72": {
        "x": 83.0000534058,
        "y": 89.0
      },
      "c_73": {
        "x": 83.0000534058,
        "y": 76.5000534058
      },
      "c_74": {
        "x": 69.0000534058,
        "y": 66.9999465942
      },
      "c_75": {
        "x": 74.0000534058,
        "y": 69.0
      },
      "c_76": {
        "x": 72.0000534058,
        "y": 67.0
      },
      "c_77": {
        "x": 76.5000534058,
        "y": 63.9999504089
      },
      "c_78": {
        "x": 73.7500534058,
        "y": 79.0
      },
      "c_79": {
        "x": 70.5000534058,
        "y": 58.0
      },
      "c_8": {
        "x": 76.0000534058,
        "y": 79.9999465942
      },
      "c_80": {
        "x": 81.5000534058,
        "y": 66.0
      },
      "c_9": {
        "x": 79.0000534058,
        "y": 74.0
      },
      "var_1": {
        "x": 72.0000534058,
        "y": 87.0
      },
      "var_10": {
        "x": 83.0000534058,
        "y": 52.0
      },
      "var_11": {
        "x": 67.0000534058,
        "y": 74.9999237061
      },
      "var_12": {
        "x": 54.0000495911,
        "y": 68.4001998901
      },
      "var_13": {
        "x": 74.0000534058,
        "y": 65.0
      },
      "var_14": {
        "x": 68.5000534058,
        "y": 59.0
      },
      "var_15": {
        "x": 66.0000534058,
        "y": 61.9999504089
      },
      "var_16": {
        "x": 69.0000534058,
        "y": 79.0001220703
      },
      "var_17": {
        "x": 55.0000495911,
        "y": 78.0000534058
      },
      "var_18": {
        "x": 77.0000534058,
        "y": 66.0000534058
      },
      "var_19": {
        "x": 71.0000534058,
        "y": 79.9999008179
      },
      "var_2": {
        "x": 70.0000534058,
        "y": 77.0000228882
      },
      "var_20": {
        "x": 83.5000534058,
        "y": 67.0
      },
      "var_21": {
        "x": 80.0000534058,
        "y": 82.0
      },
      "var_22": {
        "x": 58.0000495911,
        "y": 86.0
      },
      "var_23": {
        "x": 61.6667175293,
        "y": 62.0
      },
      "var_24": {
        "x": 78.0000534058,
        "y": 87.0000991821
      },
      "var_25": {
        "x": 82.0000534058,
        "y": 69.4999465942
      },