{
  "id": "78e294fb66e84d700ec65196920902d3",
  "layout": {
    "bounds": [
      17.0000495911,
      15.166516304,
      110.500053406,
      109.000099182
    ],
    "vars": {
      "c_1": {
        "x": 105.500053406,
        "y": 20.1666164398
      },
      "c_10": {
        "x": 110.500053406,
        "y": 20.1666164398
      },
      "c_11": {
        "x": 88.0000534058,
        "y": 18.7498493195
      },
      "c_12": {
        "x": 109.000053406,
        "y": 30.1668167114
      },
      "c_13": {
        "x": 92.0000534058,
        "y": 28.7500495911
      },
      "c_14": {
        "x": 90.0000534058,
        "y": 23.7499504089
      },
      "c_15": {
        "x": 73.0000534058,
        "y": 18.0
      },
      "c_16": {
        "x": 90.0000534058,
        "y": 33.7501487732
      },
      "c_17": {
        "x": 75.0000534058,
        "y": 89.0
      },
      "c_18": {
        "x": 59.0000495911,
        "y": 89.0
      },
      "c_19": {
        "x": 67.0000534058,
        "y": 104.0
      },
      "c_2": {
        "x": 106.000053406,
        "y": 15.166516304
      },
      "c_20": {
        "x": 58.2500495911,
        "y": 102.999969482
      },
      "c_21": {
        "x": 62.0000495911,
        "y": 80.0
      },
      "c_22": {
        "x": 38.0000495911,
        "y": 87.0
      },
      "c_23": {
        "x": 49.0000495911,
        "y": 95.0
      },
      "c_24": {
        "x": 39.0000495911,
        "y": 94.0
      },
      "c_25": {
        "x": 70.0000534058,
        "y": 90.0
      },
      "c_26": {
        "x": 54.0000495911,
        "y": 92.0
      },
      "c_27": {
        "x": 65.0000534058,
        "y": 109.000099182
      },
      "c_28": {
        "x": 56.0000495911,
        "y": 108.000068665
      },
      "c_29": {
        "x": 57.0000495911,
        "y": 82.0
      },
      "c_3": {
        "x": 83.0000534058,
        "y": 18.0
      },
      "c_30": {
        "x": 33.0000495911,
        "y": 85.0
      },
      "c_31": {
        "x": 44.0000495911,
        "y": 96.9999465942
      },
      "c_32": {
        "x": 34.0000495911,
        "y": 95.0
      },
      "c_33": {
        "x": 44.0000495911,
        "y": 42.4999504089
      },
      "c_34": {
        "x": 25.5000495911,
        "y": 47.0
      },
      "c_35": {
        "x": 30.5000495911,
        "y": 41.0
      },
      "c_36": {
        "x": 27.0000495911,
        "y": 62.0
      },
      "c_37": {
        "x": 40.0000495911,
        "y": 28.0000495911
      },
      "c_38": {
        "x": 20.5000495911,
        "y": 25.0
      },
      "c_39": {
        "x": 25.5000495911,
        "y": 22.9999008179
      },
      "c_4": {
        "x": 105.333381653,
        "y": 25.1667175293
      },
      "c_40": {
        "x": 30.5000495911,
        "y": 47.0
      },
      "c_41": {
        "x": 47.0000495911,
        "y": 23.0
      },
      "c_42": {
        "x": 34.0000495911,
        "y": 29.0
      },
      "c_43": {
        "x": 38.0000495911,
        "y": 22.9999504089
      },
      "c_44": {
        "x": 42.0000495911,
        "y": 47.5000495911
      },
      "c_45": {
        "x": 38.0000495911,
        "y": 35.0
      },
      "c_46": {
        "x": 17.0000495911,
        "y": 44.0
      },
      "c_47": {
        "x": 21.0000495911,
        "y": 31.3332328796
      },
      "c_48": {
        "x": 26.0000495911,
        "y": 53.0
      },
      "c_49": {
        "x": 60.5000495911,
        "y": 29.0
      },
      "c_5": {
        "x": 98.0000534058,
        "y": 44.6666679382
      },
      "c_50": {
        "x": 39.0000495911,
        "y": 66.9999465942
      },
      "c_51": {
        "x": 36.0000495911,
        "y": 74.0
      },
      "c_52": {
        "x": 65.5000534058,
        "y": 28.0
      },
      "c_53": {
        "x": 81.0000534058,
        "y": 66.0
      },
      "c_54": {
        "x": 43.0000495911,
        "y": 72.0000534058
      },
      "c_6": {
        "x": 97.0000534058,
        "y": 39.6665649414
      },
      "c_7": {
        "x": 82.0000534058,
        "y": 40.0
      },
      "c_8": {
        "x": 98.0000534058,
        "y": 49.6667671204
      },
      "c_9": {
        "x": 110.333381653,
        "y": 25.1667175293
      },
      "var_1": {
        "x": 97.0000534058,
        "y": 16.4999504089
      },
      "var_10": {
        "x": 49.0000495911,
        "y": 84.0
      },
      "var_11": {
        "x": 63.2500495911,
        "y": 98.9999008179
      },
      "var_12": {
        "x": 44.0000495911,
        "y": 85.5000534058
      },
      "var_13": {
        "x": 72.0000534058,
        "y": 77.0
      },
      "var_14": {
        "x": 44.0000495911,
        "y": 80.4999465942
      },
      "var_15": {
        "x": 53.2500495911,
        "y": 102.999969482
      },
      "var_16": {
        "x": 46.0000495911,
        "y": 102.000053406
      },
      "var_17": {
        "x": 35.0000495911,
        "y": 53.0
      },
      "var_18": {
        "x": 29.0000495911,
        "y": 33.0000991821
      },
      "var_19": {
        "x": 46.5000495911,
        "y": 33.0
      },
      "var_2": {
        "x": 89.0000534058,
        "y": 52.0
      },
      "var_20": {
        "x": 25.5000495911,
        "y": 41.3334350586
      },
      "var_21": {
        "x": 51.5000495911,
        "y": 32.0
      },
      "var_22": {
        "x": 24.0000495911,
        "y": 36.3333320618
      },
      "var_23": {
        "x": 28.0000495911,
        "y": 28.0
      },
      "var_24": {
        "x": 36.0000495911,
        "y": 59.0
      },
      "var_3": {
        "x": 100.000053406,
        "y": 21.5000495911
      },
      "var_4": {
        "x": 79.5000534058,
        "y": 27.0
      },
      "var_5": {
        "x": 103.000053406,
        "y": 32.3333320618
      },
      "var_6": {
        "x": 100.333381653,
        "y": 27.3332328796
      },
      "var_7": {
        "x": 74.5000534058,
        "y": 28.0
      },
      "var_8": {
        "x": 102.000053406,
        "y": 37.3334350586
      },
      "var_9": {
        "x": 68.2500534058,
        "y": 96.0
      }
    }
  }
}
