{
  "id": "aa97b70bb550ee50b6ee0e895a196581",
  "layout": {
    "bounds": [
      17.0000495911,
      17.0,
      124.000053406,
      119.0
    ],
    "vars": {
      "c_1": {
        "x": 100.000053406,
        "y": 80.0
      },
      "c_10": {
        "x": 67.0000534058,
        "y": 58.0
      },
      "c_11": {
        "x": 43.0000495911,
        "y": 50.4999504089
      },
      "c_12": {
        "x": 61.8889389038,
        "y": 66.856842041
      },
      "c_13": {
        "x": 65.0000534058,
        "y": 71.8569412231
      },
      "c_14": {
        "x": 93.0000534058,
        "y": 85.0
      },
      "c_15": {
        "x": 100.000053406,
        "y": 59.9999504089
      },
      "c_16": {
        "x": 111.857192993,
        "y": 54.0
      },
      "c_17": {
        "x": 114.000053406,
        "y": 28.0
      },
      "c_18": {
        "x": 84.5000534058,
        "y": 33.0
      },
      "c_19": {
        "x": 97.5000534058,
        "y": 28.0
      },
      "c_2": {
        "x": 121.000053406,
        "y": 88.0000534058
      },
      "c_20": {
        "x": 70.0000534058,
        "y": 23.0
      },
      "c_21": {
        "x": 82.0000534058,
        "y": 17.0
      },
      "c_22": {
        "x": 66.0000534058,
        "y": 31.0
      },
      "c_23": {
        "x": 92.5000534058,
        "y": 27.0
      },
      "c_24": {
        "x": 89.5000534058,
        "y": 33.0
      },
      "c_25": {
        "x": 94.5000534058,
        "y": 36.0
      },
      "c_26": {
        "x": 82.0000534058,
        "y": 66.0
      },
      "c_27": {
        "x": 88.0000534058,
        "y": 64.0
      },
      "c_28": {
        "x": 93.0000534058,
        "y": 62.0
      },
      "c_29": {
        "x": 58.0000495911,
        "y": 56.3334350586
      },
      "c_3": {
        "x": 123.000053406,
        "y": 82.9999465942
      },
      "c_30": {
        "x": 56.8889389038,
        "y": 63.0
      },
      "c_31": {
        "x": 25.0000495911,
        "y": 77.5000534058
      },
      "c_32": {
        "x": 21.8889389038,
        "y": 72.4999465942
      },
      "c_33": {
        "x": 29.5000495911,
        "y": 85.0
      },
      "c_34": {
        "x": 31.0000495911,
        "y": 96.0
      },
      "c_35": {
        "x": 31.0000495911,
        "y": 75.5000534058
      },
      "c_36": {
        "x": 36.0000495911,
        "y": 41.0
      },
      "c_37": {
        "x": 42.0000495911,
        "y": 55.5000495911
      },
      "c_38": {
        "x": 17.0000495911,
        "y": 44.0
      },
      "c_39": {
        "x": 24.0000495911,
        "y": 30.0
      },
      "c_4": {
        "x": 96.0000534058,
        "y": 72.0001983643
      },
      "c_40": {
        "x": 41.0000495911,
        "y": 38.0
      },
      "c_41": {
        "x": 46.0000495911,
        "y": 41.0
      },
      "c_42": {
        "x": 37.0000495911,
        "y": 55.0
      },
      "c_43": {
        "x": 31.8889389038,
        "y": 68.0
      },
      "c_44": {
        "x": 43.0000495911,
        "y": 87.0
      },
      "c_45": {
        "x": 46.3333816528,
        "y": 103.0
      },
      "c_46": {
        "x": 54.0000495911,
        "y": 106.000068665
      },
      "c_47": {
        "x": 56.3333816528,
        "y": 100.999969482
      },
      "c_48": {
        "x": 66.0000534058,
        "y": 103.0
      },
      "c_49": {
        "x": 76.0000534058,
        "y": 100.0
      },
      "c_5": {
        "x": 97.0000534058,
        "y": 67.0000991821
      },
      "c_50": {
        "x": 85.0000534058,
        "y": 99.0
      },
      "c_51": {
        "x": 103.250053406,
        "y": 94.0
      },
      "c_52": {
        "x": 102.000053406,
        "y": 99.5000534058
      },
      "c_53": {
        "x": 108.250053406,
        "y": 91.0
      },
      "c_54": {
        "x": 82.0000534058,
        "y": 104.499946594
      },
      "c_55": {
        "x": 81.0000534058,
        "y": 119.0
      },
      "c_56": {
        "x": 85.0000534058,
        "y": 109.500053406
      },
      "c_57": {
        "x": 110.000053406,
        "y": 83.5000762939
      },
      "c_58": {
        "x": 115.000053406,
        "y": 83.5000762939
      },
      "c_59": {
        "x": 116.857192993,
        "y": 55.0
      },
      "c_6": {
        "x": 62.6667175293,
        "y": 91.8573455811
      },
      "c_60": {
        "x": 91.8571929932,
        "y": 44.0
      },
      "c_61": {
        "x": 113.000053406,
        "y": 78.4999771118
      },
      "c_62": {
        "x": 112.000053406,
        "y": 62.0
      },
      "c_63": {
        "x": 106.857192993,
        "y": 52.0000495911
      },
      "c_64": {
        "x": 107.000053406,
        "y": 46.9999504089
      },
      "c_65": {
        "x": 101.857192993,
        "y": 48.0
      },
      "c_66": {
        "x": 121.857192993,
        "y": 55.0
      },
      "c_67": {
        "x": 77.0000534058,
        "y": 106.0
      },
      "c_68": {
        "x": 32.0000495911,
        "y": 59.0
      },
      "c_69": {
        "x": 77.0000534058,
        "y": 43.9999504089
      },
      "c_7": {
        "x": 62.0000495911,
        "y": 81.8571395874
      },
      "c_70": {
        "x": 98.2500534058,
        "y": 94.4999465942
      },
      "c_71": {
        "x": 64.0000534058,
        "y": 76.8570404053
      },
      "c_72": {
        "x": 35.5000495911,
        "y": 83.9999465942
      },
      "c_73": {
        "x": 51.3333816528,
        "y": 100.999969482
      },
      "c_74": {
        "x": 77.0000534058,
        "y": 59.0
      },
      "c_75": {
        "x": 69.0000534058,
        "y": 65.9999465942
      },
      "c_76": {
        "x": 88.0000534058,
        "y": 79.0
      },
      "c_77": {
        "x": 72.0000534058,
        "y": 71.0000534058
      },
      "c_78": {
        "x": 71.0000534058,
        "y": 99.0
      },
      "c_79": {
        "x": 58.0000495911,
        "y": 30.0
      },
      "c_8": {
        "x": 62.0000495911,
        "y": 86.8572463989
      },
      "c_80": {
        "x": 32.0000495911,
        "y": 52.0
      },
      "c_9": {
        "x": 46.8889389038,
        "y": 68.0
      },
      "var_1": {
        "x": 94.0000534058,
        "y": 112.0
      },
      "var_10": {
        "x": 27.0000495911,
        "y": 44.0000495911
      },
      "var_11": {
        "x": 93.2500534058,
        "y": 92.0
      },
      "var_12": {
        "x": 102.666717529,
        "y": 41.0
      },
      "var_13": {
        "x": 52.5000495911,
        "y": 48.0
      },
      "var_14": {
        "x": 91.0000534058,
        "y": 56.9999008179
      },
      "var_15": {
        "x": 102.000053406,
        "y": 65.0000534058
      },
      "var_16": {
        "x": 78.5000534058,
        "y": 77.0
      },
      "var_17": {
        "x": 118.000053406,
        "y": 75.0
      },
      "var_18": {
        "x": 58.0000495911,
        "y": 51.3333320618
      },
      "var_19": {
        "x": 78.0000534058,
        "y": 85.0
      },
      "var_2": {
        "x": 83.0000534058,
        "y": 86.0
      },
      "var_20": {
        "x": 40.5000495911,
        "y": 81.0
      },
      "var_21": {
        "x": 48.0000495911,
        "y": 83.0
      },
      "var_22": {
        "x": 117.000053406,
        "y": 98.0
      },
      "var_23": {
        "x": 79.5000534058,
        "y": 35.0
      },
      "var_24": {
        "x": 36.8889389038,
        "y": 68.0
      },
      "var_25": {
        "x": 62.6667175293,
        "y": 96.8574447632
      },
      "var_26": {
        "x": 96.8571929932,
        "y": 46.0
      },
      "var_27": {
        "x": 102.666717529,
        "y": 35.0
      },
      "var_28": {
        "x": 49.0000495911,
        "y": 88.9999465942
      },
      "var_29": {
        "x": 68.0000534058,
        "y": 112.0
      },
      "var_3": {
        "x": 78.0000534058,
        "y": 28.0
      },
      "var_30": {
        "x": 111.000053406,
        "y": 73.4998779297
      },
      "var_31": {
        "x": 73.0000534058,