{
  "id": "adaac7fc7828a555514affe20f8d746e",
  "layout": {
    "bounds": [
      48.7500495911,
      49.4999504089,
      139.000045776,
      133.500045776
    ],
    "vars": {
      "c_1": {
        "x": 53.0000495911,
        "y": 80.0000534058
      },
      "c_10": {
        "x": 133.500045776,
        "y": 105.0
      },
      "c_100": {
        "x": 136.750045776,
        "y": 119.500053406
      },
      "c_101": {
        "x": 128.500045776,
        "y": 122.500053406
      },
      "c_102": {
        "x": 126.500053406,
        "y": 119.499946594
      },
      "c_103": {
        "x": 126.500053406,
        "y": 121.500053406
      },
      "c_104": {
        "x": 128.500045776,
        "y": 120.499946594
      },
      "c_105": {
        "x": 112.750053406,
        "y": 107.0
      },
      "c_106": {
        "x": 108.750053406,
        "y": 108.0
      },
      "c_107": {
        "x": 114.750053406,
        "y": 107.0
      },
      "c_108": {
        "x": 110.750053406,
        "y": 108.0
      },
      "c_109": {
        "x": 123.333381653,
        "y": 115.999969482
      },
      "c_11": {
        "x": 131.500045776,
        "y": 106.0
      },
      "c_110": {
        "x": 125.333381653,
        "y": 115.0
      },
      "c_111": {
        "x": 121.333381653,
        "y": 115.999969482
      },
      "c_112": {
        "x": 122.000053406,
        "y": 118.000068665
      },
      "c_113": {
        "x": 94.5000534058,
        "y": 133.000076294
      },
      "c_114": {
        "x": 96.0000534058,
        "y": 128.99987793
      },
      "c_115": {
        "x": 96.0000534058,
        "y": 130.999969482
      },
      "c_116": {
        "x": 96.5000534058,
        "y": 133.000076294
      },
      "c_117": {
        "x": 105.000053406,
        "y": 131.499954224
      },
      "c_118": {
        "x": 107.000053406,
        "y": 131.499954224
      },
      "c_119": {
        "x": 104.500053406,
        "y": 133.500045776
      },
      "c_12": {
        "x": 135.500045776,
        "y": 106.0
      },
      "c_120": {
        "x": 106.500053406,
        "y": 133.500045776
      },
      "c_121": {
        "x": 121.750053406,
        "y": 61.0
      },
      "c_122": {
        "x": 119.750053406,
        "y": 62.0000495911
      },
      "c_123": {
        "x": 119.750053406,
        "y": 59.9999504089
      },
      "c_124": {
        "x": 117.750053406,
        "y": 60.0
      },
      "c_125": {
        "x": 128.000045776,
        "y": 59.4999504089
      },
      "c_126": {
        "x": 128.000045776,
        "y": 61.5000495911
      },
      "c_127": {
        "x": 126.000053406,
        "y": 61.0
      },
      "c_128": {
        "x": 130.000045776,
        "y": 59.0
      },
      "c_129": {
        "x": 99.5000534058,
        "y": 83.7499237061
      },
      "c_13": {
        "x": 117.250053406,
        "y": 52.0
      },
      "c_130": {
        "x": 101.333381653,
        "y": 85.7500228882
      },
      "c_131": {
        "x": 101.333381653,
        "y": 87.7501220703
      },
      "c_132": {
        "x": 99.3333816528,
        "y": 86.0
      },
      "c_133": {
        "x": 112.250053406,
        "y": 73.0
      },
      "c_134": {
        "x": 110.250053406,
        "y": 71.4999465942
      },
      "c_135": {
        "x": 110.250053406,
        "y": 73.5000534058
      },
      "c_136": {
        "x": 114.250053406,
        "y": 74.0
      },
      "c_137": {
        "x": 137.000045776,
        "y": 91.0
      },
      "c_138": {
        "x": 135.000045776,
        "y": 91.5000534058
      },
      "c_139": {
        "x": 139.000045776,
        "y": 91.0
      },
      "c_14": {
        "x": 121.250053406,
        "y": 51.0
      },
      "c_140": {
        "x": 135.000045776,
        "y": 89.4999465942
      },
      "c_141": {
        "x": 129.666717529,
        "y": 83.0
      },
      "c_142": {
        "x": 130.000045776,
        "y": 85.0000991821
      },
      "c_143": {
        "x": 129.666717529,
        "y": 80.9999008179
      },
      "c_144": {
        "x": 131.666717529,
        "y": 82.0
      },
      "c_145": {
        "x": 51.3333816528,
        "y": 67.5000534058
      },
      "c_146": {
        "x": 51.3333816528,
        "y": 65.4999465942
      },
      "c_147": {
        "x": 53.3333816528,
        "y": 68.5000534058
      },
      "c_148": {
        "x": 53.3333816528,
        "y": 66.4999465942
      },
      "c_149": {
        "x": 57.3333816528,
        "y": 63.0
      },
      "c_15": {
        "x": 119.250053406,
        "y": 51.0
      },
      "c_150": {
        "x": 59.3333816528,
        "y": 63.0
      },
      "c_151": {
        "x": 61.3333816528,
        "y": 64.0
      },
      "c_152": {
        "x": 55.3333816528,
        "y": 64.0
      },
      "c_153": {
        "x": 76.5000534058,
        "y": 71.9999465942
      },
      "c_154": {
        "x": 76.5000534058,
        "y": 74.0000534058
      },
      "c_155": {
        "x": 78.5000534058,
        "y": 72.0
      },
      "c_156": {
        "x": 74.5000534058,
        "y": 75.0
      },
      "c_157": {
        "x": 63.0000495911,
        "y": 71.6667633057
      },
      "c_158": {
        "x": 61.5000495911,
        "y": 67.6665649414
      },
      "c_159": {
        "x": 63.0000495911,
        "y": 69.6666641235
      },
      "c_16": {
        "x": 115.250053406,
        "y": 53.0
      },
      "c_160": {
        "x": 63.5000495911,
        "y": 67.0
      },
      "c_17": {
        "x": 97.3333816528,
        "y": 76.0
      },
      "c_18": {
        "x": 100.000053406,
        "y": 74.3332672119
      },
      "c_19": {
        "x": 101.333381653,
        "y": 76.333366394
      },
      "c_2": {
        "x": 49.0000495911,
        "y": 79.0
      },
      "c_20": {
        "x": 99.3333816528,
        "y": 76.333366394
      },
      "c_21": {
        "x": 86.3333816528,
        "y": 54.0
      },
      "c_22": {
        "x": 88.3333816528,
        "y": 53.0
      },
      "c_23": {
        "x": 88.3333816528,
        "y": 55.0000991821
      },
      "c_24": {
        "x": 88.0000534058,
        "y": 50.9999008179
      },
      "c_25": {
        "x": 70.0000534058,
        "y": 100.500053406
      },
      "c_26": {
        "x": 70.0000534058,
        "y": 103.0
      },
      "c_27": {
        "x": 72.0000534058,
        "y": 101.0
      },
      "c_28": {
        "x": 70.0000534058,
        "y": 98.4999465942
      },
      "c_29": {
        "x": 56.0000495911,
        "y": 112.500053406
      },
      "c_3": {
        "x": 53.0000495911,
        "y": 77.9999465942
      },
      "c_30": {
        "x": 56.0000495911,
        "y": 110.499946594
      },
      "c_31": {
        "x": 58.0000495911,
        "y": 111.0
      },
      "c_32": {
        "x": 54.0000495911,
        "y": 112.0
      },
      "c_33": {
        "x": 113.000053406,
        "y": 122.500053406
      },
      "c_34": {
        "x": 113.000053406,
        "y": 120.499946594
      },
      "c_35": {
        "x": 115.000053406,
        "y": 123.0
      },
      "c_36": {
        "x": 111.000053406,
        "y": 121.0
      },
      "c_37": {
        "x": 112.750053406,
        "y": 130.333374023
      },
      "c_38": {
        "x": 114.750053406,
        "y": 130.333374023
      },
      "c_39": {
        "x": 113.000053406,
        "y": 128.333267212
      },
      "c_4": {
        "x": 51.0000495911,
        "y": 79.0
      },
      "c_40": {
        "x": 110.750053406,
        "y": 129.0
      },
      "c_41": {
        "x": 114.000053406,