{
  "id": "b21cf55c89af8f1b443dc2d7006bf4e4",
  "layout": {
    "bounds": [
      51.0000495911,
      51.0,
      110.000053406,
      102.0
    ],
    "vars": {
      "c_1": {
        "x": 108.000053406,
        "y": 98.0
      },
      "c_10": {
        "x": 54.0000495911,
        "y": 63.0
      },
      "c_11": {
        "x": 55.0000495911,
        "y": 79.0
      },
      "c_12": {
        "x": 51.0000495911,
        "y": 81.0
      },
      "c_13": {
        "x": 59.0000495911,
        "y": 86.0
      },
      "c_14": {
        "x": 52.0000495911,
        "y": 88.0
      },
      "c_15": {
        "x": 56.0000495911,
        "y": 95.0
      },
      "c_16": {
        "x": 55.0000495911,
        "y": 55.0
      },
      "c_17": {
        "x": 62.0000495911,
        "y": 58.0
      },
      "c_18": {
        "x": 72.0000534058,
        "y": 55.0
      },
      "c_2": {
        "x": 104.000053406,
        "y": 90.0
      },
      "c_3": {
        "x": 101.000053406,
        "y": 90.0
      },
      "c_4": {
        "x": 97.0000534058,
        "y": 82.0
      },
      "c_5": {
        "x": 93.0000534058,
        "y": 73.0
      },
      "c_6": {
        "x": 86.0000534058,
        "y": 66.0
      },
      "c_7": {
        "x": 88.0000534058,
        "y": 65.0
      },
      "c_8": {
        "x": 80.0000534058,
        "y": 59.0
      },
      "c_9": {
        "x": 51.0000495911,
        "y": 72.0
      },
      "var_1": {
        "x": 110.000053406,
        "y": 102.0
      },
      "var_10": {
        "x": 55.0000495911,
        "y": 83.0
      },
      "var_11": {
        "x": 59.0000495911,
        "y": 91.0
      },
      "var_12": {
        "x": 52.0000495911,
        "y": 93.0
      },
      "var_13": {
        "x": 52.0000495911,
        "y": 51.0
      },
      "var_14": {
        "x": 58.0000495911,
        "y": 59.0
      },
      "var_15": {
        "x": 67.0000534058,
        "y": 56.0
      },
      "var_16": {
        "x": 77.0000534058,
        "y": 56.0
      },
      "var_2": {
        "x": 106.000053406,
        "y": 93.0
      },
      "var_3": {
        "x": 101.000053406,
        "y": 94.0
      },
      "var_4": {
        "x": 100.000053406,
        "y": 85.0
      },
      "var_5": {
        "x": 95.0000534058,
        "y": 78.0
      },
      "var_6": {
        "x": 90.0000534058,
        "y": 69.0
      },
      "var_7": {
        "x": 85.0000534058,
        "y": 63.0
      },
      "var_8": {
        "x": 51.0000495911,
        "y": 67.0
      },
      "var_9": {
        "x": 52.0000495911,
        "y": 76.0
      }
    }
  }
}
