{
  "id": "b2a12fcb5e691a5236c899cc7ce85bbe",
  "layout": {
    "bounds": [
      17.0000495911,
      14.9998750687,
      113.000053406,
      107.0
    ],
    "vars": {
      "c_1": {
        "x": 26.0000495911,
        "y": 42.0
      },
      "c_10": {
        "x": 36.5000495911,
        "y": 39.9999504089
      },
      "c_11": {
        "x": 37.0000495911,
        "y": 22.5000495911
      },
      "c_12": {
        "x": 39.0000495911,
        "y": 17.4999504089
      },
      "c_13": {
        "x": 47.0000495911,
        "y": 48.0
      },
      "c_14": {
        "x": 41.0000495911,
        "y": 45.0000495911
      },
      "c_15": {
        "x": 40.0000495911,
        "y": 30.0000495911
      },
      "c_16": {
        "x": 42.5000495911,
        "y": 24.9999504089
      },
      "c_17": {
        "x": 35.0000495911,
        "y": 94.0
      },
      "c_18": {
        "x": 30.0000495911,
        "y": 94.0
      },
      "c_19": {
        "x": 21.0000495911,
        "y": 80.0
      },
      "c_2": {
        "x": 21.0000495911,
        "y": 43.9999504089
      },
      "c_20": {
        "x": 40.0000495911,
        "y": 93.0000534058
      },
      "c_21": {
        "x": 45.0000495911,
        "y": 88.0
      },
      "c_22": {
        "x": 39.0000495911,
        "y": 87.9999465942
      },
      "c_23": {
        "x": 27.5000495911,
        "y": 78.3332366943
      },
      "c_24": {
        "x": 50.0000495911,
        "y": 85.0
      },
      "c_25": {
        "x": 60.0000495911,
        "y": 90.0
      },
      "c_26": {
        "x": 55.0000495911,
        "y": 89.0
      },
      "c_27": {
        "x": 47.0000495911,
        "y": 76.0
      },
      "c_28": {
        "x": 65.0000534058,
        "y": 88.0
      },
      "c_29": {
        "x": 47.0000495911,
        "y": 107.0
      },
      "c_3": {
        "x": 20.0000495911,
        "y": 23.0
      },
      "c_30": {
        "x": 42.0000495911,
        "y": 106.0
      },
      "c_31": {
        "x": 31.0000495911,
        "y": 88.3334350586
      },
      "c_32": {
        "x": 52.0000495911,
        "y": 104.0
      },
      "c_33": {
        "x": 82.0000534058,
        "y": 16.9999504089
      },
      "c_34": {
        "x": 101.000053406,
        "y": 14.9998750687
      },
      "c_35": {
        "x": 101.333381653,
        "y": 25.0000743866
      },
      "c_36": {
        "x": 84.0000534058,
        "y": 37.5001487732
      },
      "c_37": {
        "x": 89.0000534058,
        "y": 27.4999504089
      },
      "c_38": {
        "x": 110.500053406,
        "y": 32.7500495911
      },
      "c_39": {
        "x": 111.500053406,
        "y": 37.7501487732
      },
      "c_4": {
        "x": 25.0000495911,
        "y": 20.0
      },
      "c_40": {
        "x": 91.0000534058,
        "y": 45.4999504089
      },
      "c_41": {
        "x": 87.0000534058,
        "y": 32.5000495911
      },
      "c_42": {
        "x": 105.500053406,
        "y": 33.0
      },
      "c_43": {
        "x": 106.500053406,
        "y": 39.0
      },
      "c_44": {
        "x": 90.0000534058,
        "y": 50.5000495911
      },
      "c_45": {
        "x": 86.0000534058,
        "y": 22.0000495911
      },
      "c_46": {
        "x": 103.000053406,
        "y": 19.9999752045
      },
      "c_47": {
        "x": 106.333381653,
        "y": 25.0000743866
      },
      "c_48": {
        "x": 89.0000534058,
        "y": 40.0
      },
      "c_49": {
        "x": 65.0000534058,
        "y": 43.0
      },
      "c_5": {
        "x": 25.0000495911,
        "y": 56.0
      },
      "c_50": {
        "x": 23.0000495911,
        "y": 64.0
      },
      "c_51": {
        "x": 29.0000495911,
        "y": 68.0
      },
      "c_52": {
        "x": 38.0000495911,
        "y": 64.0
      },
      "c_53": {
        "x": 71.0000534058,
        "y": 64.0
      },
      "c_54": {
        "x": 61.0000495911,
        "y": 24.0
      },
      "c_6": {
        "x": 17.0000495911,
        "y": 57.0
      },
      "c_7": {
        "x": 19.0000495911,
        "y": 38.0
      },
      "c_8": {
        "x": 24.0000495911,
        "y": 36.5000495911
      },
      "c_9": {
        "x": 41.5000495911,
        "y": 39.0
      },
      "var_1": {
        "x": 21.0000495911,
        "y": 31.4999504089
      },
      "var_10": {
        "x": 40.0000495911,
        "y": 77.0
      },
      "var_11": {
        "x": 62.0000495911,
        "y": 77.0
      },
      "var_12": {
        "x": 38.0000495911,
        "y": 100.0
      },
      "var_13": {
        "x": 50.0000495911,
        "y": 97.0
      },
      "var_14": {
        "x": 45.0000495911,
        "y": 96.0
      },
      "var_15": {
        "x": 32.5000495911,
        "y": 75.0
      },
      "var_16": {
        "x": 55.0000495911,
        "y": 95.0
      },
      "var_17": {
        "x": 91.0000534058,
        "y": 22.4998493195
      },
      "var_18": {
        "x": 100.000053406,
        "y": 35.4999504089
      },
      "var_19": {
        "x": 97.0000534058,
        "y": 40.5000495911
      },
      "var_2": {
        "x": 21.0000495911,
        "y": 49.0000495911
      },
      "var_20": {
        "x": 96.0000534058,
        "y": 28.0
      },
      "var_21": {
        "x": 77.0000534058,
        "y": 25.0
      },
      "var_22": {
        "x": 111.333381653,
        "y": 22.7498493195
      },
      "var_23": {
        "x": 113.000053406,
        "y": 27.7499504089
      },
      "var_24": {
        "x": 79.0000534058,
        "y": 49.0
      },
      "var_3": {
        "x": 47.5000495911,
        "y": 28.0
      },
      "var_4": {
        "x": 50.0000495911,
        "y": 37.0
      },
      "var_5": {
        "x": 36.0000495911,
        "y": 51.0
      },
      "var_6": {
        "x": 30.0000495911,
        "y": 52.0
      },
      "var_7": {
        "x": 27.0000495911,
        "y": 28.0
      },
      "var_8": {
        "x": 32.0000495911,
        "y": 25.0
      },
      "var_9": {
        "x": 31.0000495911,
        "y": 83.3333358765
      }
    }
  }
}
