{
  "id": "b93b5a84e37f6e413d93a7a2ae8a2499",
  "layout": {
    "bounds": [
      50.0000495911,
      51.0,
      185.000045776,
      159.0
    ],
    "vars": {
      "c_1": {
        "x": 152.000045776,
        "y": 111.0
      },
      "c_10": {
        "x": 168.000045776,
        "y": 120.0
      },
      "c_100": {
        "x": 173.000045776,
        "y": 71.0
      },
      "c_101": {
        "x": 179.000045776,
        "y": 64.0
      },
      "c_102": {
        "x": 183.000045776,
        "y": 58.0
      },
      "c_103": {
        "x": 120.000053406,
        "y": 101.0
      },
      "c_104": {
        "x": 166.000045776,
        "y": 142.0
      },
      "c_105": {
        "x": 106.000053406,
        "y": 123.0
      },
      "c_106": {
        "x": 129.000045776,
        "y": 93.0
      },
      "c_107": {
        "x": 110.000053406,
        "y": 111.0
      },
      "c_11": {
        "x": 168.500045776,
        "y": 115.0
      },
      "c_12": {
        "x": 170.500045776,
        "y": 116.0
      },
      "c_13": {
        "x": 176.000045776,
        "y": 123.0
      },
      "c_14": {
        "x": 182.000045776,
        "y": 125.0
      },
      "c_15": {
        "x": 176.000045776,
        "y": 109.0
      },
      "c_16": {
        "x": 182.000045776,
        "y": 103.0
      },
      "c_17": {
        "x": 163.000045776,
        "y": 127.0
      },
      "c_18": {
        "x": 167.000045776,
        "y": 135.0
      },
      "c_19": {
        "x": 155.000045776,
        "y": 99.0
      },
      "c_2": {
        "x": 144.000045776,
        "y": 110.0
      },
      "c_20": {
        "x": 147.000045776,
        "y": 100.0
      },
      "c_21": {
        "x": 149.000045776,
        "y": 98.0
      },
      "c_22": {
        "x": 157.000045776,
        "y": 93.9999465942
      },
      "c_23": {
        "x": 139.000045776,
        "y": 94.0
      },
      "c_24": {
        "x": 136.000045776,
        "y": 109.0
      },
      "c_25": {
        "x": 134.000045776,
        "y": 114.000053406
      },
      "c_26": {
        "x": 133.000045776,
        "y": 111.999946594
      },
      "c_27": {
        "x": 126.000053406,
        "y": 102.0
      },
      "c_28": {
        "x": 119.000053406,
        "y": 94.0
      },
      "c_29": {
        "x": 109.000053406,
        "y": 87.0
      },
      "c_3": {
        "x": 145.000045776,
        "y": 115.0
      },
      "c_30": {
        "x": 99.0000534058,
        "y": 81.0
      },
      "c_31": {
        "x": 102.500053406,
        "y": 78.0
      },
      "c_32": {
        "x": 100.500053406,
        "y": 78.0
      },
      "c_33": {
        "x": 90.0000534058,
        "y": 77.0
      },
      "c_34": {
        "x": 81.0000534058,
        "y": 79.0
      },
      "c_35": {
        "x": 72.0000534058,
        "y": 80.0
      },
      "c_36": {
        "x": 75.0000534058,
        "y": 86.0
      },
      "c_37": {
        "x": 73.0000534058,
        "y": 85.0
      },
      "c_38": {
        "x": 66.0000534058,
        "y": 85.0
      },
      "c_39": {
        "x": 64.5000534058,
        "y": 79.9999465942
      },
      "c_4": {
        "x": 153.000045776,
        "y": 102.0
      },
      "c_40": {
        "x": 66.5000534058,
        "y": 79.0
      },
      "c_41": {
        "x": 58.0000495911,
        "y": 76.0
      },
      "c_42": {
        "x": 53.0000495911,
        "y": 74.0
      },
      "c_43": {
        "x": 78.0000534058,
        "y": 95.0
      },
      "c_44": {
        "x": 84.0000534058,
        "y": 102.0
      },
      "c_45": {
        "x": 91.0000534058,
        "y": 106.0
      },
      "c_46": {
        "x": 99.0000534058,
        "y": 109.0
      },
      "c_47": {
        "x": 106.000053406,
        "y": 70.5000534058
      },
      "c_48": {
        "x": 100.000053406,
        "y": 69.0
      },
      "c_49": {
        "x": 106.000053406,
        "y": 68.4999465942
      },
      "c_5": {
        "x": 147.000045776,
        "y": 113.0
      },
      "c_50": {
        "x": 116.000053406,
        "y": 68.0
      },
      "c_51": {
        "x": 122.000053406,
        "y": 64.0
      },
      "c_52": {
        "x": 124.000053406,
        "y": 71.0
      },
      "c_53": {
        "x": 126.000053406,
        "y": 69.0
      },
      "c_54": {
        "x": 129.000045776,
        "y": 60.0
      },
      "c_55": {
        "x": 124.000053406,
        "y": 54.0
      },
      "c_56": {
        "x": 131.000045776,
        "y": 71.0
      },
      "c_57": {
        "x": 128.000045776,
        "y": 78.0
      },
      "c_58": {
        "x": 131.000045776,
        "y": 78.0
      },
      "c_59": {
        "x": 139.000045776,
        "y": 69.0
      },
      "c_6": {
        "x": 159.000045776,
        "y": 115.499946594
      },
      "c_60": {
        "x": 145.000045776,
        "y": 61.0
      },
      "c_61": {
        "x": 149.000045776,
        "y": 57.0
      },
      "c_62": {
        "x": 126.000053406,
        "y": 89.0
      },
      "c_63": {
        "x": 99.0000534058,
        "y": 64.0
      },
      "c_64": {
        "x": 96.0000534058,
        "y": 58.0000495911
      },
      "c_65": {
        "x": 126.000053406,
        "y": 114.0
      },
      "c_66": {
        "x": 125.000053406,
        "y": 119.000053406
      },
      "c_67": {
        "x": 124.000053406,
        "y": 116.999946594
      },
      "c_68": {
        "x": 117.000053406,
        "y": 113.0
      },
      "c_69": {
        "x": 111.000053406,
        "y": 108.0
      },
      "c_7": {
        "x": 157.000045776,
        "y": 119.0
      },
      "c_70": {
        "x": 114.000053406,
        "y": 123.0
      },
      "c_71": {
        "x": 102.000053406,
        "y": 127.0
      },
      "c_72": {
        "x": 93.0000534058,
        "y": 133.0
      },
      "c_73": {
        "x": 84.6667175293,
        "y": 138.333328247
      },
      "c_74": {
        "x": 86.6667175293,
        "y": 138.0
      },
      "c_75": {
        "x": 84.6667175293,
        "y": 136.333236694
      },
      "c_76": {
        "x": 78.0000534058,
        "y": 141.0
      },
      "c_77": {
        "x": 72.0000534058,
        "y": 145.0
      },
      "c_78": {
        "x": 67.5000534058,
        "y": 148.0
      },
      "c_79": {
        "x": 89.0000534058,
        "y": 142.0
      },
      "c_8": {
        "x": 154.000045776,
        "y": 109.0
      },
      "c_80": {
        "x": 96.0000534058,
        "y": 140.0
      },
      "c_81": {
        "x": 102.000053406,
        "y": 133.0
      },
      "c_82": {
        "x": 144.000045776,
        "y": 126.0
      },
      "c_83": {
        "x": 138.500045776,
        "y": 126.0
      },
      "c_84": {
        "x": 140.500045776,
        "y": 127.0
      },
      "c_85": {
        "x": 147.000045776,
        "y": 137.0
      },
      "c_86": {
        "x": 154.000045776,
        "y": 143.0
      },
      "c_87": {
        "x": 161.000045776,
        "y": 145.0
      },
      "c_88": {
        "x": 135.000045776,
        "y": 136.0
      },
      "c_89": {
        "x": 130.000045776,
        "y": 131.999954224
      },
      "c_9": {
        "x": 159.000045776,
        "y": 117.500053406
      },
      "c_90": {
        "x": 130.000045776,
        "y": 134.000045776
      },
      "c_91": {
        "x": 130.000045776,
        "y": 143.0
      },
      "c_92": {
        "x": 127.000053406,
        "y": 150.0
      },
      "c_93": {
        "x": 129.000045776,
        "y": 156.0
      },
      "c_94": {
        "x": 120.000053406,