{
  "id": "bd4e6bad6ff3efc93edd6601a2c32ddb",
  "layout": {
    "bounds": [
      17.0000495911,
      17.0,
      141.000045776,
      136.0
    ],
    "vars": {
      "c_1": {
        "x": 138.000045776,
        "y": 125.0
      },
      "c_10": {
        "x": 25.0000495911,
        "y": 50.0
      },
      "c_11": {
        "x": 23.0000495911,
        "y": 99.0
      },
      "c_12": {
        "x": 17.0000495911,
        "y": 100.0
      },
      "c_13": {
        "x": 35.0000495911,
        "y": 118.0
      },
      "c_14": {
        "x": 27.0000495911,
        "y": 123.0
      },
      "c_15": {
        "x": 45.0000495911,
        "y": 136.0
      },
      "c_16": {
        "x": 26.0000495911,
        "y": 29.0
      },
      "c_17": {
        "x": 42.0000495911,
        "y": 31.0
      },
      "c_18": {
        "x": 63.0000495911,
        "y": 17.0
      },
      "c_2": {
        "x": 130.000045776,
        "y": 103.0
      },
      "c_3": {
        "x": 116.000053406,
        "y": 107.0
      },
      "c_4": {
        "x": 120.000053406,
        "y": 84.0
      },
      "c_5": {
        "x": 116.000053406,
        "y": 60.0
      },
      "c_6": {
        "x": 107.000053406,
        "y": 37.0
      },
      "c_7": {
        "x": 102.000053406,
        "y": 40.0
      },
      "c_8": {
        "x": 88.0000534058,
        "y": 23.0
      },
      "c_9": {
        "x": 19.0000495911,
        "y": 75.0
      },
      "var_1": {
        "x": 141.000045776,
        "y": 135.0
      },
      "var_10": {
        "x": 25.0000495911,
        "y": 110.0
      },
      "var_11": {
        "x": 44.0000495911,
        "y": 125.0
      },
      "var_12": {
        "x": 34.0000495911,
        "y": 132.0
      },
      "var_13": {
        "x": 24.0000495911,
        "y": 18.0
      },
      "var_14": {
        "x": 31.0000495911,
        "y": 39.0
      },
      "var_15": {
        "x": 52.0000495911,
        "y": 23.0
      },
      "var_16": {
        "x": 75.0000534058,
        "y": 18.0
      },
      "var_2": {
        "x": 134.000045776,
        "y": 114.0
      },
      "var_3": {
        "x": 111.000053406,
        "y": 118.0
      },
      "var_4": {
        "x": 121.000053406,
        "y": 97.0
      },
      "var_5": {
        "x": 118.000053406,
        "y": 72.0
      },
      "var_6": {
        "x": 110.000053406,
        "y": 48.0
      },
      "var_7": {
        "x": 97.0000534058,
        "y": 30.0
      },
      "var_8": {
        "x": 22.0000495911,
        "y": 63.0
      },
      "var_9": {
        "x": 18.0000495911,
        "y": 88.0
      }
    }
  }
}
