{
  "id": "bd4b9a7688df222b43783b5ef59016d8",
  "layout": {
    "bounds": [
      5.0,
      5.0,
      512.8499999999999,
      431.335
    ],
    "vars": {
      "c_1": {
        "x": 209.59499999999997,
        "y": 59.665
      },
      "c_10": {
        "x": 265.46,
        "y": 364.765
      },
      "c_11": {
        "x": 403.855,
        "y": 243.375
      },
      "c_12": {
        "x": 469.66,
        "y": 233.14
      },
      "c_13": {
        "x": 76.635,
        "y": 247.75
      },
      "c_14": {
        "x": 280.84499999999997,
        "y": 206.405
      },
      "c_15": {
        "x": 324.57,
        "y": 70.655
      },
      "c_16": {
        "x": 300.605,
        "y": 178.365
      },
      "c_17": {
        "x": 311.08,
        "y": 121.69
      },
      "c_18": {
        "x": 316.96000000000004,
        "y": 262.125
      },
      "c_19": {
        "x": 192.32,
        "y": 191.74499999999998
      },
      "c_2": {
        "x": 395.015,
        "y": 181.98499999999999
      },
      "c_20": {
        "x": 328.36,
        "y": 204.49
      },
      "c_21": {
        "x": 392.21,
        "y": 302.155
      },
      "c_22": {
        "x": 223.16,
        "y": 354.245
      },
      "c_23": {
        "x": 179.0,
        "y": 100.94
      },
      "c_24": {
        "x": 310.39,
        "y": 391.0
      },
      "c_25": {
        "x": 308.295,
        "y": 222.13
      },
      "c_26": {
        "x": 251.35500000000002,
        "y": 277.92
      },
      "c_27": {
        "x": 189.09500000000003,
        "y": 143.345
      },
      "c_28": {
        "x": 145.795,
        "y": 68.03
      },
      "c_29": {
        "x": 101.91499999999999,
        "y": 254.145
      },
      "c_3": {
        "x": 452.70000000000005,
        "y": 211.735
      },
      "c_30": {
        "x": 191.79,
        "y": 72.415
      },
      "c_31": {
        "x": 316.195,
        "y": 431.335
      },
      "c_32": {
        "x": 242.35,
        "y": 258.03999999999996
      },
      "c_33": {
        "x": 185.385,
        "y": 245.07000000000002
      },
      "c_34": {
        "x": 119.955,
        "y": 404.30999999999995
      },
      "c_35": {
        "x": 264.38,
        "y": 430.805
      },
      "c_36": {
        "x": 5.0,
        "y": 260.665
      },
      "c_37": {
        "x": 266.735,
        "y": 29.125
      },
      "c_38": {
        "x": 47.325,
        "y": 290.97
      },
      "c_39": {
        "x": 424.835,
        "y": 230.70499999999998
      },
      "c_4": {
        "x": 45.972,
        "y": 333.125
      },
      "c_40": {
        "x": 228.385,
        "y": 337.13500000000005
      },
      "c_41": {
        "x": 262.71000000000004,
        "y": 162.505
      },
      "c_42": {
        "x": 396.99,
        "y": 32.683499999999995
      },
      "c_43": {
        "x": 155.16,
        "y": 210.2
      },
      "c_44": {
        "x": 142.495,
        "y": 314.895
      },
      "c_45": {
        "x": 236.57,
        "y": 381.235
      },
      "c_46": {
        "x": 91.815,
        "y": 335.495
      },
      "c_47": {
        "x": 205.57500000000002,
        "y": 114.645
      },
      "c_48": {
        "x": 140.32500000000002,
        "y": 170.69
      },
      "c_49": {
        "x": 158.61,
        "y": 380.09000000000003
      },
      "c_5": {
        "x": 240.72500000000002,
        "y": 420.91
      },
      "c_50": {
        "x": 277.445,
        "y": 337.835
      },
      "c_51": {
        "x": 301.27500000000003,
        "y": 298.485
      },
      "c_52": {
        "x": 368.0,
        "y": 305.53499999999997
      },
      "c_53": {
        "x": 122.55000000000001,
        "y": 289.015
      },
      "c_54": {
        "x": 446.43,
        "y": 82.11
      },
      "c_55": {
        "x": 268.965,
        "y": 274.68
      },
      "c_56": {
        "x": 239.175,
        "y": 320.435
      },
      "c_57": {
        "x": 282.57,
        "y": 236.70000000000002
      },
      "c_58": {
        "x": 371.175,
        "y": 330.935
      },
      "c_59": {
        "x": 92.33000000000001,
        "y": 98.84
      },
      "c_6": {
        "x": 365.40999999999997,
        "y": 95.565
      },
      "c_60": {
        "x": 501.25,
        "y": 286.11
      },
      "c_61": {
        "x": 261.755,
        "y": 307.36
      },
      "c_62": {
        "x": 139.745,
        "y": 127.995
      },
      "c_63": {
        "x": 445.64500000000004,
        "y": 395.30500000000006
      },
      "c_64": {
        "x": 408.38500000000005,
        "y": 207.84500000000003
      },
      "c_65": {
        "x": 434.42,
        "y": 201.9
      },
      "c_66": {
        "x": 388.32,
        "y": 131.115
      },
      "c_67": {
        "x": 10.443499999999998,
        "y": 199.51
      },
      "c_68": {
        "x": 371.78,
        "y": 225.81
      },
      "c_69": {
        "x": 289.955,
        "y": 29.8025
      },
      "c_7": {
        "x": 359.12,
        "y": 15.1145
      },
      "c_70": {
        "x": 380.70500000000004,
        "y": 262.06
      },
      "c_71": {
        "x": 114.535,
        "y": 121.89500000000001
      },
      "c_72": {
        "x": 338.615,
        "y": 389.45500000000004
      },
      "c_73": {
        "x": 215.79999999999998,
        "y": 148.82
      },
      "c_74": {
        "x": 152.97,
        "y": 148.955
      },
      "c_75": {
        "x": 98.14,
        "y": 185.33999999999997
      },
      "c_76": {
        "x": 373.005,
        "y": 152.015
      },
      "c_77": {
        "x": 433.39,
        "y": 172.775
      },
      "c_78": {
        "x": 328.375,
        "y": 339.345
      },
      "c_79": {
        "x": 351.32,
        "y": 241.70000000000002
      },
      "c_8": {
        "x": 195.3,
        "y": 375.48
      },
      "c_80": {
        "x": 226.365,
        "y": 234.03500000000003
      },
      "c_81": {
        "x": 428.6,
        "y": 421.27000000000004
      },
      "c_82": {
        "x": 494.41499999999996,
        "y": 367.955
      },
      "c_83": {
        "x": 512.8499999999999,
        "y": 257.21
      },
      "c_84": {
        "x": 502.45,
        "y": 209.8
      },
      "c_85": {
        "x": 136.155,
        "y": 359.30999999999995
      },
      "c_86": {
        "x": 336.19,
        "y": 5.0
      },
      "c_87": {
        "x": 102.92999999999999,
        "y": 145.425
      },
      "c_88": {
        "x": 211.39,
        "y": 191.58999999999997
      },
      "c_89": {
        "x": 300.15,
        "y": 61.71
      },
      "c_9": {
        "x": 213.05499999999998,
        "y": 81.30499999999999
      },
      "c_90": {
        "x": 472.23999999999995,
        "y": 155.935
      },
      "c_91": {
        "x": 170.19,
        "y": 197.21499999999997
      },
      "var_1": {
        "x": 141.375,
        "y": 232.67
      },
      "var_10": {
        "x": 225.59,
        "y": 310.925
      },
      "var_11": {
        "x": 246.76500000000001,
        "y": 186.51
      },
      "var_12": {
        "x": 344.32000000000005,
        "y": 193.31
      },
      "var_13": {
        "x": 350.265,
        "y": 319.85
      },
      "var_14": {
        "x": 123.225,
        "y": 204.54999999999998
      },
      "var_15": {
        "x": 316.32,
        "y": 326.245
      },
      "var_16": {
        "x": 114.93499999999999,
        "y": 321.52
      },
      "var_17": {
        "x": 334.93,
        "y": 142.17000000000002
      },
      "var_18": {
        "x": 233.70499999999998,
        "y": 195.775
      },
      "var_19": {
        "x": 260.225,
        "y": 76.68
      },
      "var_2": {
        "x": 436.12,
        "y": 283.57500000000005
      },
      "var_20": {
        "x": 100.27,
        "y": 219.11
      },
      "var_3": {
        "x": 441.96,
        "y": 308.49
      },
      "var_4": {
        "x": 216.17000000000002,
        "y": 222.925
      },
      "var_5": {
        "x": 335.31999999999994,
        "y": 126.125
      },