{
  "id": "c5efc14d645e7198065f1250b5905187",
  "layout": {
    "bounds": [
      13.200050354,
      13.6665668488,
      168.555603027,
      161.333374023
    ],
    "vars": {
      "c_1": {
        "x": 47.0000495911,
        "y": 72.1667175293
      },
      "c_10": {
        "x": 154.000045776,
        "y": 107.999946594
      },
      "c_100": {
        "x": 163.22227478,
        "y": 137.0
      },
      "c_101": {
        "x": 143.22227478,
        "y": 135.99987793
      },
      "c_102": {
        "x": 138.22227478,
        "y": 135.000045776
      },
      "c_103": {
        "x": 143.22227478,
        "y": 130.999771118
      },
      "c_104": {
        "x": 138.22227478,
        "y": 129.999954224
      },
      "c_105": {
        "x": 142.000045776,
        "y": 140.999969482
      },
      "c_106": {
        "x": 144.000045776,
        "y": 146.000076294
      },
      "c_107": {
        "x": 139.000045776,
        "y": 146.0
      },
      "c_108": {
        "x": 134.000045776,
        "y": 145.0
      },
      "c_109": {
        "x": 150.250045776,
        "y": 152.666625977
      },
      "c_11": {
        "x": 159.500045776,
        "y": 112.500053406
      },
      "c_110": {
        "x": 145.250045776,
        "y": 156.000274658
      },
      "c_111": {
        "x": 151.000045776,
        "y": 157.666732788
      },
      "c_112": {
        "x": 155.250045776,
        "y": 152.666625977
      },
      "c_113": {
        "x": 78.0000534058,
        "y": 148.666763306
      },
      "c_114": {
        "x": 80.0000534058,
        "y": 138.666564941
      },
      "c_115": {
        "x": 78.0000534058,
        "y": 143.666671753
      },
      "c_116": {
        "x": 83.0000534058,
        "y": 144.0
      },
      "c_117": {
        "x": 100.250053406,
        "y": 156.0
      },
      "c_118": {
        "x": 95.2500534058,
        "y": 154.499954224
      },
      "c_119": {
        "x": 105.250053406,
        "y": 157.0
      },
      "c_12": {
        "x": 159.000045776,
        "y": 107.499946594
      },
      "c_120": {
        "x": 95.2500534058,
        "y": 159.500045776
      },
      "c_121": {
        "x": 138.333389282,
        "y": 19.0
      },
      "c_122": {
        "x": 133.333389282,
        "y": 18.6666660309
      },
      "c_123": {
        "x": 136.000045776,
        "y": 13.6665668488
      },
      "c_124": {
        "x": 133.333389282,
        "y": 23.6667671204
      },
      "c_125": {
        "x": 155.500045776,
        "y": 32.0000801086
      },
      "c_126": {
        "x": 156.500045776,
        "y": 26.9999809265
      },
      "c_127": {
        "x": 160.500045776,
        "y": 32.0000801086
      },
      "c_128": {
        "x": 161.500045776,
        "y": 26.9999809265
      },
      "c_129": {
        "x": 82.7500534058,
        "y": 33.4999504089
      },
      "c_13": {
        "x": 151.000045776,
        "y": 25.9997997284
      },
      "c_130": {
        "x": 92.7500534058,
        "y": 37.0
      },
      "c_131": {
        "x": 82.7500534058,
        "y": 38.5000495911
      },
      "c_132": {
        "x": 87.7500534058,
        "y": 36.0
      },
      "c_133": {
        "x": 113.250053406,
        "y": 24.0
      },
      "c_134": {
        "x": 103.250053406,
        "y": 24.0
      },
      "c_135": {
        "x": 108.250053406,
        "y": 20.9999504089
      },
      "c_136": {
        "x": 108.250053406,
        "y": 26.0000495911
      },
      "c_137": {
        "x": 163.500045776,
        "y": 79.0
      },
      "c_138": {
        "x": 158.500045776,
        "y": 76.4999465942
      },
      "c_139": {
        "x": 158.500045776,
        "y": 81.5000534058
      },
      "c_14": {
        "x": 151.000045776,
        "y": 20.9997005463
      },
      "c_140": {
        "x": 153.500045776,
        "y": 79.0
      },
      "c_141": {
        "x": 148.555603027,
        "y": 54.5000495911
      },
      "c_142": {
        "x": 143.555603027,
        "y": 51.0003013611
      },
      "c_143": {
        "x": 148.555603027,
        "y": 49.4999504089
      },
      "c_144": {
        "x": 143.555603027,
        "y": 56.0004005432
      },
      "c_145": {
        "x": 59.3333816528,
        "y": 82.6666641235
      },
      "c_146": {
        "x": 64.3333816528,
        "y": 83.0
      },
      "c_147": {
        "x": 59.3333816528,
        "y": 87.6667633057
      },
      "c_148": {
        "x": 62.0000495911,
        "y": 77.6665649414
      },
      "c_149": {
        "x": 65.0000534058,
        "y": 56.5000495911
      },
      "c_15": {
        "x": 150.500045776,
        "y": 30.9999008179
      },
      "c_150": {
        "x": 70.0000534058,
        "y": 62.5000495911
      },
      "c_151": {
        "x": 70.0000534058,
        "y": 57.4999504089
      },
      "c_152": {
        "x": 65.0000534058,
        "y": 61.5001487732
      },
      "c_153": {
        "x": 95.7500534058,
        "y": 107.500053406
      },
      "c_154": {
        "x": 100.750053406,
        "y": 100.999946594
      },
      "c_155": {
        "x": 95.7500534058,
        "y": 102.499946594
      },
      "c_156": {
        "x": 100.750053406,
        "y": 106.000053406
      },
      "c_157": {
        "x": 75.3333816528,
        "y": 97.0
      },
      "c_158": {
        "x": 78.0000534058,
        "y": 91.9999008179
      },
      "c_159": {
        "x": 80.3333816528,
        "y": 99.0
      },
      "c_16": {
        "x": 145.500045776,
        "y": 27.0000495911
      },
      "c_160": {
        "x": 75.3333816528,
        "y": 102.000099182
      },
      "c_17": {
        "x": 133.666717529,
        "y": 96.0
      },
      "c_18": {
        "x": 139.000045776,
        "y": 92.9999313354
      },
      "c_19": {
        "x": 138.666717529,
        "y": 98.0000305176
      },
      "c_2": {
        "x": 47.0000495911,
        "y": 67.1666183472
      },
      "c_20": {
        "x": 143.666717529,
        "y": 98.0000305176
      },
      "c_21": {
        "x": 119.000053406,
        "y": 59.500125885
      },
      "c_22": {
        "x": 118.000053406,
        "y": 54.5000267029
      },
      "c_23": {
        "x": 116.000053406,
        "y": 49.4999237061
      },
      "c_24": {
        "x": 121.000053406,
        "y": 49.4999237061
      },
      "c_25": {
        "x": 36.0000495911,
        "y": 53.4999504089
      },
      "c_26": {
        "x": 36.0000495911,
        "y": 58.5000495911
      },
      "c_27": {
        "x": 41.0000495911,
        "y": 56.0
      },
      "c_28": {
        "x": 31.0000495911,
        "y": 56.0
      },
      "c_29": {
        "x": 21.0000495911,
        "y": 95.3332672119
      },
      "c_3": {
        "x": 46.6667175293,
        "y": 62.1665153503
      },
      "c_30": {
        "x": 15.3333835602,
        "y": 99.0
      },
      "c_31": {
        "x": 25.3333835602,
        "y": 100.333366394
      },
      "c_32": {
        "x": 20.3333835602,
        "y": 100.333366394
      },
      "c_33": {
        "x": 121.000053406,
        "y": 161.333374023
      },
      "c_34": {
        "x": 126.000053406,
        "y": 161.333374023
      },
      "c_35": {
        "x": 131.000045776,
        "y": 160.0
      },
      "c_36": {
        "x": 125.000053406,
        "y": 156.333267212
      },
      "c_37": {
        "x": 108.000053406,
        "y": 140.499954224
      },
      "c_38": {
        "x": 108.000053406,
        "y": 145.500045776
      },
      "c_39": {
        "x": 113.000053406,
        "y": 141.499954224
      },
      "c_4": {
        "x": 46.6667175293,
        "y": 57.1664161682
      },
      "c_40": {
        "x": 113.000053406,
        "y": 146.500045776
      },
      "c_41": {
        "x": 113.500053406,
        "y": 36.4999504089
      },
      "c_42": {
        "x": 113.500053406,
        "y": 41.5000495911
      },
      "c_43": {
        "x": 123.500053406,
        "y": 37.0
      },