{
  "id": "ded5036021f6f0f308ea435247d5206a",
  "layout": {
    "bounds": [
      17.0000495911,
      17.0,
      182.000045776,
      143.0
    ],
    "vars": {
      "c_1": {
        "x": 94.0000534058,
        "y": 99.0
      },
      "c_10": {
        "x": 133.000045776,
        "y": 92.0000534058
      },
      "c_11": {
        "x": 154.000045776,
        "y": 106.0
      },
      "c_12": {
        "x": 173.000045776,
        "y": 114.0
      },
      "c_13": {
        "x": 45.0000495911,
        "y": 80.0
      },
      "c_14": {
        "x": 47.0000495911,
        "y": 95.0
      },
      "c_15": {
        "x": 43.0000495911,
        "y": 89.0
      },
      "c_16": {
        "x": 25.0000495911,
        "y": 78.0
      },
      "c_17": {
        "x": 28.0000495911,
        "y": 106.0
      },
      "c_18": {
        "x": 99.3333816528,
        "y": 44.0
      },
      "c_19": {
        "x": 94.3333816528,
        "y": 43.0
      },
      "c_2": {
        "x": 104.000053406,
        "y": 89.0
      },
      "c_20": {
        "x": 104.333381653,
        "y": 47.0
      },
      "c_21": {
        "x": 125.000053406,
        "y": 32.0
      },
      "c_22": {
        "x": 152.000045776,
        "y": 28.0
      },
      "c_23": {
        "x": 161.000045776,
        "y": 48.0
      },
      "c_24": {
        "x": 118.000053406,
        "y": 37.0
      },
      "c_25": {
        "x": 137.000045776,
        "y": 48.0
      },
      "c_26": {
        "x": 85.0000534058,
        "y": 102.0
      },
      "c_27": {
        "x": 79.0000534058,
        "y": 94.0
      },
      "c_28": {
        "x": 69.0000534058,
        "y": 115.0
      },
      "c_29": {
        "x": 71.0000534058,
        "y": 127.0
      },
      "c_3": {
        "x": 73.0000534058,
        "y": 87.0
      },
      "c_30": {
        "x": 78.0000534058,
        "y": 130.0
      },
      "c_31": {
        "x": 63.0000495911,
        "y": 143.0
      },
      "c_32": {
        "x": 85.0000534058,
        "y": 44.0
      },
      "c_33": {
        "x": 80.0000534058,
        "y": 48.0
      },
      "c_34": {
        "x": 70.0000534058,
        "y": 32.0
      },
      "c_35": {
        "x": 169.000045776,
        "y": 24.0
      },
      "c_36": {
        "x": 172.000045776,
        "y": 32.0
      },
      "c_37": {
        "x": 182.000045776,
        "y": 17.0
      },
      "c_38": {
        "x": 143.000045776,
        "y": 70.0
      },
      "c_39": {
        "x": 151.000045776,
        "y": 72.0
      },
      "c_4": {
        "x": 90.0000534058,
        "y": 71.0
      },
      "c_5": {
        "x": 103.000053406,
        "y": 95.0
      },
      "c_6": {
        "x": 110.000053406,
        "y": 118.0
      },
      "c_7": {
        "x": 124.000053406,
        "y": 135.0
      },
      "c_8": {
        "x": 129.000045776,
        "y": 86.9999465942
      },
      "c_9": {
        "x": 130.000045776,
        "y": 100.0
      },
      "var_1": {
        "x": 89.0000534058,
        "y": 89.0
      },
      "var_10": {
        "x": 165.000045776,
        "y": 110.0
      },
      "var_11": {
        "x": 180.000045776,
        "y": 117.0
      },
      "var_12": {
        "x": 34.0000495911,
        "y": 80.0
      },
      "var_13": {
        "x": 36.0000495911,
        "y": 98.0
      },
      "var_14": {
        "x": 17.0000495911,
        "y": 77.0
      },
      "var_15": {
        "x": 21.0000495911,
        "y": 109.0
      },
      "var_16": {
        "x": 112.000053406,
        "y": 37.0
      },
      "var_17": {
        "x": 106.000053406,
        "y": 38.0
      },
      "var_18": {
        "x": 139.000045776,
        "y": 29.0
      },
      "var_19": {
        "x": 163.000045776,
        "y": 35.0
      },
      "var_2": {
        "x": 104.000053406,
        "y": 107.0
      },
      "var_20": {
        "x": 157.000045776,
        "y": 60.0
      },
      "var_21": {
        "x": 130.000045776,
        "y": 39.0
      },
      "var_22": {
        "x": 141.000045776,
        "y": 58.0
      },
      "var_23": {
        "x": 72.0000534058,
        "y": 105.0
      },
      "var_24": {
        "x": 79.0000534058,
        "y": 117.0
      },
      "var_25": {
        "x": 71.0000534058,
        "y": 138.0
      },
      "var_26": {
        "x": 63.0000495911,
        "y": 136.0
      },
      "var_27": {
        "x": 73.0000534058,
        "y": 39.0
      },
      "var_28": {
        "x": 79.0000534058,
        "y": 35.0
      },
      "var_29": {
        "x": 179.000045776,
        "y": 25.0
      },
      "var_3": {
        "x": 118.000053406,
        "y": 93.0
      },
      "var_30": {
        "x": 176.000045776,
        "y": 18.0
      },
      "var_4": {
        "x": 56.0000495911,
        "y": 87.0
      },
      "var_5": {
        "x": 92.0000534058,
        "y": 55.0
      },
      "var_6": {
        "x": 117.000053406,
        "y": 127.0
      },
      "var_7": {
        "x": 126.000053406,
        "y": 142.0
      },
      "var_8": {
        "x": 141.000045776,
        "y": 81.0
      },
      "var_9": {
        "x": 142.000045776,
        "y": 101.0
      }
    }
  }
}
