{
  "id": "fec9c931c87e00f390068fb893d669d5",
  "layout": {
    "bounds": [
      17.0000495911,
      17.0,
      223.000045776,
      218.0
    ],
    "vars": {
      "c_1": {
        "x": 213.000045776,
        "y": 171.0
      },
      "c_10": {
        "x": 26.0000495911,
        "y": 200.000045776
      },
      "c_100": {
        "x": 45.0000495911,
        "y": 156.0
      },
      "c_101": {
        "x": 84.0000534058,
        "y": 61.9999504089
      },
      "c_102": {
        "x": 65.0000534058,
        "y": 69.0
      },
      "c_103": {
        "x": 64.0000534058,
        "y": 74.0000991821
      },
      "c_104": {
        "x": 78.0000534058,
        "y": 59.0
      },
      "c_105": {
        "x": 94.0000534058,
        "y": 57.9999008179
      },
      "c_106": {
        "x": 102.000053406,
        "y": 68.0
      },
      "c_107": {
        "x": 70.0000534058,
        "y": 63.9999008179
      },
      "c_108": {
        "x": 92.0000534058,
        "y": 63.0
      },
      "c_109": {
        "x": 168.000045776,
        "y": 205.0
      },
      "c_11": {
        "x": 17.0000495911,
        "y": 183.0
      },
      "c_110": {
        "x": 183.000045776,
        "y": 174.999954224
      },
      "c_111": {
        "x": 178.333389282,
        "y": 187.0
      },
      "c_112": {
        "x": 186.000045776,
        "y": 197.0
      },
      "c_113": {
        "x": 174.000045776,
        "y": 202.0
      },
      "c_114": {
        "x": 180.000045776,
        "y": 181.0
      },
      "c_115": {
        "x": 181.000045776,
        "y": 198.0
      },
      "c_116": {
        "x": 179.000045776,
        "y": 204.0
      },
      "c_117": {
        "x": 78.0000534058,
        "y": 213.0
      },
      "c_118": {
        "x": 59.0000495911,
        "y": 193.0
      },
      "c_119": {
        "x": 62.0000495911,
        "y": 180.0
      },
      "c_12": {
        "x": 53.0000495911,
        "y": 218.0
      },
      "c_120": {
        "x": 66.0000534058,
        "y": 212.0
      },
      "c_121": {
        "x": 67.3333816528,
        "y": 206.0
      },
      "c_122": {
        "x": 64.2500534058,
        "y": 197.499954224
      },
      "c_123": {
        "x": 72.0000534058,
        "y": 212.0
      },
      "c_124": {
        "x": 85.0000534058,
        "y": 213.0
      },
      "c_125": {
        "x": 118.000053406,
        "y": 78.0
      },
      "c_126": {
        "x": 98.0000534058,
        "y": 80.9999465942
      },
      "c_127": {
        "x": 95.0000534058,
        "y": 86.0000534058
      },
      "c_128": {
        "x": 128.000045776,
        "y": 72.0
      },
      "c_129": {
        "x": 134.666717529,
        "y": 77.0
      },
      "c_13": {
        "x": 17.0000495911,
        "y": 176.0
      },
      "c_130": {
        "x": 124.666717529,
        "y": 78.0
      },
      "c_131": {
        "x": 109.000053406,
        "y": 76.0
      },
      "c_132": {
        "x": 140.000045776,
        "y": 78.0
      },
      "c_133": {
        "x": 175.750045776,
        "y": 129.0
      },
      "c_134": {
        "x": 172.000045776,
        "y": 135.0
      },
      "c_135": {
        "x": 165.500045776,
        "y": 144.0
      },
      "c_136": {
        "x": 165.750045776,
        "y": 127.0
      },
      "c_137": {
        "x": 162.000045776,
        "y": 159.249954224
      },
      "c_138": {
        "x": 167.000045776,
        "y": 138.0
      },
      "c_139": {
        "x": 153.000045776,
        "y": 160.0
      },
      "c_14": {
        "x": 19.0000495911,
        "y": 191.0
      },
      "c_140": {
        "x": 148.000045776,
        "y": 162.0
      },
      "c_141": {
        "x": 26.0000495911,
        "y": 138.333328247
      },
      "c_142": {
        "x": 46.0000495911,
        "y": 163.0
      },
      "c_143": {
        "x": 29.0000495911,
        "y": 133.333236694
      },
      "c_144": {
        "x": 54.0000495911,
        "y": 165.0
      },
      "c_145": {
        "x": 32.5000495911,
        "y": 159.999954224
      },
      "c_146": {
        "x": 30.7500495911,
        "y": 152.0
      },
      "c_147": {
        "x": 29.0000495911,
        "y": 143.333435059
      },
      "c_148": {
        "x": 37.5000495911,
        "y": 155.999954224
      },
      "c_149": {
        "x": 66.0000534058,
        "y": 46.4999504089
      },
      "c_15": {
        "x": 25.0000495911,
        "y": 189.000045776
      },
      "c_150": {
        "x": 95.6667175293,
        "y": 43.9999504089
      },
      "c_151": {
        "x": 61.0000495911,
        "y": 57.0
      },
      "c_152": {
        "x": 76.0000534058,
        "y": 45.0
      },
      "c_153": {
        "x": 103.000053406,
        "y": 52.0
      },
      "c_154": {
        "x": 94.6667175293,
        "y": 49.0000495911
      },
      "c_155": {
        "x": 66.0000534058,
        "y": 51.5000495911
      },
      "c_156": {
        "x": 83.0000534058,
        "y": 44.0
      },
      "c_157": {
        "x": 197.000045776,
        "y": 116.0
      },
      "c_158": {
        "x": 196.60005188,
        "y": 124.0
      },
      "c_159": {
        "x": 191.60005188,
        "y": 135.0
      },
      "c_16": {
        "x": 42.0000495911,
        "y": 212.000045776
      },
      "c_160": {
        "x": 192.000045776,
        "y": 112.999900818
      },
      "c_161": {
        "x": 196.60005188,
        "y": 131.0
      },
      "c_162": {
        "x": 201.60005188,
        "y": 126.0
      },
      "c_163": {
        "x": 190.000045776,
        "y": 149.499954224
      },
      "c_164": {
        "x": 178.000045776,
        "y": 151.0
      },
      "c_165": {
        "x": 50.0000495911,
        "y": 143.0
      },
      "c_166": {
        "x": 54.0000495911,
        "y": 154.0
      },
      "c_167": {
        "x": 49.2500495911,
        "y": 137.000045776
      },
      "c_168": {
        "x": 80.0000534058,
        "y": 169.0
      },
      "c_169": {
        "x": 49.0000495911,
        "y": 131.999954224
      },
      "c_17": {
        "x": 98.0000534058,
        "y": 19.0
      },
      "c_170": {
        "x": 60.0000495911,
        "y": 161.0
      },
      "c_171": {
        "x": 66.0000534058,
        "y": 171.0
      },
      "c_172": {
        "x": 65.0000534058,
        "y": 163.0
      },
      "c_173": {
        "x": 81.0000534058,
        "y": 67.0000534058
      },
      "c_174": {
        "x": 77.0000534058,
        "y": 73.0
      },
      "c_175": {
        "x": 77.0000534058,
        "y": 80.0
      },
      "c_176": {
        "x": 94.0000534058,
        "y": 68.0000991821
      },
      "c_177": {
        "x": 106.000053406,
        "y": 61.4999504089
      },
      "c_178": {
        "x": 123.000053406,
        "y": 64.0
      },
      "c_179": {
        "x": 88.0000534058,
        "y": 70.0
      },
      "c_18": {
        "x": 99.5000534058,
        "y": 26.0
      },
      "c_180": {
        "x": 109.000053406,
        "y": 66.5000534058
      },
      "c_181": {
        "x": 124.500053406,
        "y": 119.0
      },
      "c_182": {
        "x": 127.000053406,
        "y": 139.0
      },
      "c_183": {
        "x": 99.0000534058,
        "y": 126.0
      },
      "c_184": {
        "x": 121.000053406,
        "y": 155.0
      },
      "c_185": {
        "x": 95.0000534058,
        "y": 116.0
      },
      "c_186": {
        "x": 119.500053406,
        "y": 123.0
      },
      "c_19": {
        "x": 94.5000534058,
        "y": 27.0
      },
      "c_2": {
        "x": 223.000045776,
        "y": 143.0
      },
      "c_20": {
        "x": 118.000053406,
        "y": 17.0
      },
      "c_21": {
        "x": 132.000045776,
        "y": 18.0
      },
      "c_22": {
        "x": 144.000045776,
        "y": 25.0
      },
      "c_23": {
        "x": 82.0000534058,
        "y": 23.0
      },
      "c_24": {
        "x": 136.000045776,
        "y": 24.0
      },
      "c_25": {
        "x": 199.000045776,