{
  "id": "p_000016_00000000", 
  "layout": {
    "bounds": [
      0.583332, 
      0.583332, 
      79.656, 
      25.084799999999998
    ], 
    "vars": {
      "c_1": {
        "x": 74.47800000000001, 
        "y": 23.0538
      }, 
      "c_10": {
        "x": 24.9486, 
        "y": 12.3324
      }, 
      "c_11": {
        "x": 8.844, 
        "y": 4.2036
      }, 
      "c_12": {
        "x": 9.261600000000001, 
        "y": 6.7307999999999995
      }, 
      "c_13": {
        "x": 2.8749000000000002, 
        "y": 7.6476
      }, 
      "c_14": {
        "x": 3.82542, 
        "y": 14.43
      }, 
      "c_15": {
        "x": 0.583332, 
        "y": 14.3904
      }, 
      "c_16": {
        "x": 29.568599999999996, 
        "y": 20.0718
      }, 
      "c_17": {
        "x": 33.2112, 
        "y": 9.849599999999999
      }, 
      "c_18": {
        "x": 40.311, 
        "y": 1.2118200000000001
      }, 
      "c_2": {
        "x": 77.91, 
        "y": 15.8964
      }, 
      "c_3": {
        "x": 77.69999999999999, 
        "y": 7.6812000000000005
      }, 
      "c_4": {
        "x": 74.742, 
        "y": 6.168
      }, 
      "c_5": {
        "x": 67.23, 
        "y": 1.7323199999999999
      }, 
      "c_6": {
        "x": 58.70400000000001, 
        "y": 3.3107999999999995
      }, 
      "c_7": {
        "x": 59.321400000000004, 
        "y": 6.128400000000001
      }, 
      "c_8": {
        "x": 50.1084, 
        "y": 2.33604
      }, 
      "c_9": {
        "x": 18.243000000000002, 
        "y": 5.43126
      }, 
      "var_1": {
        "x": 71.604, 
        "y": 25.084799999999998
      }, 
      "var_10": {
        "x": 5.82276, 
        "y": 8.761199999999999
      }, 
      "var_11": {
        "x": 1.05924, 
        "y": 10.6758
      }, 
      "var_12": {
        "x": 1.5557999999999998, 
        "y": 17.901
      }, 
      "var_13": {
        "x": 29.992200000000004, 
        "y": 23.5044
      }, 
      "var_14": {
        "x": 29.5578, 
        "y": 14.625
      }, 
      "var_15": {
        "x": 36.415800000000004, 
        "y": 4.96002
      }, 
      "var_16": {
        "x": 45.3066, 
        "y": 0.583332
      }, 
      "var_2": {
        "x": 76.66199999999999, 
        "y": 19.869
      }, 
      "var_3": {
        "x": 79.656, 
        "y": 9.141
      }, 
      "var_4": {
        "x": 77.1, 
        "y": 11.0376
      }, 
      "var_5": {
        "x": 71.39399999999999, 
        "y": 2.96292
      }, 
      "var_6": {
        "x": 62.748000000000005, 
        "y": 2.66838
      }, 
      "var_7": {
        "x": 55.0596, 
        "y": 3.9585
      }, 
      "var_8": {
        "x": 21.6264, 
        "y": 8.577
      }, 
      "var_9": {
        "x": 12.817799999999998, 
        "y": 4.06164
      }
    }
  }
}