
{
  "id": "p_0001500_00000000",
  "layout": {
    "bounds": [0.097222,0.097222,63.656,28.58],
    "vars": {
      "c_216":{"x":21.008,"y":24.077},
      "c_217":{"x":21.091,"y":24.515},
      "c_214":{"x":23.633,"y":22.072},
      "c_215":{"x":23.664,"y":21.684},
      "c_212":{"x":24.061,"y":22.208},
      "c_213":{"x":23.937,"y":22.565},
      "c_210":{"x":20.732,"y":23.812},
      "c_211":{"x":23.98,"y":21.869},
      "c_218":{"x":20.726,"y":25.225},
      "c_219":{"x":20.035,"y":24.2},
      "c_186":{"x":13.332,"y":13.745},
      "c_187":{"x":14.327,"y":13.34},
      "c_184":{"x":14.713,"y":11.757},
      "c_185":{"x":14.916,"y":11.505},
      "c_182":{"x":14.711,"y":11.082},
      "c_183":{"x":14.295,"y":10.794},
      "c_180":{"x":13.131,"y":12.096},
      "c_181":{"x":14.321,"y":11.297},
      "c_188":{"x":13.277,"y":13.188},
      "c_189":{"x":14.014,"y":14.303},
      "c_60":{"x":0.23945,"y":2.9851},
      "c_61":{"x":1.3532,"y":3.4159},
      "c_62":{"x":1.4473,"y":0.72794},
      "c_63":{"x":1.1499,"y":0.94219},
      "c_64":{"x":4.1812,"y":2.9014},
      "c_65":{"x":0.88603,"y":2.9748},
      "c_66":{"x":0.86652,"y":3.6342},
      "c_67":{"x":0.77762,"y":1.0973},
      "c_68":{"x":0.41215,"y":1.322},
      "c_69":{"x":3.8455,"y":3.2106},
      "c_179":{"x":12.761,"y":12.592},
      "c_178":{"x":12.642,"y":11.189},
      "c_173":{"x":48.882,"y":9.1409},
      "c_172":{"x":48.557,"y":8.807},
      "c_171":{"x":48.488,"y":8.408},
      "c_170":{"x":51.623,"y":6.1902},
      "c_177":{"x":13.184,"y":11.483},
      "c_176":{"x":12.418,"y":12.209},
      "c_175":{"x":48.925,"y":8.5932},
      "c_174":{"x":49.168,"y":8.9381},
      "var_74":{"x":9.9456,"y":15.59},
      "var_75":{"x":17.579,"y":11.36},
      "var_76":{"x":13.42,"y":12.762},
      "var_77":{"x":13.9,"y":12.444},
      "var_70":{"x":51.166,"y":7.5906},
      "var_71":{"x":12.489,"y":11.699},
      "var_72":{"x":15.536,"y":10.276},
      "var_73":{"x":13.883,"y":13.884},
      "var_78":{"x":13.429,"y":12.142},
      "var_79":{"x":13.826,"y":13.254},
      "c_142":{"x":63.447,"y":14.254},
      "c_143":{"x":62.36,"y":13.732},
      "c_140":{"x":60.171,"y":13.451},
      "c_141":{"x":63.188,"y":12.593},
      "c_146":{"x":59.397,"y":13.331},
      "c_147":{"x":59.641,"y":14.182},
      "c_144":{"x":62.921,"y":14.453},
      "c_145":{"x":61.466,"y":12.252},
      "c_148":{"x":59.138,"y":13.875},
      "c_149":{"x":59.356,"y":14.406},
      "c_28":{"x":1.858,"y":27.024},
      "c_29":{"x":4.6036,"y":25.237},
      "c_24":{"x":3.2474,"y":12.286},
      "c_25":{"x":1.578,"y":11.9},
      "c_26":{"x":2.1608,"y":27.3},
      "c_27":{"x":3.6231,"y":24.601},
      "c_20":{"x":1.0192,"y":14.06},
      "c_21":{"x":1.4029,"y":12.23},
      "c_22":{"x":1.1112,"y":11.875},
      "c_23":{"x":4.2347,"y":13.29},
      "c_137":{"x":61.618,"y":15.313},
      "c_136":{"x":61.158,"y":14.215},
      "c_135":{"x":61.475,"y":11.636},
      "c_134":{"x":62.84,"y":13.787},
      "c_133":{"x":62.321,"y":13.002},
      "c_132":{"x":63.385,"y":13.495},
      "c_131":{"x":62.856,"y":11.962},
      "c_130":{"x":61.726,"y":11.947},
      "c_139":{"x":61.32,"y":15.554},
      "c_138":{"x":61.1,"y":14.883},
      "c_249":{"x":54.351,"y":18.779},
      "c_248":{"x":53.886,"y":19.911},
      "var_29":{"x":6.262,"y":4.0137},
      "var_28":{"x":0.69743,"y":0.36793},
      "var_27":{"x":1.0996,"y":0.13718},
      "var_26":{"x":1.3765,"y":4.6592},
      "c_243":{"x":53.228,"y":19.257},
      "var_24":{"x":1.4704,"y":2.4316},
      "var_23":{"x":2.0111,"y":2.1235},
      "var_22":{"x":1.2385,"y":2.0481},
      "var_21":{"x":2.5699,"y":2.0828},
      "var_20":{"x":1.9285,"y":28.036},
      "c_240":{"x":52.987,"y":21.243},
      "c_59":{"x":3.742,"y":2.8646},
      "c_58":{"x":0.097222,"y":0.94454},
      "c_51":{"x":1.9816,"y":3.4226},
      "c_50":{"x":1.3789,"y":27.292},
      "c_53":{"x":1.7952,"y":0.72732},
      "c_52":{"x":2.0914,"y":0.66311},
      "c_55":{"x":1.5383,"y":3.1299},
      "c_54":{"x":4.5386,"y":2.8719},
      "c_57":{"x":0.40438,"y":0.66415},
      "c_56":{"x":0.70498,"y":3.3347},
      "var_32":{"x":41.965,"y":15.04},
      "c_259":{"x":11.784,"y":4.2275},
      "var_38":{"x":41.15,"y":13.952},
      "c_253":{"x":10.488,"y":23.053},
      "c_205":{"x":21.94,"y":23.184},
      "c_204":{"x":21.864,"y":23.717},
      "c_207":{"x":21.784,"y":24.514},
      "c_206":{"x":21.625,"y":24.028},
      "c_201":{"x":22.367,"y":23.326},
      "c_200":{"x":16.026,"y":12.235},
      "c_203":{"x":22.161,"y":24.803},
      "c_202":{"x":22.5,"y":23.782},
      "c_209":{"x":20.602,"y":24.408},
      "c_208":{"x":21.29,"y":25.298},
      "c_195":{"x":12.043,"y":14.365},
      "c_194":{"x":11.875,"y":14.626},
      "c_197":{"x":15.885,"y":11.824},
      "c_196":{"x":15.552,"y":12.117},
      "c_191":{"x":11.533,"y":14.212},
      "c_190":{"x":14.494,"y":13.87},
      "c_193":{"x":11.517,"y":13.771},
      "c_192":{"x":11.879,"y":14.008},
      "c_199":{"x":15.842,"y":12.518},
      "c_198":{"x":15.57,"y":11.588},
      "c_15":{"x":2.3198,"y":15.639},
      "c_14":{"x":3.6788,"y":15.883},
      "c_17":{"x":0.69444,"y":14.237},
      "c_16":{"x":0.77898,"y":14.664},
      "c_11":{"x":2.0266,"y":15.998},
      "c_10":{"x":1.573,"y":14.548},
      "c_13":{"x":4.7677,"y":16.91},
      "c_12":{"x":1.9009,"y":15.689},
      "c_19":{"x":3.1,"y":14.351},
      "c_18":{"x":4.1609,"y":15.44},
      "c_108":{"x":24.385,"y":6.5236},
      "c_109":{"x":21.897,"y":3.8657},
      "c_106":{"x":21.453,"y":5.6352},
      "c_107":{"x":22.353,"y":3.7967},
      "c_104":{"x":21.835,"y":2.9743},
      "c_105":{"x":22.596,"y":2.8675},
      "c_102":{"x":22.195,"y":2.931},
      "c_103":{"x":24.291,"y":6.059},
      "c_100":{"x":40.733,"y":15.313},
      "c_101":{"x":21.172,"y":5.0147},
      "var_16":{"x":1.34,"y":27.81},
      "var_17":{"x":4.6084,"y":23.085},
      "var_14":{"x":2.9357,"y":27.156},
      "var_15":{"x":2.062,"y":26.062},
      "var_12":{"x":3.3605,"y":26.856},
      "var_13":{"x":2.1943,"y":25.612},
      "var_10":{"x":1.8276,"y":13.582},
      "var_11":{"x":3.0662,"y":26.274},
      "var_18":{"x":0.94997,"y":27.498},
      "var_19":{"x":5.9265,"y":23.928},
      "var_63":{"x":50.484,"y":10.5},
      "var_62":{"x":51.382,"y":5.9702},
      "var_61":{"x":54.243,"y":8.5376},
      "var_60":{"x":59.804,"y":11.698},
      "var_67":{"x":50.574,"y":7.8777},
      "var_66":{"x":50.511,"y":7.3615},
      "var_65":{"x":46.824,"y":9.9837},
      "var_64":{"x":51.933,"y":5.9414},
      "var_69":{"x":51.509,"y":8.0015},
      "var_68":{"x":51.047,"y":8.2698},
      "var_43":{"x":23.053,"y":4.515},
      "c_268":{"x":7.1516,"y":14.898},
      "c_151":{"x":52.565,"y":7.6975},
      "c_150":{"x":58.427,"y":12.768},
      "c_153":{"x":52.864,"y":8.4201},
      "c_152":{"x":52.53,"y":8.1585},
      "c_155":{"x":53.055,"y":7.6478},
      "c_154":{"x":53.243,"y":8.0433},
      "c_157":{"x":50.65,"y":6.5042},
      "c_156":{"x":50.585,"y":5.9506},
      "c_159":{"x":52.018,"y":6.6638},
      "c_158":{"x":51.297,"y":6.9372},
      "c_227":{"x":51.985,"y":21.095},
      "c_226":{"x":50.046,"y":18.235},
      "c_225":{"x":17.848,"y":22.261},
      "c_224":{"x":17.778,"y":22.697},
      "c_223":{"x":18.008,"y":23.124},
      "var_80":{"x":14.072,"y":12.907},
      "c_263":{"x":21.594,"y":9.7854},
      "c_221":{"x":18.145,"y":22.387},
      "c_76":{"x":41.163,"y":17.001},
      "c_220":{"x":20.216,"y":23.713},
      "var_58":{"x":61.297,"y":13.754},
      "var_59":{"x":61.725,"y":14.523},
      "var_52":{"x":62.752,"y":12.557},
      "var_53":{"x":60.155,"y":15.332},
      "var_50":{"x":21.577,"y":3.3077},
      "var_51":{"x":63.157,"y":12.952},
      "var_56":{"x":61.76,"y":12.85},
      "var_57":{"x":62.174,"y":14.277},
      "var_54":{"x":62.865,"y":13.289},
      "var_55":{"x":56.942,"y":14.003},
      "c_262":{"x":43.52,"y":14.601},
      "c_70":{"x":0.31975,"y":3.3047},
      "c_48":{"x":0.63317,"y":26.768},
      "c_49":{"x":4.0494,"y":25.21},