
{
  "id": "p_0001100_00000000",
  "layout": {
    "bounds": [0.097222,0.097222,74.537,35.439],
    "vars": {
      "c_216":{"x":29.665,"y":3.0957},
      "c_217":{"x":29.951,"y":2.5503},
      "c_214":{"x":28.889,"y":5.1705},
      "c_215":{"x":28.835,"y":6.8985},
      "c_212":{"x":28.239,"y":4.8911},
      "c_213":{"x":28.626,"y":4.9137},
      "c_210":{"x":29.722,"y":5.3865},
      "c_211":{"x":28.054,"y":5.2223},
      "c_218":{"x":30.44,"y":2.5871},
      "c_219":{"x":30.813,"y":2.9537},
      "c_186":{"x":40.628,"y":13.511},
      "c_187":{"x":41.125,"y":14.973},
      "c_184":{"x":40.679,"y":16.926},
      "c_185":{"x":39.138,"y":14.381},
      "c_182":{"x":40.775,"y":15.407},
      "c_183":{"x":39.462,"y":13.079},
      "c_180":{"x":37.112,"y":14.242},
      "c_181":{"x":40.608,"y":14.075},
      "c_188":{"x":39.676,"y":12.793},
      "c_189":{"x":40.882,"y":16.665},
      "c_60":{"x":29.353,"y":14.584},
      "c_61":{"x":24.692,"y":13.746},
      "c_62":{"x":26.081,"y":16.073},
      "c_63":{"x":25.444,"y":16.101},
      "c_64":{"x":26.131,"y":14.247},
      "c_65":{"x":26.449,"y":15.72},
      "c_66":{"x":24.363,"y":13.182},
      "c_67":{"x":25.853,"y":15.049},
      "c_68":{"x":25.114,"y":15.277},
      "c_69":{"x":25.999,"y":13.523},
      "c_179":{"x":38.616,"y":16.918},
      "c_178":{"x":37.331,"y":13.1},
      "c_173":{"x":62.154,"y":21.168},
      "c_172":{"x":59.388,"y":20.549},
      "c_171":{"x":62.977,"y":20.883},
      "c_170":{"x":61.969,"y":20.765},
      "c_177":{"x":38.618,"y":15.349},
      "c_176":{"x":38.372,"y":14.229},
      "c_175":{"x":62.915,"y":19.364},
      "c_174":{"x":63.175,"y":20.52},
      "var_74":{"x":40.877,"y":14.47},
      "var_75":{"x":45.944,"y":13.171},
      "var_76":{"x":40.996,"y":13.619},
      "var_77":{"x":41.445,"y":15.691},
      "var_70":{"x":62.193,"y":19.181},
      "var_71":{"x":35.913,"y":14.935},
      "var_72":{"x":40.073,"y":14.897},
      "var_73":{"x":40.32,"y":14.522},
      "var_78":{"x":38.999,"y":11.536},
      "var_79":{"x":41.444,"y":18.799},
      "c_142":{"x":72.318,"y":0.097222},
      "c_143":{"x":72.8,"y":1.8443},
      "c_140":{"x":73.741,"y":2.9959},
      "c_141":{"x":71.941,"y":0.85338},
      "c_146":{"x":70.142,"y":3.235},
      "c_147":{"x":70.238,"y":2.7766},
      "c_144":{"x":73.394,"y":0.16397},
      "c_145":{"x":72.437,"y":1.6398},
      "c_148":{"x":70.782,"y":3.8617},
      "c_149":{"x":70.774,"y":2.9285},
      "c_28":{"x":39.477,"y":31.074},
      "c_29":{"x":40.791,"y":31.215},
      "c_24":{"x":1.2073,"y":17.452},
      "c_25":{"x":0.61179,"y":16.957},
      "c_26":{"x":40.259,"y":31.597},
      "c_27":{"x":39.678,"y":31.466},
      "c_20":{"x":0.35597,"y":14.967},
      "c_21":{"x":3.5381,"y":15.762},
      "c_22":{"x":0.66301,"y":16.578},
      "c_23":{"x":3.3353,"y":15.44},
      "c_137":{"x":73.579,"y":1.3788},
      "c_136":{"x":73.217,"y":2.3584},
      "c_135":{"x":73.722,"y":2.5238},
      "c_134":{"x":74.429,"y":0.95325},
      "c_133":{"x":74.304,"y":2.6616},
      "c_132":{"x":73.466,"y":0.83438},
      "c_131":{"x":73.212,"y":1.7795},
      "c_130":{"x":73.518,"y":2.0177},
      "c_139":{"x":74.537,"y":1.4576},
      "c_138":{"x":74.267,"y":3.119},
      "c_249":{"x":60.812,"y":10.506},
      "c_248":{"x":63.118,"y":12.866},
      "var_29":{"x":27.078,"y":13.734},
      "var_28":{"x":26.446,"y":15.391},
      "var_27":{"x":27.004,"y":15.38},
      "var_26":{"x":24.799,"y":12.324},
      "var_25":{"x":24.949,"y":14.854},
      "var_24":{"x":25.222,"y":14.237},
      "var_23":{"x":25.466,"y":15.159},
      "var_22":{"x":31.287,"y":14.196},
      "var_21":{"x":25.544,"y":13.721},
      "var_20":{"x":40.515,"y":31.31},
      "c_240":{"x":63.539,"y":11.879},
      "c_59":{"x":29.208,"y":13.898},
      "c_58":{"x":28.85,"y":14.879},
      "c_51":{"x":24.664,"y":12.843},
      "c_50":{"x":40.469,"y":33.023},
      "c_53":{"x":25.423,"y":14.695},
      "c_52":{"x":26.05,"y":14.662},
      "c_55":{"x":26.557,"y":14.139},
      "c_54":{"x":26.253,"y":13.151},
      "c_57":{"x":29.2,"y":14.945},
      "c_56":{"x":28.059,"y":13.187},
      "c_258":{"x":42.094,"y":18.082},
      "c_259":{"x":62.593,"y":16.579},
      "c_252":{"x":30.368,"y":13.613},
      "var_39":{"x":8.5558,"y":7.2254},
      "c_205":{"x":29.329,"y":5.6093},
      "c_204":{"x":29.354,"y":3.1926},
      "c_207":{"x":28.958,"y":2.6077},
      "c_206":{"x":28.571,"y":3.3026},
      "c_201":{"x":28.176,"y":3.5059},
      "c_200":{"x":42.308,"y":13.353},
      "c_203":{"x":28.995,"y":2.9472},
      "c_202":{"x":28.506,"y":2.9406},
      "c_209":{"x":30.048,"y":2.9469},
      "c_208":{"x":29.468,"y":2.5494},
      "c_195":{"x":39.742,"y":13.918},
      "c_194":{"x":41.299,"y":16.635},
      "c_197":{"x":43.765,"y":14.382},
      "c_196":{"x":43.549,"y":13.246},
      "c_191":{"x":41.468,"y":13.666},
      "c_190":{"x":39.354,"y":13.894},
      "c_193":{"x":40.116,"y":12.734},
      "c_192":{"x":41.688,"y":14.873},
      "c_199":{"x":43.771,"y":15.989},
      "c_198":{"x":42.524,"y":12.192},
      "c_15":{"x":1.2178,"y":16.579},
      "c_14":{"x":1.8489,"y":17.227},
      "c_17":{"x":0.61375,"y":14.579},
      "c_16":{"x":3.4785,"y":14.412},
      "c_11":{"x":3.9559,"y":15.66},
      "c_10":{"x":0.15061,"y":15.241},
      "c_13":{"x":3.7993,"y":15.317},
      "c_12":{"x":1.4218,"y":16.173},
      "c_19":{"x":1.1566,"y":15.505},
      "c_18":{"x":3.1377,"y":13.941},
      "c_108":{"x":45.125,"y":22.425},
      "c_109":{"x":45.61,"y":22.255},
      "c_106":{"x":45.552,"y":22.625},
      "c_107":{"x":42.897,"y":20.357},
      "c_104":{"x":43.164,"y":24.405},
      "c_105":{"x":42.732,"y":24.231},
      "c_102":{"x":40.325,"y":22.42},
      "c_103":{"x":42.591,"y":24.606},
      "c_100":{"x":7.155,"y":7.4019},
      "c_101":{"x":43.085,"y":24.777},
      "var_16":{"x":40.27,"y":34.14},
      "var_17":{"x":39.263,"y":33.916},
      "var_14":{"x":40.754,"y":34.33},
      "var_15":{"x":40.233,"y":34.608},
      "var_12":{"x":39.667,"y":34.583},
      "var_13":{"x":38.926,"y":33.986},
      "var_10":{"x":0.097222,"y":16.088},
      "var_11":{"x":40.297,"y":28.953},
      "var_18":{"x":38.959,"y":33.238},
      "var_19":{"x":40.99,"y":33.468},
      "var_63":{"x":60.979,"y":22.297},
      "var_62":{"x":60.739,"y":21.855},
      "var_61":{"x":61.299,"y":19.578},
      "var_60":{"x":72.495,"y":2.7974},
      "var_67":{"x":56.778,"y":21.332},
      "var_66":{"x":62.742,"y":22.031},
      "var_65":{"x":61.984,"y":19.709},
      "var_64":{"x":61.388,"y":22.294},
      "var_69":{"x":62.944,"y":21.596},
      "var_68":{"x":61.677,"y":22.364},
      "c_269":{"x":35.203,"y":16.921},
      "c_268":{"x":26.162,"y":9.3418},
      "c_151":{"x":62.368,"y":20.758},
      "c_150":{"x":70.472,"y":3.6991},
      "c_153":{"x":61.424,"y":21.072},
      "c_152":{"x":58.993,"y":20.445},
      "c_155":{"x":61.885,"y":18.997},
      "c_154":{"x":62.54,"y":20.403},
      "c_157":{"x":58.702,"y":21.68},
      "c_156":{"x":61.916,"y":22.47},
      "c_159":{"x":62.021,"y":21.923},
      "c_158":{"x":61.018,"y":22.89},
      "c_227":{"x":63.571,"y":12.554},
      "c_226":{"x":62.876,"y":14.736},
      "c_225":{"x":31.563,"y":6.706},
      "c_224":{"x":31.84,"y":4.9066},
      "c_223":{"x":31.639,"y":4.6548},
      "var_80":{"x":38.584,"y":13.759},
      "c_263":{"x":51.669,"y":21.333},
      "c_221":{"x":31.104,"y":5.1364},
      "c_76":{"x":10.077,"y":9.6984},
      "c_220":{"x":30.319,"y":5.3581},
      "var_58":{"x":72.981,"y":2.9912},
      "var_59":{"x":73.084,"y":1.3954},
      "var_52":{"x":74.181,"y":1.6597},
      "var_53":{"x":74.265,"y":2.2475},
      "var_50":{"x":43.598,"y":22.772},
      "var_51":{"x":73.834,"y":1.0251},
      "var_56":{"x":71.965,"y":2.0275},
      "var_57":{"x":72.168,"y":1.2508},
      "var_54":{"x":72.64,"y":0.67001},
      "var_55":{"x":68.41,"y":4.5318},
      "c_262":{"x":63.722,"y":7.369},
      "c_70":{"x":26.341,"y":14.642},
      "c_48":{"x":39.171,"y":34.401},