{
  "id": "p_000060_00000000", 
  "layout": {
    "bounds": [
      0.777776, 
      0.777776, 
      304.368, 
      268.12
    ], 
    "vars": {
      "c_1": {
        "x": 38.2304, 
        "y": 71.2768
      }, 
      "c_10": {
        "x": 279.272, 
        "y": 214.92
      }, 
      "c_100": {
        "x": 243.784, 
        "y": 245.352
      }, 
      "c_101": {
        "x": 253.296, 
        "y": 223.912
      }, 
      "c_102": {
        "x": 250.856, 
        "y": 222.976
      }, 
      "c_103": {
        "x": 252.384, 
        "y": 226.752
      }, 
      "c_104": {
        "x": 249.784, 
        "y": 225.848
      }, 
      "c_105": {
        "x": 152.224, 
        "y": 266.272
      }, 
      "c_106": {
        "x": 151.296, 
        "y": 263.608
      }, 
      "c_107": {
        "x": 153.472, 
        "y": 264.056
      }, 
      "c_108": {
        "x": 152.616, 
        "y": 261.36
      }, 
      "c_109": {
        "x": 199.08, 
        "y": 263.096
      }, 
      "c_11": {
        "x": 277.552, 
        "y": 212.528
      }, 
      "c_110": {
        "x": 198.112, 
        "y": 266.104
      }, 
      "c_111": {
        "x": 199.592, 
        "y": 268.12
      }, 
      "c_112": {
        "x": 200.464, 
        "y": 265.336
      }, 
      "c_113": {
        "x": 191.504, 
        "y": 166.56
      }, 
      "c_114": {
        "x": 194.208, 
        "y": 166.472
      }, 
      "c_115": {
        "x": 193.0, 
        "y": 164.808
      }, 
      "c_116": {
        "x": 195.72, 
        "y": 164.832
      }, 
      "c_117": {
        "x": 197.184, 
        "y": 212.104
      }, 
      "c_118": {
        "x": 192.608, 
        "y": 210.68
      }, 
      "c_119": {
        "x": 194.496, 
        "y": 212.616
      }, 
      "c_12": {
        "x": 275.0, 
        "y": 212.104
      }, 
      "c_120": {
        "x": 195.28, 
        "y": 210.064
      }, 
      "c_121": {
        "x": 240.824, 
        "y": 104.344
      }, 
      "c_122": {
        "x": 239.2, 
        "y": 102.0
      }, 
      "c_123": {
        "x": 238.152, 
        "y": 104.424
      }, 
      "c_124": {
        "x": 236.648, 
        "y": 101.976
      }, 
      "c_125": {
        "x": 245.512, 
        "y": 127.088
      }, 
      "c_126": {
        "x": 246.232, 
        "y": 129.808
      }, 
      "c_127": {
        "x": 247.504, 
        "y": 125.272
      }, 
      "c_128": {
        "x": 248.128, 
        "y": 127.952
      }, 
      "c_129": {
        "x": 257.688, 
        "y": 40.5
      }, 
      "c_13": {
        "x": 200.344, 
        "y": 130.896
      }, 
      "c_130": {
        "x": 255.768, 
        "y": 39.1624
      }, 
      "c_131": {
        "x": 254.952, 
        "y": 41.66
      }, 
      "c_132": {
        "x": 258.344, 
        "y": 38.0152
      }, 
      "c_133": {
        "x": 265.256, 
        "y": 69.2528
      }, 
      "c_134": {
        "x": 262.952, 
        "y": 67.3296
      }, 
      "c_135": {
        "x": 263.336, 
        "y": 71.0184
      }, 
      "c_136": {
        "x": 261.0, 
        "y": 69.0808
      }, 
      "c_137": {
        "x": 294.816, 
        "y": 165.12
      }, 
      "c_138": {
        "x": 298.0, 
        "y": 164.768
      }, 
      "c_139": {
        "x": 299.744, 
        "y": 166.352
      }, 
      "c_14": {
        "x": 202.056, 
        "y": 132.672
      }, 
      "c_140": {
        "x": 296.648, 
        "y": 166.688
      }, 
      "c_141": {
        "x": 301.728, 
        "y": 121.272
      }, 
      "c_142": {
        "x": 304.368, 
        "y": 120.264
      }, 
      "c_143": {
        "x": 299.256, 
        "y": 119.952
      }, 
      "c_144": {
        "x": 302.032, 
        "y": 118.888
      }, 
      "c_145": {
        "x": 11.1216, 
        "y": 106.144
      }, 
      "c_146": {
        "x": 6.77144, 
        "y": 103.256
      }, 
      "c_147": {
        "x": 9.5776, 
        "y": 103.528
      }, 
      "c_148": {
        "x": 8.1456, 
        "y": 105.736
      }, 
      "c_149": {
        "x": 24.9576, 
        "y": 102.888
      }, 
      "c_15": {
        "x": 200.536, 
        "y": 128.456
      }, 
      "c_150": {
        "x": 26.6344, 
        "y": 100.632
      }, 
      "c_151": {
        "x": 27.7848, 
        "y": 103.68
      }, 
      "c_152": {
        "x": 29.4944, 
        "y": 101.528
      }, 
      "c_153": {
        "x": 21.0928, 
        "y": 188.752
      }, 
      "c_154": {
        "x": 24.132, 
        "y": 188.032
      }, 
      "c_155": {
        "x": 22.7384, 
        "y": 190.336
      }, 
      "c_156": {
        "x": 19.7688, 
        "y": 190.96
      }, 
      "c_157": {
        "x": 4.76704, 
        "y": 147.912
      }, 
      "c_158": {
        "x": 3.00568, 
        "y": 150.144
      }, 
      "c_159": {
        "x": 0.777776, 
        "y": 149.92
      }, 
      "c_16": {
        "x": 202.264, 
        "y": 130.216
      }, 
      "c_160": {
        "x": 6.10024, 
        "y": 149.656
      }, 
      "c_17": {
        "x": 88.576, 
        "y": 220.616
      }, 
      "c_18": {
        "x": 84.272, 
        "y": 220.24
      }, 
      "c_19": {
        "x": 86.352, 
        "y": 218.744
      }, 
      "c_2": {
        "x": 36.956, 
        "y": 68.8104
      }, 
      "c_20": {
        "x": 86.464, 
        "y": 222.144
      }, 
      "c_21": {
        "x": 90.552, 
        "y": 156.184
      }, 
      "c_22": {
        "x": 92.496, 
        "y": 154.272
      }, 
      "c_23": {
        "x": 90.064, 
        "y": 153.632
      }, 
      "c_24": {
        "x": 91.912, 
        "y": 151.768
      }, 
      "c_25": {
        "x": 169.216, 
        "y": 3.57448
      }, 
      "c_26": {
        "x": 168.608, 
        "y": 0.777776
      }, 
      "c_27": {
        "x": 166.952, 
        "y": 2.81824
      }, 
      "c_28": {
        "x": 167.616, 
        "y": 5.77408
      }, 
      "c_29": {
        "x": 114.68, 
        "y": 34.4024
      }, 
      "c_3": {
        "x": 34.3352, 
        "y": 68.1632
      }, 
      "c_30": {
        "x": 112.048, 
        "y": 35.208
      }, 
      "c_31": {
        "x": 114.424, 
        "y": 37.1152
      }, 
      "c_32": {
        "x": 111.904, 
        "y": 38.0264
      }, 
      "c_33": {
        "x": 180.616, 
        "y": 252.448
      }, 
      "c_34": {
        "x": 179.656, 
        "y": 249.76
      }, 
      "c_35": {
        "x": 182.464, 
        "y": 249.672
      }, 
      "c_36": {
        "x": 183.448, 
        "y": 252.216
      }, 
      "c_37": {
        "x": 220.832, 
        "y": 200.336
      }, 
      "c_38": {
        "x": 217.512, 
        "y": 203.608
      }, 
      "c_39": {
        "x": 220.04, 
        "y": 203.144
      }, 
      "c_4": {
        "x": 35.6016, 
        "y": 70.5144
      }, 
      "c_40": {
        "x": 218.336, 
        "y": 200.784
      }, 
      "c_41": {
        "x": 287.792, 
        "y": 74.444
      }, 
      "c_42": {
        "x": 284.952, 
        "y": 75.448
      }, 
      "c_43": {
        "x": 285.896, 
        "y": 72.8776
      }, 
      "c_44": {
        "x": 288.648, 
        "y": 71.9728
      }, 
      "c_45": {
        "x": 285.208, 
        "y": 137.288
      }, 
      "c_46": {
        "x": 285.2, 
        "y": 140.192
      }, 
      "c_47": {
        "x": 287.928, 
        "y": 139.472
      }, 
      "c_48": {
        "x": 287.784, 
        "y": 136.536
      }, 
      "c_49": {
        "x": 15.3872, 
        "y": 160.968
      }, 
      "c_5": {
        "x": 176.04,