{
  "id": "p_000084_00000000",
  "layout": {
    "bounds": [
      0.583332,
      0.583332,
      100.17,
      92.244
    ],
    "vars": {
      "c_1": {
        "x": 40.8888,
        "y": 39.913199999999996
      },
      "c_10": {
        "x": 29.421599999999998,
        "y": 33.705
      },
      "c_100": {
        "x": 81.642,
        "y": 26.5614
      },
      "c_11": {
        "x": 20.2914,
        "y": 29.947200000000002
      },
      "c_12": {
        "x": 12.9252,
        "y": 23.97
      },
      "c_13": {
        "x": 10.6146,
        "y": 18.5982
      },
      "c_14": {
        "x": 11.764800000000001,
        "y": 14.1162
      },
      "c_15": {
        "x": 26.067,
        "y": 24.366
      },
      "c_16": {
        "x": 24.336599999999997,
        "y": 15.78
      },
      "c_17": {
        "x": 25.811999999999998,
        "y": 10.4436
      },
      "c_18": {
        "x": 28.449,
        "y": 6.8358
      },
      "c_19": {
        "x": 25.7502,
        "y": 50.9076
      },
      "c_2": {
        "x": 39.3972,
        "y": 46.095
      },
      "c_20": {
        "x": 27.977399999999996,
        "y": 53.92920000000001
      },
      "c_21": {
        "x": 24.583799999999997,
        "y": 54.03060000000001
      },
      "c_22": {
        "x": 25.821600000000004,
        "y": 53.0256
      },
      "c_23": {
        "x": 14.738399999999999,
        "y": 53.443799999999996
      },
      "c_24": {
        "x": 5.0678399999999995,
        "y": 54.1254
      },
      "c_25": {
        "x": 1.42008,
        "y": 50.370599999999996
      },
      "c_26": {
        "x": 0.583332,
        "y": 45.5202
      },
      "c_27": {
        "x": 21.933600000000002,
        "y": 62.562
      },
      "c_28": {
        "x": 18.7272,
        "y": 70.842
      },
      "c_29": {
        "x": 18.8574,
        "y": 76.416
      },
      "c_3": {
        "x": 52.17659999999999,
        "y": 46.2762
      },
      "c_30": {
        "x": 17.283,
        "y": 78.348
      },
      "c_31": {
        "x": 13.296000000000001,
        "y": 61.602
      },
      "c_32": {
        "x": 5.9931,
        "y": 67.776
      },
      "c_33": {
        "x": 5.3326199999999995,
        "y": 72.91199999999999
      },
      "c_34": {
        "x": 58.1118,
        "y": 54.58800000000001
      },
      "c_35": {
        "x": 60.18600000000001,
        "y": 49.452600000000004
      },
      "c_36": {
        "x": 60.336,
        "y": 53.0274
      },
      "c_37": {
        "x": 63.269999999999996,
        "y": 59.4594
      },
      "c_38": {
        "x": 58.0398,
        "y": 62.628
      },
      "c_39": {
        "x": 61.074,
        "y": 62.268
      },
      "c_4": {
        "x": 55.172399999999996,
        "y": 53.135400000000004
      },
      "c_40": {
        "x": 71.64,
        "y": 57.6828
      },
      "c_41": {
        "x": 81.19200000000001,
        "y": 52.400999999999996
      },
      "c_42": {
        "x": 53.440200000000004,
        "y": 71.47800000000001
      },
      "c_43": {
        "x": 47.861399999999996,
        "y": 79.72200000000001
      },
      "c_44": {
        "x": 67.72200000000001,
        "y": 46.5984
      },
      "c_45": {
        "x": 74.574,
        "y": 40.889399999999995
      },
      "c_46": {
        "x": 80.1,
        "y": 35.861399999999996
      },
      "c_47": {
        "x": 82.434,
        "y": 30.798000000000002
      },
      "c_48": {
        "x": 65.646,
        "y": 68.178
      },
      "c_49": {
        "x": 63.257999999999996,
        "y": 71.082
      },
      "c_5": {
        "x": 44.9538,
        "y": 33.6744
      },
      "c_50": {
        "x": 71.526,
        "y": 64.974
      },
      "c_51": {
        "x": 64.584,
        "y": 71.166
      },
      "c_52": {
        "x": 71.292,
        "y": 74.55000000000001
      },
      "c_53": {
        "x": 76.65,
        "y": 73.938
      },
      "c_54": {
        "x": 65.44200000000001,
        "y": 82.488
      },
      "c_55": {
        "x": 62.592,
        "y": 81.99
      },
      "c_56": {
        "x": 63.888,
        "y": 83.196
      },
      "c_57": {
        "x": 65.904,
        "y": 89.898
      },
      "c_58": {
        "x": 68.71799999999999,
        "y": 92.244
      },
      "c_59": {
        "x": 73.074,
        "y": 91.008
      },
      "c_6": {
        "x": 56.712599999999995,
        "y": 32.5062
      },
      "c_60": {
        "x": 58.172999999999995,
        "y": 86.364
      },
      "c_61": {
        "x": 52.219800000000006,
        "y": 86.37
      },
      "c_62": {
        "x": 83.958,
        "y": 67.26
      },
      "c_63": {
        "x": 83.124,
        "y": 63.288
      },
      "c_64": {
        "x": 84.612,
        "y": 64.74600000000001
      },
      "c_65": {
        "x": 90.97200000000001,
        "y": 67.188
      },
      "c_66": {
        "x": 95.4,
        "y": 64.554
      },
      "c_67": {
        "x": 87.684,
        "y": 56.284800000000004
      },
      "c_68": {
        "x": 89.34,
        "y": 47.1102
      },
      "c_69": {
        "x": 43.352399999999996,
        "y": 20.3856
      },
      "c_7": {
        "x": 38.053200000000004,
        "y": 43.644
      },
      "c_70": {
        "x": 38.355599999999995,
        "y": 22.3644
      },
      "c_71": {
        "x": 40.4862,
        "y": 19.998
      },
      "c_72": {
        "x": 49.2192,
        "y": 14.4444
      },
      "c_73": {
        "x": 45.2472,
        "y": 13.336200000000002
      },
      "c_74": {
        "x": 48.8694,
        "y": 13.023599999999998
      },
      "c_75": {
        "x": 59.302800000000005,
        "y": 13.7124
      },
      "c_76": {
        "x": 70.76400000000001,
        "y": 19.1682
      },
      "c_77": {
        "x": 49.0614,
        "y": 16.296599999999998
      },
      "c_78": {
        "x": 51.307199999999995,
        "y": 20.088
      },
      "c_79": {
        "x": 28.2954,
        "y": 20.686799999999998
      },
      "c_8": {
        "x": 29.206200000000003,
        "y": 35.5938
      },
      "c_80": {
        "x": 16.793400000000002,
        "y": 24.511200000000002
      },
      "c_81": {
        "x": 8.959200000000001,
        "y": 30.4854
      },
      "c_82": {
        "x": 4.26342,
        "y": 35.557199999999995
      },
      "c_83": {
        "x": 72.108,
        "y": 18.3924
      },
      "c_84": {
        "x": 68.274,
        "y": 17.283
      },
      "c_85": {
        "x": 71.47800000000001,
        "y": 16.9272
      },
      "c_86": {
        "x": 82.524,
        "y": 13.287
      },
      "c_87": {
        "x": 82.638,
        "y": 10.8078
      },
      "c_88": {
        "x": 83.676,
        "y": 12.0414
      },
      "c_89": {
        "x": 89.538,
        "y": 17.3898
      },
      "c_9": {
        "x": 31.261200000000002,
        "y": 33.4548
      },
      "c_90": {
        "x": 91.65,
        "y": 25.069200000000002
      },
      "c_91": {
        "x": 89.616,
        "y": 30.186
      },
      "c_92": {
        "x": 92.304,
        "y": 10.035
      },
      "c_93": {
        "x": 98.64000000000001,
        "y": 14.2434
      },
      "c_94": {
        "x": 73.08,
        "y": 7.0068
      },
      "c_95": {
        "x": 77.052,
        "y": 0.98874
      },
      "c_96": {
        "x": 1.9264799999999997,
        "y": 40.589999999999996
      },
      "c_97": {
        "x": 87.384,
        "y": 36.904199999999996
      },
      "c_98": {
        "x": 87.342,
        "y": 45.9636
      },
      "c_99": {
        "x": 47.498400000000004,
        "y": 84.09
      },
      "var_1": {
        "x": 47.7024,
        "y": 42.1716
      },
      "var_10": {
        "x": 16.3644,
        "y": 27.102000000000004
      },
      "var_11": {
        "x": 10.8438,
        "y": 21.18
      },
      "var_12": {
        "x": 10.7766,
        "y": 16.134
      },
      "var_13": {
        "x": 13.035,
        "y": 12.5958
      },
      "var_14": {
        "x": 24.550200000000004,