{
  "id": "p_000087_00000000", 
  "layout": {
    "bounds": [
      0.777776, 
      0.777776, 
      288.616, 
      271.68
    ], 
    "vars": {
      "c_1": {
        "x": 86.824, 
        "y": 171.44
      }, 
      "c_10": {
        "x": 84.016, 
        "y": 232.272
      }, 
      "c_100": {
        "x": 26.2376, 
        "y": 171.864
      }, 
      "c_101": {
        "x": 27.42, 
        "y": 184.832
      }, 
      "c_102": {
        "x": 32.5776, 
        "y": 196.832
      }, 
      "c_103": {
        "x": 173.712, 
        "y": 138.512
      }, 
      "c_104": {
        "x": 12.2384, 
        "y": 208.848
      }, 
      "c_105": {
        "x": 115.296, 
        "y": 65.8152
      }, 
      "c_106": {
        "x": 178.824, 
        "y": 178.648
      }, 
      "c_107": {
        "x": 146.896, 
        "y": 94.384
      }, 
      "c_11": {
        "x": 89.456, 
        "y": 237.632
      }, 
      "c_12": {
        "x": 85.824, 
        "y": 238.136
      }, 
      "c_13": {
        "x": 76.476, 
        "y": 256.888
      }, 
      "c_14": {
        "x": 84.816, 
        "y": 268.84
      }, 
      "c_15": {
        "x": 95.656, 
        "y": 260.816
      }, 
      "c_16": {
        "x": 109.872, 
        "y": 270.84
      }, 
      "c_17": {
        "x": 57.7744, 
        "y": 218.136
      }, 
      "c_18": {
        "x": 30.94, 
        "y": 222.248
      }, 
      "c_19": {
        "x": 132.128, 
        "y": 225.712
      }, 
      "c_2": {
        "x": 95.448, 
        "y": 143.304
      }, 
      "c_20": {
        "x": 137.856, 
        "y": 216.52
      }, 
      "c_21": {
        "x": 138.456, 
        "y": 221.24
      }, 
      "c_22": {
        "x": 148.168, 
        "y": 233.808
      }, 
      "c_23": {
        "x": 160.952, 
        "y": 206.184
      }, 
      "c_24": {
        "x": 127.096, 
        "y": 121.48
      }, 
      "c_25": {
        "x": 117.424, 
        "y": 114.976
      }, 
      "c_26": {
        "x": 124.256, 
        "y": 114.864
      }, 
      "c_27": {
        "x": 161.616, 
        "y": 96.24
      }, 
      "c_28": {
        "x": 200.64, 
        "y": 73.5664
      }, 
      "c_29": {
        "x": 237.8, 
        "y": 67.3312
      }, 
      "c_3": {
        "x": 58.7208, 
        "y": 142.328
      }, 
      "c_30": {
        "x": 257.456, 
        "y": 72.2184
      }, 
      "c_31": {
        "x": 263.36, 
        "y": 82.6
      }, 
      "c_32": {
        "x": 264.744, 
        "y": 80.952
      }, 
      "c_33": {
        "x": 265.44, 
        "y": 84.872
      }, 
      "c_34": {
        "x": 267.952, 
        "y": 102.608
      }, 
      "c_35": {
        "x": 273.64, 
        "y": 124.28
      }, 
      "c_36": {
        "x": 262.64, 
        "y": 112.64
      }, 
      "c_37": {
        "x": 265.896, 
        "y": 122.832
      }, 
      "c_38": {
        "x": 280.68, 
        "y": 136.848
      }, 
      "c_39": {
        "x": 283.176, 
        "y": 144.952
      }, 
      "c_4": {
        "x": 66.2128, 
        "y": 159.08
      }, 
      "c_40": {
        "x": 282.36, 
        "y": 142.976
      }, 
      "c_41": {
        "x": 285.304, 
        "y": 160.608
      }, 
      "c_42": {
        "x": 282.992, 
        "y": 174.496
      }, 
      "c_43": {
        "x": 244.064, 
        "y": 104.272
      }, 
      "c_44": {
        "x": 222.0, 
        "y": 89.904
      }, 
      "c_45": {
        "x": 199.744, 
        "y": 82.464
      }, 
      "c_46": {
        "x": 174.904, 
        "y": 80.208
      }, 
      "c_47": {
        "x": 274.344, 
        "y": 111.072
      }, 
      "c_48": {
        "x": 275.712, 
        "y": 97.464
      }, 
      "c_49": {
        "x": 276.272, 
        "y": 109.6
      }, 
      "c_5": {
        "x": 97.16, 
        "y": 159.36
      }, 
      "c_50": {
        "x": 271.768, 
        "y": 149.456
      }, 
      "c_51": {
        "x": 268.736, 
        "y": 181.816
      }, 
      "c_52": {
        "x": 258.44, 
        "y": 181.088
      }, 
      "c_53": {
        "x": 262.752, 
        "y": 184.992
      }, 
      "c_54": {
        "x": 275.656, 
        "y": 201.752
      }, 
      "c_55": {
        "x": 277.976, 
        "y": 209.088
      }, 
      "c_56": {
        "x": 247.96, 
        "y": 199.624
      }, 
      "c_57": {
        "x": 235.984, 
        "y": 188.272
      }, 
      "c_58": {
        "x": 235.992, 
        "y": 193.432
      }, 
      "c_59": {
        "x": 241.936, 
        "y": 213.56
      }, 
      "c_6": {
        "x": 91.032, 
        "y": 206.672
      }, 
      "c_60": {
        "x": 238.832, 
        "y": 224.44
      }, 
      "c_61": {
        "x": 230.416, 
        "y": 231.52
      }, 
      "c_62": {
        "x": 204.328, 
        "y": 174.016
      }, 
      "c_63": {
        "x": 282.856, 
        "y": 104.392
      }, 
      "c_64": {
        "x": 287.76, 
        "y": 114.496
      }, 
      "c_65": {
        "x": 131.472, 
        "y": 88.744
      }, 
      "c_66": {
        "x": 127.072, 
        "y": 80.648
      }, 
      "c_67": {
        "x": 130.384, 
        "y": 81.192
      }, 
      "c_68": {
        "x": 148.648, 
        "y": 83.608
      }, 
      "c_69": {
        "x": 159.84, 
        "y": 103.504
      }, 
      "c_7": {
        "x": 81.896, 
        "y": 200.136
      }, 
      "c_70": {
        "x": 132.328, 
        "y": 49.1128
      }, 
      "c_71": {
        "x": 132.904, 
        "y": 23.2736
      }, 
      "c_72": {
        "x": 121.096, 
        "y": 8.7824
      }, 
      "c_73": {
        "x": 102.736, 
        "y": 1.42872
      }, 
      "c_74": {
        "x": 107.8, 
        "y": 5.45456
      }, 
      "c_75": {
        "x": 102.008, 
        "y": 4.93832
      }, 
      "c_76": {
        "x": 83.96, 
        "y": 0.777776
      }, 
      "c_77": {
        "x": 67.8808, 
        "y": 4.30664
      }, 
      "c_78": {
        "x": 55.9448, 
        "y": 11.3544
      }, 
      "c_79": {
        "x": 96.336, 
        "y": 14.7328
      }, 
      "c_8": {
        "x": 109.672, 
        "y": 202.76
      }, 
      "c_80": {
        "x": 90.656, 
        "y": 27.2392
      }, 
      "c_81": {
        "x": 100.56, 
        "y": 41.732
      }, 
      "c_82": {
        "x": 24.224, 
        "y": 130.568
      }, 
      "c_83": {
        "x": 33.5384, 
        "y": 120.104
      }, 
      "c_84": {
        "x": 26.8408, 
        "y": 122.784
      }, 
      "c_85": {
        "x": 5.50848, 
        "y": 140.312
      }, 
      "c_86": {
        "x": 0.777776, 
        "y": 163.56
      }, 
      "c_87": {
        "x": 3.79512, 
        "y": 186.792
      }, 
      "c_88": {
        "x": 36.32, 
        "y": 101.784
      }, 
      "c_89": {
        "x": 44.808, 
        "y": 102.56
      }, 
      "c_9": {
        "x": 85.008, 
        "y": 207.216
      }, 
      "c_90": {
        "x": 43.112, 
        "y": 99.6
      }, 
      "c_91": {
        "x": 39.7872, 
        "y": 86.656
      }, 
      "c_92": {
        "x": 32.6912, 
        "y": 80.592
      }, 
      "c_93": {
        "x": 21.6152, 
        "y": 86.904
      }, 
      "c_94": {
        "x": 69.1352, 
        "y": 86.816
      }, 
      "c_95": {
        "x": 104.2, 
        "y": 80.632
      }, 
      "c_96": {
        "x": 43.9864, 
        "y": 161.832
      }, 
      "c_97": {
        "x": 52.6712, 
        "y": 171.272
      }, 
      "c_98": {
        "x": 45.172, 
        "y": 168.344
      }, 
      "c_99": {
        "x": 30.5992, 
        "y": 161.808
      },