{
  "id": "p_000050_00000000",
  "layout": {
    "bounds": [
      0.48611000000000004,
      0.48611000000000004,
      88.64000000000001,
      79.32000000000001
    ],
    "vars": {
      "c_1": {
        "x": 73.75,
        "y": 25.200499999999998
      },
      "c_10": {
        "x": 43.075,
        "y": 2.9145
      },
      "c_11": {
        "x": 24.45,
        "y": 7.461
      },
      "c_12": {
        "x": 39.597,
        "y": 1.181
      },
      "c_13": {
        "x": 40.957499999999996,
        "y": 12.7735
      },
      "c_14": {
        "x": 62.955,
        "y": 6.912000000000001
      },
      "c_15": {
        "x": 72.575,
        "y": 15.633999999999999
      },
      "c_16": {
        "x": 70.685,
        "y": 30.525000000000002
      },
      "c_17": {
        "x": 73.86999999999999,
        "y": 42.986000000000004
      },
      "c_18": {
        "x": 51.71,
        "y": 55.084999999999994
      },
      "c_19": {
        "x": 69.11,
        "y": 40.8875
      },
      "c_2": {
        "x": 88.64000000000001,
        "y": 38.832
      },
      "c_20": {
        "x": 40.553,
        "y": 43.779
      },
      "c_21": {
        "x": 53.724999999999994,
        "y": 26.297
      },
      "c_22": {
        "x": 46.3605,
        "y": 16.845000000000002
      },
      "c_23": {
        "x": 65.485,
        "y": 33.3125
      },
      "c_24": {
        "x": 78.045,
        "y": 20.7125
      },
      "c_25": {
        "x": 81.515,
        "y": 38.0895
      },
      "c_26": {
        "x": 74.25,
        "y": 27.3645
      },
      "c_27": {
        "x": 71.88,
        "y": 37.8245
      },
      "c_28": {
        "x": 86.50999999999999,
        "y": 27.514
      },
      "c_29": {
        "x": 69.215,
        "y": 36.8585
      },
      "c_3": {
        "x": 88.52000000000001,
        "y": 36.6785
      },
      "c_30": {
        "x": 55.614999999999995,
        "y": 36.3215
      },
      "c_31": {
        "x": 23.322,
        "y": 48.33
      },
      "c_32": {
        "x": 37.492000000000004,
        "y": 48.596500000000006
      },
      "c_33": {
        "x": 40.0965,
        "y": 59.074999999999996
      },
      "c_34": {
        "x": 25.1125,
        "y": 71.52
      },
      "c_35": {
        "x": 16.9965,
        "y": 66.895
      },
      "c_36": {
        "x": 12.3865,
        "y": 57.370000000000005
      },
      "c_37": {
        "x": 14.415500000000002,
        "y": 60.510000000000005
      },
      "c_38": {
        "x": 0.48611000000000004,
        "y": 45.693
      },
      "c_39": {
        "x": 1.2978,
        "y": 38.19
      },
      "c_4": {
        "x": 63.605000000000004,
        "y": 24.163
      },
      "c_40": {
        "x": 4.93105,
        "y": 22.765
      },
      "c_41": {
        "x": 10.556000000000001,
        "y": 22.2955
      },
      "c_42": {
        "x": 7.686,
        "y": 28.223
      },
      "c_43": {
        "x": 6.0285,
        "y": 37.642
      },
      "c_44": {
        "x": 9.938,
        "y": 42.783
      },
      "c_45": {
        "x": 16.9745,
        "y": 45.424499999999995
      },
      "c_46": {
        "x": 26.780499999999996,
        "y": 25.922
      },
      "c_47": {
        "x": 26.1755,
        "y": 28.8345
      },
      "c_48": {
        "x": 38.8245,
        "y": 39.4435
      },
      "c_49": {
        "x": 46.122,
        "y": 25.944
      },
      "c_5": {
        "x": 62.58,
        "y": 23.195999999999998
      },
      "c_50": {
        "x": 60.99,
        "y": 30.086499999999997
      },
      "c_51": {
        "x": 69.125,
        "y": 33.44
      },
      "c_52": {
        "x": 74.22500000000001,
        "y": 50.18
      },
      "c_53": {
        "x": 72.91,
        "y": 52.45
      },
      "c_54": {
        "x": 61.95,
        "y": 53.295
      },
      "c_55": {
        "x": 61.585,
        "y": 55.715
      },
      "c_56": {
        "x": 60.655,
        "y": 59.379999999999995
      },
      "c_57": {
        "x": 71.67500000000001,
        "y": 63.06
      },
      "c_58": {
        "x": 62.074999999999996,
        "y": 78.395
      },
      "c_59": {
        "x": 65.67,
        "y": 65.985
      },
      "c_6": {
        "x": 53.855000000000004,
        "y": 0.48611000000000004
      },
      "c_60": {
        "x": 55.105000000000004,
        "y": 48.2885
      },
      "c_61": {
        "x": 54.489999999999995,
        "y": 79.32000000000001
      },
      "c_62": {
        "x": 45.8885,
        "y": 71.245
      },
      "c_63": {
        "x": 44.876,
        "y": 66.475
      },
      "c_64": {
        "x": 50.61,
        "y": 59.02
      },
      "c_65": {
        "x": 43.00449999999999,
        "y": 53.03
      },
      "c_66": {
        "x": 83.37,
        "y": 54.86
      },
      "c_67": {
        "x": 54.275000000000006,
        "y": 31.7745
      },
      "c_68": {
        "x": 9.904,
        "y": 36.317499999999995
      },
      "c_69": {
        "x": 33.1365,
        "y": 37.5595
      },
      "c_7": {
        "x": 55.98,
        "y": 0.9619500000000001
      },
      "c_70": {
        "x": 64.895,
        "y": 26.1755
      },
      "c_71": {
        "x": 50.88,
        "y": 29.087999999999997
      },
      "c_72": {
        "x": 48.38250000000001,
        "y": 20.8915
      },
      "c_73": {
        "x": 32.834500000000006,
        "y": 54.56
      },
      "c_74": {
        "x": 41.0585,
        "y": 35.903999999999996
      },
      "c_75": {
        "x": 35.1215,
        "y": 15.788
      },
      "c_76": {
        "x": 39.574,
        "y": 61.21000000000001
      },
      "c_77": {
        "x": 29.476,
        "y": 37.023
      },
      "c_78": {
        "x": 52.59,
        "y": 72.195
      },
      "c_79": {
        "x": 26.567,
        "y": 20.811999999999998
      },
      "c_8": {
        "x": 44.357499999999995,
        "y": 6.2485
      },
      "c_80": {
        "x": 22.218,
        "y": 24.8565
      },
      "c_9": {
        "x": 35.6695,
        "y": 2.7628999999999997
      },
      "var_1": {
        "x": 61.83,
        "y": 43.6465
      },
      "var_10": {
        "x": 3.1105,
        "y": 52.465
      },
      "var_11": {
        "x": 62.655,
        "y": 72.56
      },
      "var_12": {
        "x": 76.99499999999999,
        "y": 30.35
      },
      "var_13": {
        "x": 32.8465,
        "y": 10.4055
      },
      "var_14": {
        "x": 38.9905,
        "y": 54.325
      },
      "var_15": {
        "x": 47.0545,
        "y": 67.725
      },
      "var_16": {
        "x": 58.239999999999995,
        "y": 10.9975
      },
      "var_17": {
        "x": 80.875,
        "y": 45.512499999999996
      },
      "var_18": {
        "x": 32.6355,
        "y": 2.4556
      },
      "var_19": {
        "x": 58.025000000000006,
        "y": 32.662
      },
      "var_2": {
        "x": 54.394999999999996,
        "y": 23.2175
      },
      "var_20": {
        "x": 21.634500000000003,
        "y": 65.36
      },
      "var_21": {
        "x": 47.629999999999995,
        "y": 4.1219
      },
      "var_22": {
        "x": 82.69500000000001,
        "y": 41.2805
      },
      "var_23": {
        "x": 53.785,
        "y": 37.313
      },
      "var_24": {
        "x": 50.010000000000005,
        "y": 41.367000000000004
      },
      "var_25": {
        "x": 26.0125,
        "y": 45.2595
      },
      "var_26": {
        "x": 69.45,
        "y": 47.463499999999996
      },
      "var_27": {
        "x": 62.875,
        "y": 47.7595
      },
      "var_28": {
        "x": 31.1435,
        "y": 13.718
      },
      "var_29": {
        "x": 51.71,
        "y": 50.730000000000004
      },
      "var_3": {
        "x": 43.202999999999996,
        "y": 31.043
      },
      "var_30": {
        "x": 78.785,
        "y": 28.4455
      },
      "var_31": {
        "x": 51.48,
        "y": 9.744
      },
      "var_32": {
        "x": 1.4763499999999998,
        "y": 35.259
      },
      "var_33": {
        "x": 18.8135,