
{
  "id": "p_000016_00000000",
  "layout": {
    "bounds": [0.097222,0.097222,13.276,4.1808],
    "vars": {
      "var_16":{"x":7.5511,"y":0.097222},
      "var_14":{"x":4.9263,"y":2.4375},
      "var_15":{"x":6.0693,"y":0.82667},
      "var_12":{"x":0.2593,"y":2.9835},
      "var_13":{"x":4.9987,"y":3.9174},
      "var_10":{"x":0.97046,"y":1.4602},
      "var_11":{"x":0.17654,"y":1.7793},
      "var_4":{"x":12.85,"y":1.8396},
      "var_5":{"x":11.899,"y":0.49382},
      "var_6":{"x":10.458,"y":0.44473},
      "var_7":{"x":9.1766,"y":0.65975},
      "var_1":{"x":11.934,"y":4.1808},
      "var_2":{"x":12.777,"y":3.3115},
      "var_3":{"x":13.276,"y":1.5235},
      "var_8":{"x":3.6044,"y":1.4295},
      "var_9":{"x":2.1363,"y":0.67694},
      "c_15":{"x":0.097222,"y":2.3984},
      "c_14":{"x":0.63757,"y":2.405},
      "c_17":{"x":5.5352,"y":1.6416},
      "c_16":{"x":4.9281,"y":3.3453},
      "c_11":{"x":1.474,"y":0.7006},
      "c_10":{"x":4.1581,"y":2.0554},
      "c_13":{"x":0.47915,"y":1.2746},
      "c_12":{"x":1.5436,"y":1.1218},
      "c_18":{"x":6.7185,"y":0.20197},
      "c_9":{"x":3.0405,"y":0.90521},
      "c_8":{"x":8.3514,"y":0.38934},
      "c_5":{"x":11.205,"y":0.28872},
      "c_4":{"x":12.457,"y":1.028},
      "c_7":{"x":9.8869,"y":1.0214},
      "c_6":{"x":9.784,"y":0.5518},
      "c_1":{"x":12.413,"y":3.8423},
      "c_3":{"x":12.95,"y":1.2802},
      "c_2":{"x":12.985,"y":2.6494}
     }
  }
}