
{
  "id": "p_0001600_00000000",
  "layout": {
    "bounds": [0.097222,0.097222,79.131,29.405],
    "vars": {
      "c_216":{"x":38.807,"y":3.8097},
      "c_217":{"x":36.498,"y":6.1134},
      "c_214":{"x":42.476,"y":7.7117},
      "c_215":{"x":41.802,"y":5.2229},
      "c_212":{"x":39.104,"y":7.0889},
      "c_213":{"x":40.829,"y":6.6144},
      "c_210":{"x":38.742,"y":4.5463},
      "c_211":{"x":41.459,"y":5.2844},
      "c_218":{"x":37.973,"y":5.9669},
      "c_219":{"x":40.243,"y":7.0443},
      "c_186":{"x":20.701,"y":16.152},
      "c_187":{"x":20.387,"y":15.736},
      "c_184":{"x":20.405,"y":15.222},
      "c_185":{"x":20.9,"y":13.626},
      "c_182":{"x":20.279,"y":14.186},
      "c_183":{"x":22.472,"y":14.416},
      "c_180":{"x":23.611,"y":13.088},
      "c_181":{"x":20.513,"y":14.823},
      "c_188":{"x":22.57,"y":15.473},
      "c_189":{"x":20.669,"y":16.613},
      "c_60":{"x":49.432,"y":14.547},
      "c_61":{"x":53.712,"y":16.445},
      "c_62":{"x":53.727,"y":16.038},
      "c_63":{"x":54.383,"y":15.756},
      "c_64":{"x":53.33,"y":16.571},
      "c_65":{"x":51.81,"y":16.502},
      "c_66":{"x":52.831,"y":13.881},
      "c_67":{"x":52.561,"y":13.269},
      "c_68":{"x":53.693,"y":12.968},
      "c_69":{"x":52.353,"y":13.89},
      "c_179":{"x":23.569,"y":13.95},
      "c_178":{"x":24.778,"y":13.395},
      "c_173":{"x":54.094,"y":28.613},
      "c_172":{"x":53.719,"y":28.867},
      "c_171":{"x":53.158,"y":26.15},
      "c_170":{"x":54.33,"y":26.232},
      "c_177":{"x":23.385,"y":13.358},
      "c_176":{"x":23.594,"y":13.662},
      "c_175":{"x":53.293,"y":29.076},
      "c_174":{"x":51.137,"y":25.829},
      "var_74":{"x":25.873,"y":18.221},
      "var_75":{"x":17.089,"y":14.075},
      "var_76":{"x":21.688,"y":15.252},
      "var_77":{"x":21.482,"y":14.857},
      "var_70":{"x":53.996,"y":28.16},
      "var_71":{"x":25.698,"y":12.331},
      "var_72":{"x":20.939,"y":14.291},
      "var_73":{"x":21.118,"y":16.02},
      "var_78":{"x":24.158,"y":14.773},
      "var_79":{"x":21.593,"y":15.639},
      "var_93":{"x":40.435,"y":14.578},
      "c_142":{"x":58.429,"y":10.504},
      "c_143":{"x":56.669,"y":14.567},
      "c_140":{"x":59.242,"y":10.361},
      "c_141":{"x":57.345,"y":10.702},
      "c_146":{"x":60.253,"y":9.7729},
      "c_147":{"x":61.262,"y":9.1541},
      "c_144":{"x":55.624,"y":10.177},
      "c_145":{"x":58.723,"y":11.103},
      "c_148":{"x":59.287,"y":13.477},
      "c_149":{"x":58.253,"y":9.0072},
      "c_28":{"x":63.682,"y":23.153},
      "c_29":{"x":65.458,"y":23.885},
      "c_24":{"x":36.44,"y":26.574},
      "c_25":{"x":39.464,"y":29.212},
      "c_26":{"x":63.237,"y":24.928},
      "c_27":{"x":65.365,"y":24.292},
      "c_20":{"x":42.48,"y":26.236},
      "c_21":{"x":39.529,"y":28.441},
      "c_22":{"x":38.885,"y":29.405},
      "c_23":{"x":38.807,"y":27.642},
      "c_137":{"x":58.854,"y":9.8911},
      "c_136":{"x":58.056,"y":9.9021},
      "c_135":{"x":59.462,"y":11.474},
      "c_134":{"x":56.123,"y":10.216},
      "c_133":{"x":57.215,"y":14.645},
      "c_132":{"x":59.098,"y":10.736},
      "c_131":{"x":58.366,"y":11.221},
      "c_130":{"x":59.894,"y":11.656},
      "c_139":{"x":56.16,"y":9.6201},
      "c_138":{"x":57.112,"y":14.192},
      "c_249":{"x":34.326,"y":15.268},
      "c_248":{"x":34.194,"y":14.788},
      "var_29":{"x":51.57,"y":15.244},
      "var_28":{"x":53.213,"y":14.011},
      "c_241":{"x":39.012,"y":15.34},
      "c_240":{"x":38.801,"y":13.436},
      "var_25":{"x":48.553,"y":12.538},
      "c_242":{"x":39.099,"y":15.727},
      "c_245":{"x":39.175,"y":14.354},
      "c_244":{"x":38.854,"y":16.145},
      "c_247":{"x":34.571,"y":14.786},
      "c_246":{"x":34.432,"y":14.332},
      "c_59":{"x":50.69,"y":14.926},
      "c_58":{"x":51.933,"y":13.57},
      "c_51":{"x":52.195,"y":16.707},
      "c_50":{"x":66.506,"y":27.756},
      "c_53":{"x":52.733,"y":15.994},
      "c_52":{"x":52.097,"y":16.265},
      "c_55":{"x":50.193,"y":16.692},
      "c_54":{"x":51.469,"y":16.759},
      "c_57":{"x":51.436,"y":13.899},
      "c_56":{"x":51.273,"y":14.621},
      "var_49":{"x":0.097222,"y":11.291},
      "var_32":{"x":77.203,"y":3.0148},
      "c_259":{"x":45.417,"y":19.928},
      "c_252":{"x":59.835,"y":20.095},
      "c_253":{"x":67.332,"y":6.9609},
      "c_205":{"x":38.679,"y":4.104},
      "c_204":{"x":39.844,"y":7.0464},
      "c_207":{"x":36.146,"y":6.33},
      "c_206":{"x":38.178,"y":4.3777},
      "c_201":{"x":38.235,"y":3.9011},
      "c_200":{"x":19.284,"y":14.04},
      "c_203":{"x":37.431,"y":5.6421},
      "c_202":{"x":36.038,"y":5.9506},
      "c_209":{"x":39.831,"y":7.3993},
      "c_208":{"x":37.397,"y":6.0631},
      "c_195":{"x":23.81,"y":16.368},
      "c_194":{"x":23.557,"y":17.244},
      "c_197":{"x":19.051,"y":14.361},
      "c_196":{"x":19.161,"y":14.725},
      "c_191":{"x":23.681,"y":16.924},
      "c_190":{"x":20.922,"y":15.258},
      "c_193":{"x":24.917,"y":16.602},
      "c_192":{"x":23.52,"y":16.656},
      "c_199":{"x":19.051,"y":15.07},
      "c_198":{"x":20.539,"y":14.289},
      "c_15":{"x":38.993,"y":28.248},
      "c_14":{"x":36.415,"y":25.836},
      "c_17":{"x":42.134,"y":26.252},
      "c_16":{"x":42.451,"y":25.732},
      "c_11":{"x":39.237,"y":27.119},
      "c_10":{"x":38.911,"y":28.686},
      "c_13":{"x":38.643,"y":26.675},
      "c_12":{"x":38.541,"y":28.41},
      "c_19":{"x":39.767,"y":24.178},
      "c_18":{"x":42.034,"y":25.35},
      "c_108":{"x":4.3794,"y":11.345},
      "c_109":{"x":0.39994,"y":10.336},
      "c_106":{"x":0.65395,"y":11.305},
      "c_107":{"x":1.1611,"y":11.627},
      "c_104":{"x":0.95822,"y":12.077},
      "c_105":{"x":2.2598,"y":11.071},
      "c_102":{"x":2.2593,"y":13.307},
      "c_103":{"x":4.7205,"y":12.476},
      "c_100":{"x":78.773,"y":3.778},
      "c_101":{"x":1.7765,"y":13.16},
      "var_16":{"x":63.053,"y":26.706},
      "var_17":{"x":66.952,"y":25.85},
      "var_14":{"x":66.45,"y":25.256},
      "var_15":{"x":65.631,"y":26.885},
      "var_12":{"x":66.385,"y":26.314},
      "var_13":{"x":65.944,"y":26.584},
      "var_10":{"x":40.431,"y":28.11},
      "var_11":{"x":63.295,"y":22.991},
      "var_18":{"x":62.688,"y":23.376},
      "var_19":{"x":67.068,"y":25.288},
      "var_63":{"x":56.067,"y":26.532},
      "var_62":{"x":52.563,"y":27.225},
      "var_61":{"x":52.152,"y":27.111},
      "var_60":{"x":60.236,"y":10.735},
      "var_67":{"x":54.357,"y":27.87},
      "var_66":{"x":53.303,"y":24.32},
      "var_65":{"x":52.803,"y":27.65},
      "var_64":{"x":54.435,"y":24.067},
      "var_69":{"x":49.759,"y":23.595},
      "var_68":{"x":54.747,"y":27.632},
      "c_269":{"x":28.267,"y":14.66},
      "c_268":{"x":37.198,"y":9.3828},
      "c_151":{"x":52.573,"y":25.794},
      "c_150":{"x":61.628,"y":10.032},
      "c_153":{"x":53.44,"y":27.692},
      "c_152":{"x":53.033,"y":28.117},
      "c_155":{"x":52.626,"y":28.446},
      "c_154":{"x":50.685,"y":25.535},
      "c_157":{"x":53.355,"y":28.404},
      "c_156":{"x":52.983,"y":25.852},
      "c_159":{"x":51.069,"y":25.487},
      "c_158":{"x":53.707,"y":28.014},
      "c_227":{"x":36.669,"y":13.321},
      "c_226":{"x":36.181,"y":12.947},
      "c_225":{"x":38.997,"y":5.9874},
      "c_224":{"x":39.798,"y":8.3333},
      "c_223":{"x":37.414,"y":7.0357},
      "var_80":{"x":21.824,"y":14.476},
      "c_234":{"x":35.586,"y":15.92},
      "var_83":{"x":43.276,"y":6.7363},
      "c_220":{"x":39.233,"y":3.968},
      "var_58":{"x":56.189,"y":17.237},
      "var_59":{"x":54.293,"y":9.0237},
      "var_52":{"x":57.843,"y":11.93},
      "var_53":{"x":57.725,"y":11.176},
      "var_50":{"x":1.4227,"y":10.19},
      "var_51":{"x":58.28,"y":12.088},
      "var_56":{"x":58.014,"y":10.609},
      "var_57":{"x":59.795,"y":9.8885},
      "var_54":{"x":56.935,"y":11.85},
      "var_55":{"x":62.091,"y":9.592},
      "c_262":{"x":48.803,"y":7.7454},
      "c_48":{"x":64.132,"y":25.264},
      "c_49":{"x":66.971,"y":26.576},
      "c_42":{"x":67.824,"y":25.468},