{
  "id": "p_000042_00000000", 
  "layout": {
    "bounds": [
      1.555552, 
      1.555552, 
      162.752, 
      170.96
    ], 
    "vars": {
      "c_1": {
        "x": 69.5392, 
        "y": 160.176
      }, 
      "c_10": {
        "x": 71.1792, 
        "y": 166.464
      }, 
      "c_100": {
        "x": 23.4304, 
        "y": 49.6624
      }, 
      "c_101": {
        "x": 12.6608, 
        "y": 74.9232
      }, 
      "c_102": {
        "x": 17.5616, 
        "y": 52.08
      }, 
      "c_103": {
        "x": 39.8752, 
        "y": 56.8992
      }, 
      "c_104": {
        "x": 35.4896, 
        "y": 25.9744
      }, 
      "c_105": {
        "x": 28.7616, 
        "y": 51.8272
      }, 
      "c_106": {
        "x": 148.656, 
        "y": 50.4128
      }, 
      "c_107": {
        "x": 145.3776, 
        "y": 40.5552
      }, 
      "c_108": {
        "x": 145.4832, 
        "y": 79.1504
      }, 
      "c_109": {
        "x": 156.7088, 
        "y": 55.3088
      }, 
      "c_11": {
        "x": 50.8528, 
        "y": 152.4288
      }, 
      "c_110": {
        "x": 157.064, 
        "y": 70.1248
      }, 
      "c_111": {
        "x": 134.872, 
        "y": 43.1712
      }, 
      "c_112": {
        "x": 147.9024, 
        "y": 37.2672
      }, 
      "c_113": {
        "x": 143.712, 
        "y": 70.7632
      }, 
      "c_114": {
        "x": 155.5648, 
        "y": 50.576
      }, 
      "c_115": {
        "x": 152.7936, 
        "y": 64.3056
      }, 
      "c_116": {
        "x": 135.9952, 
        "y": 38.0784
      }, 
      "c_117": {
        "x": 145.3488, 
        "y": 64.3136
      }, 
      "c_118": {
        "x": 156.1376, 
        "y": 43.712
      }, 
      "c_119": {
        "x": 156.392, 
        "y": 59.56
      }, 
      "c_12": {
        "x": 86.2448, 
        "y": 148.8816
      }, 
      "c_120": {
        "x": 135.6992, 
        "y": 31.24
      }, 
      "c_121": {
        "x": 151.9776, 
        "y": 75.8192
      }, 
      "c_122": {
        "x": 151.8816, 
        "y": 83.7984
      }, 
      "c_123": {
        "x": 133.736, 
        "y": 58.552
      }, 
      "c_124": {
        "x": 162.752, 
        "y": 70.1968
      }, 
      "c_125": {
        "x": 143.8496, 
        "y": 44.2448
      }, 
      "c_126": {
        "x": 142.2032, 
        "y": 54.5568
      }, 
      "c_127": {
        "x": 85.4304, 
        "y": 90.8112
      }, 
      "c_128": {
        "x": 76.2672, 
        "y": 86.3216
      }, 
      "c_129": {
        "x": 84.0064, 
        "y": 74.2112
      }, 
      "c_13": {
        "x": 98.9264, 
        "y": 138.544
      }, 
      "c_130": {
        "x": 72.0288, 
        "y": 97.2784
      }, 
      "c_131": {
        "x": 89.4704, 
        "y": 84.3952
      }, 
      "c_132": {
        "x": 85.6832, 
        "y": 96.696
      }, 
      "c_133": {
        "x": 73.592, 
        "y": 78.2736
      }, 
      "c_14": {
        "x": 95.016, 
        "y": 145.6384
      }, 
      "c_15": {
        "x": 73.1424, 
        "y": 129.0176
      }, 
      "c_16": {
        "x": 82.8928, 
        "y": 165.136
      }, 
      "c_17": {
        "x": 75.6752, 
        "y": 170.96
      }, 
      "c_18": {
        "x": 53.84, 
        "y": 158.2032
      }, 
      "c_19": {
        "x": 96.96, 
        "y": 151.8816
      }, 
      "c_2": {
        "x": 90.5664, 
        "y": 131.7472
      }, 
      "c_20": {
        "x": 69.8624, 
        "y": 152.0944
      }, 
      "c_21": {
        "x": 62.9136, 
        "y": 157.7824
      }, 
      "c_22": {
        "x": 141.0224, 
        "y": 140.208
      }, 
      "c_23": {
        "x": 152.7344, 
        "y": 120.192
      }, 
      "c_24": {
        "x": 130.048, 
        "y": 146.5312
      }, 
      "c_25": {
        "x": 155.2304, 
        "y": 129.1584
      }, 
      "c_26": {
        "x": 140.3376, 
        "y": 149.8704
      }, 
      "c_27": {
        "x": 143.5248, 
        "y": 114.944
      }, 
      "c_28": {
        "x": 144.9728, 
        "y": 123.8432
      }, 
      "c_29": {
        "x": 122.2208, 
        "y": 147.184
      }, 
      "c_3": {
        "x": 61.576, 
        "y": 150.4592
      }, 
      "c_30": {
        "x": 143.9712, 
        "y": 134.4544
      }, 
      "c_31": {
        "x": 138.1152, 
        "y": 145.5088
      }, 
      "c_32": {
        "x": 134.9104, 
        "y": 123.1856
      }, 
      "c_33": {
        "x": 134.0304, 
        "y": 131.0512
      }, 
      "c_34": {
        "x": 156.3056, 
        "y": 113.936
      }, 
      "c_35": {
        "x": 148.4448, 
        "y": 130.8288
      }, 
      "c_36": {
        "x": 145.4176, 
        "y": 103.7728
      }, 
      "c_37": {
        "x": 133.56, 
        "y": 140.1248
      }, 
      "c_38": {
        "x": 127.4832, 
        "y": 153.2496
      }, 
      "c_39": {
        "x": 122.096, 
        "y": 130.8336
      }, 
      "c_4": {
        "x": 88.9056, 
        "y": 160.736
      }, 
      "c_40": {
        "x": 150.6832, 
        "y": 138.3136
      }, 
      "c_41": {
        "x": 148.208, 
        "y": 109.9952
      }, 
      "c_42": {
        "x": 140.6112, 
        "y": 121.6
      }, 
      "c_43": {
        "x": 96.296, 
        "y": 19.4448
      }, 
      "c_44": {
        "x": 104.4784, 
        "y": 12.33488
      }, 
      "c_45": {
        "x": 83.5344, 
        "y": 31.6288
      }, 
      "c_46": {
        "x": 110.4352, 
        "y": 18.6368
      }, 
      "c_47": {
        "x": 106.9712, 
        "y": 25.9744
      }, 
      "c_48": {
        "x": 89.9776, 
        "y": 24.192
      }, 
      "c_49": {
        "x": 80.296, 
        "y": 1.555552
      }, 
      "c_5": {
        "x": 90.52, 
        "y": 156.7392
      }, 
      "c_50": {
        "x": 62.2144, 
        "y": 21.6496
      }, 
      "c_51": {
        "x": 89.5968, 
        "y": 7.15312
      }, 
      "c_52": {
        "x": 88.6768, 
        "y": 14.79936
      }, 
      "c_53": {
        "x": 66.9856, 
        "y": 6.92544
      }, 
      "c_54": {
        "x": 67.048, 
        "y": 14.7352
      }, 
      "c_55": {
        "x": 97.6992, 
        "y": 2.63424
      }, 
      "c_56": {
        "x": 97.1472, 
        "y": 10.13824
      }, 
      "c_57": {
        "x": 73.224, 
        "y": 1.65312
      }, 
      "c_58": {
        "x": 75.2704, 
        "y": 18.48
      }, 
      "c_59": {
        "x": 74.6656, 
        "y": 24.288
      }, 
      "c_6": {
        "x": 57.68, 
        "y": 146.3552
      }, 
      "c_60": {
        "x": 57.4304, 
        "y": 17.5344
      }, 
      "c_61": {
        "x": 102.5968, 
        "y": 17.5424
      }, 
      "c_62": {
        "x": 83.3424, 
        "y": 6.46624
      }, 
      "c_63": {
        "x": 78.4576, 
        "y": 12.86928
      }, 
      "c_64": {
        "x": 20.816, 
        "y": 131.1872
      }, 
      "c_65": {
        "x": 25.6112, 
        "y": 114.8848
      }, 
      "c_66": {
        "x": 22.1168, 
        "y": 141.232
      }, 
      "c_67": {
        "x": 31.8688, 
        "y": 132.1216
      }, 
      "c_68": {
        "x": 29.5072, 
        "y": 142.136
      }, 
      "c_69": {
        "x": 18.3408, 
        "y": 122.4816
      }, 
      "c_7": {
        "x": 77.8656, 
        "y": 143.2496
      }, 
      "c_70": {
        "x": 8.69104, 
        "y": 99.8736
      }, 
      "c_71": {
        "x": 3.85072, 
        "y": 126.5904
      }, 
      "c_72": {
        "x": 11.83024, 
        "y": 115.3872
      }, 
      "c_73": {
        "x": 13.724, 
        "y": 132.1664
      },