
{
  "id": "p_0001700_00000000",
  "layout": {
    "bounds": [0.097222,0.097222,84.049,58.08],
    "vars": {
      "c_216":{"x":22.793,"y":28.627},
      "c_217":{"x":17.807,"y":30.129},
      "c_214":{"x":19.258,"y":28.788},
      "c_215":{"x":18.02,"y":26.238},
      "c_212":{"x":17.008,"y":29.585},
      "c_213":{"x":17.696,"y":23.967},
      "c_210":{"x":16.737,"y":28.861},
      "c_211":{"x":22.297,"y":28.121},
      "c_218":{"x":18.306,"y":24.294},
      "c_219":{"x":20.339,"y":29.335},
      "c_186":{"x":5.5677,"y":41.443},
      "c_187":{"x":4.1324,"y":38.624},
      "c_184":{"x":1.5341,"y":44.072},
      "c_185":{"x":1.173,"y":39.995},
      "c_182":{"x":0.34262,"y":40.412},
      "c_183":{"x":4.4225,"y":40.651},
      "c_180":{"x":2.8491,"y":40.417},
      "c_181":{"x":1.6156,"y":43.632},
      "c_188":{"x":7.4951,"y":39.897},
      "c_189":{"x":5.5266,"y":41.829},
      "c_60":{"x":44.618,"y":29.455},
      "c_61":{"x":38.366,"y":29.472},
      "c_62":{"x":45.006,"y":28.65},
      "c_63":{"x":43.911,"y":32.841},
      "c_64":{"x":42.629,"y":29.111},
      "c_65":{"x":42.757,"y":29.813},
      "c_66":{"x":43.967,"y":30.412},
      "c_67":{"x":50.724,"y":29.828},
      "c_68":{"x":49.694,"y":33.94},
      "c_69":{"x":48.326,"y":30.334},
      "c_179":{"x":3.7649,"y":44.421},
      "c_178":{"x":6.0005,"y":41.059},
      "c_173":{"x":79.729,"y":21.956},
      "c_172":{"x":80.493,"y":18.109},
      "c_171":{"x":77.612,"y":16.708},
      "c_170":{"x":84.012,"y":17.938},
      "c_177":{"x":2.347,"y":40.712},
      "c_176":{"x":4.2048,"y":44.076},
      "c_175":{"x":81.028,"y":18.265},
      "c_174":{"x":79.005,"y":21.903},
      "var_74":{"x":2.4933,"y":42.339},
      "var_75":{"x":1.486,"y":41.28},
      "var_76":{"x":3.4167,"y":43.352},
      "var_77":{"x":1.7091,"y":38.448},
      "var_70":{"x":83.074,"y":18.296},
      "var_71":{"x":3.8178,"y":42.303},
      "var_72":{"x":1.6851,"y":41.905},
      "var_73":{"x":6.9895,"y":38.787},
      "var_78":{"x":7.195,"y":38.925},
      "var_79":{"x":2.9497,"y":43.661},
      "c_142":{"x":76.181,"y":36.749},
      "c_143":{"x":75.54,"y":36.678},
      "c_140":{"x":72.551,"y":37.581},
      "c_141":{"x":75.093,"y":37.033},
      "c_146":{"x":74.526,"y":41.247},
      "c_147":{"x":75.242,"y":40.854},
      "c_144":{"x":70.884,"y":35.249},
      "c_145":{"x":74.062,"y":34.929},
      "c_148":{"x":74.774,"y":40.687},
      "c_149":{"x":69.76,"y":38.463},
      "c_28":{"x":60.394,"y":54.175},
      "c_29":{"x":56.289,"y":56.776},
      "c_24":{"x":64.473,"y":3.5408},
      "c_25":{"x":64.658,"y":4.2056},
      "c_26":{"x":57.118,"y":57.439},
      "c_27":{"x":56.994,"y":58.076},
      "c_20":{"x":61.56,"y":0.98216},
      "c_21":{"x":63.989,"y":4.2163},
      "c_22":{"x":63.605,"y":3.8715},
      "c_23":{"x":61.237,"y":8.0297},
      "c_137":{"x":74.464,"y":40.165},
      "c_136":{"x":73.706,"y":40.733},
      "c_135":{"x":71.262,"y":39.367},
      "c_134":{"x":68.228,"y":39.766},
      "c_133":{"x":72.555,"y":41.353},
      "c_132":{"x":73.121,"y":41.765},
      "c_131":{"x":72.444,"y":41.887},
      "c_130":{"x":74.49,"y":35.449},
      "c_139":{"x":69.442,"y":38.029},
      "c_138":{"x":73.875,"y":40.07},
      "c_249":{"x":12.125,"y":26.927},
      "c_248":{"x":12.939,"y":27.351},
      "var_29":{"x":45.649,"y":28.577},
      "var_28":{"x":48.089,"y":35.127},
      "var_27":{"x":50.092,"y":27.631},
      "var_26":{"x":37.303,"y":28.523},
      "var_25":{"x":44.524,"y":30.88},
      "var_24":{"x":50.855,"y":32.016},
      "var_23":{"x":40.052,"y":30.005},
      "var_22":{"x":44.377,"y":30.037},
      "var_21":{"x":48.061,"y":23.782},
      "c_246":{"x":12.483,"y":27.315},
      "c_59":{"x":44.246,"y":28.701},
      "c_58":{"x":46.137,"y":32.793},
      "c_51":{"x":42.588,"y":25.992},
      "c_50":{"x":58.822,"y":56.032},
      "c_53":{"x":48.188,"y":29.448},
      "c_52":{"x":49.246,"y":25.483},
      "c_55":{"x":46.944,"y":26.473},
      "c_54":{"x":46.679,"y":25.906},
      "c_57":{"x":47.237,"y":28.64},
      "c_56":{"x":40.726,"y":29.188},
      "var_49":{"x":10.213,"y":6.4966},
      "c_258":{"x":3.7828,"y":34.324},
      "c_259":{"x":2.8484,"y":34.277},
      "var_38":{"x":70.772,"y":21.243},
      "c_253":{"x":11.7,"y":34.97},
      "c_205":{"x":18.886,"y":25.855},
      "c_204":{"x":19.979,"y":28.421},
      "c_207":{"x":15.639,"y":32.412},
      "c_206":{"x":20.913,"y":30.185},
      "c_201":{"x":22.722,"y":27.625},
      "c_200":{"x":0.85302,"y":39.463},
      "c_203":{"x":18.204,"y":23.587},
      "c_202":{"x":17.499,"y":29.258},
      "c_209":{"x":17.927,"y":31.14},
      "c_208":{"x":16.214,"y":25.898},
      "c_195":{"x":1.9088,"y":40.357},
      "c_194":{"x":2.0071,"y":44.517},
      "c_197":{"x":0.097222,"y":39.84},
      "c_196":{"x":2.0448,"y":43.086},
      "c_191":{"x":2.5397,"y":44.36},
      "c_190":{"x":4.7108,"y":38.495},
      "c_193":{"x":4.9227,"y":40.94},
      "c_192":{"x":1.0081,"y":40.725},
      "c_199":{"x":0.99383,"y":43.238},
      "c_198":{"x":4.2419,"y":40.128},
      "c_15":{"x":62.134,"y":3.551},
      "c_14":{"x":61.694,"y":2.8157},
      "c_17":{"x":60.234,"y":0.097222},
      "c_16":{"x":60.898,"y":0.71978},
      "c_11":{"x":61.421,"y":3.446},
      "c_10":{"x":60.795,"y":2.4483},
      "c_13":{"x":58.52,"y":6.9864},
      "c_12":{"x":60.509,"y":3.0904},
      "c_19":{"x":61.227,"y":0.17758},
      "c_18":{"x":58.209,"y":5.7095},
      "c_108":{"x":11.614,"y":5.7045},
      "c_109":{"x":9.2746,"y":4.7549},
      "c_106":{"x":11.762,"y":4.6684},
      "c_107":{"x":9.0121,"y":8.4322},
      "c_104":{"x":11.596,"y":8.5186},
      "c_105":{"x":12.233,"y":8.5038},
      "c_102":{"x":10.982,"y":11.01},
      "c_103":{"x":13.781,"y":8.8355},
      "c_100":{"x":69.089,"y":20.98},
      "c_101":{"x":13.857,"y":8.2476},
      "var_16":{"x":58.2,"y":55.959},
      "var_17":{"x":57.307,"y":56.437},
      "var_14":{"x":60.694,"y":55.843},
      "var_15":{"x":59.439,"y":56.729},
      "var_12":{"x":55.117,"y":48.996},
      "var_13":{"x":59.75,"y":56.3},
      "var_10":{"x":62.526,"y":2.4636},
      "var_11":{"x":58.022,"y":56.507},
      "var_18":{"x":62.365,"y":51.662},
      "var_19":{"x":56.701,"y":55.062},
      "var_63":{"x":78.899,"y":20.245},
      "var_62":{"x":81.953,"y":19.998},
      "var_61":{"x":80.846,"y":18.769},
      "var_60":{"x":72.479,"y":35.726},
      "var_67":{"x":82.465,"y":18.061},
      "var_66":{"x":76.523,"y":14.683},
      "var_65":{"x":78.485,"y":19.446},
      "var_64":{"x":82.261,"y":19.2},
      "var_69":{"x":79.79,"y":24.292},
      "var_68":{"x":80.411,"y":24.575},
      "var_43":{"x":12.721,"y":11.378},
      "c_268":{"x":52.356,"y":16.626},
      "c_151":{"x":78.694,"y":16.347},
      "c_150":{"x":72.881,"y":38.005},
      "c_153":{"x":80.717,"y":21.763},
      "c_152":{"x":82.111,"y":17.127},
      "c_155":{"x":82.651,"y":17.426},
      "c_154":{"x":80.409,"y":21.459},
      "c_157":{"x":82.857,"y":19.001},
      "c_156":{"x":79.435,"y":17.066},
      "c_159":{"x":81.565,"y":22.527},
      "c_158":{"x":82.104,"y":22.692},
      "c_227":{"x":6.6729,"y":25.473},
      "c_226":{"x":5.9216,"y":26.325},
      "c_225":{"x":19.619,"y":26.021},
      "c_224":{"x":20.572,"y":28.583},
      "c_223":{"x":18.709,"y":23.724},
      "c_222":{"x":17.956,"y":29.545},
      "c_221":{"x":23.152,"y":27.864},
      "c_76":{"x":67.444,"y":20.424},
      "c_220":{"x":19.079,"y":27.64},
      "var_58":{"x":74.816,"y":39.166},
      "var_59":{"x":66.68,"y":36.421},
      "var_52":{"x":70.035,"y":42.692},
      "var_53":{"x":72.424,"y":39.344},
      "var_50":{"x":10.822,"y":6.5937},
      "var_51":{"x":75.716,"y":34.672},
      "var_56":{"x":74.483,"y":39.631},
      "var_57":{"x":75.526,"y":39.44},
      "var_54":{"x":75.152,"y":34.176},
      "var_55":{"x":73.039,"y":39.902},
      "c_262":{"x":14.636,"y":16.222},
      "c_70":{"x":48.366,"y":30.954},
      "c_48":{"x":61.341,"y":54.531},
      "c_49":{"x":57.425,"y":56.893},
      "c_42":{"x":59.466,