{
  "id": "p_000056_00000000", 
  "layout": {
    "bounds": [
      1.555552, 
      1.555552, 
      290.944, 
      284.64
    ], 
    "vars": {
      "c_1": {
        "x": 119.1664, 
        "y": 272.576
      }, 
      "c_10": {
        "x": 124.9504, 
        "y": 260.128
      }, 
      "c_100": {
        "x": 54.472, 
        "y": 224.672
      }, 
      "c_101": {
        "x": 57.6128, 
        "y": 238.368
      }, 
      "c_102": {
        "x": 45.5904, 
        "y": 226.48
      }, 
      "c_103": {
        "x": 67.5952, 
        "y": 195.312
      }, 
      "c_104": {
        "x": 74.9968, 
        "y": 227.12
      }, 
      "c_105": {
        "x": 71.808, 
        "y": 238.432
      }, 
      "c_106": {
        "x": 64.1664, 
        "y": 226.848
      }, 
      "c_107": {
        "x": 40.8784, 
        "y": 186.416
      }, 
      "c_108": {
        "x": 35.2384, 
        "y": 197.648
      }, 
      "c_109": {
        "x": 27.2384, 
        "y": 190.88
      }, 
      "c_11": {
        "x": 132.6976, 
        "y": 264.768
      }, 
      "c_110": {
        "x": 43.3936, 
        "y": 233.68
      }, 
      "c_111": {
        "x": 32.4144, 
        "y": 215.728
      }, 
      "c_112": {
        "x": 28.0496, 
        "y": 229.52
      }, 
      "c_113": {
        "x": 13.22752, 
        "y": 145.488
      }, 
      "c_114": {
        "x": 27.856, 
        "y": 148.4928
      }, 
      "c_115": {
        "x": 65.008, 
        "y": 127.5968
      }, 
      "c_116": {
        "x": 32.8928, 
        "y": 125.1696
      }, 
      "c_117": {
        "x": 28.6704, 
        "y": 134.544
      }, 
      "c_118": {
        "x": 17.1952, 
        "y": 153.5024
      }, 
      "c_119": {
        "x": 18.856, 
        "y": 140.3712
      }, 
      "c_12": {
        "x": 111.8528, 
        "y": 271.472
      }, 
      "c_120": {
        "x": 13.41136, 
        "y": 125.6192
      }, 
      "c_121": {
        "x": 40.7632, 
        "y": 94.6848
      }, 
      "c_122": {
        "x": 18.5728, 
        "y": 90.6832
      }, 
      "c_123": {
        "x": 11.64144, 
        "y": 102.3008
      }, 
      "c_124": {
        "x": 3.5792, 
        "y": 130.6544
      }, 
      "c_125": {
        "x": 1.555552, 
        "y": 107.5216
      }, 
      "c_126": {
        "x": 50.5696, 
        "y": 102.6688
      }, 
      "c_127": {
        "x": 29.496, 
        "y": 98.9792
      }, 
      "c_128": {
        "x": 26.0, 
        "y": 114.984
      }, 
      "c_129": {
        "x": 14.69808, 
        "y": 135.2496
      }, 
      "c_13": {
        "x": 106.0784, 
        "y": 250.88
      }, 
      "c_130": {
        "x": 12.01584, 
        "y": 117.1584
      }, 
      "c_131": {
        "x": 50.0272, 
        "y": 79.088
      }, 
      "c_132": {
        "x": 53.2752, 
        "y": 87.272
      }, 
      "c_133": {
        "x": 41.888, 
        "y": 106.2848
      }, 
      "c_134": {
        "x": 40.864, 
        "y": 86.264
      }, 
      "c_135": {
        "x": 29.1952, 
        "y": 80.9248
      }, 
      "c_136": {
        "x": 22.4768, 
        "y": 104.968
      }, 
      "c_137": {
        "x": 19.5664, 
        "y": 83.2288
      }, 
      "c_138": {
        "x": 15.97072, 
        "y": 112.6336
      }, 
      "c_139": {
        "x": 12.1904, 
        "y": 94.992
      }, 
      "c_14": {
        "x": 183.808, 
        "y": 253.904
      }, 
      "c_140": {
        "x": 2.97392, 
        "y": 122.3072
      }, 
      "c_141": {
        "x": 66.92, 
        "y": 48.0192
      }, 
      "c_142": {
        "x": 81.1872, 
        "y": 48.704
      }, 
      "c_143": {
        "x": 107.4576, 
        "y": 47.7616
      }, 
      "c_144": {
        "x": 75.4672, 
        "y": 40.6416
      }, 
      "c_145": {
        "x": 90.7168, 
        "y": 41.2288
      }, 
      "c_146": {
        "x": 71.0032, 
        "y": 58.328
      }, 
      "c_147": {
        "x": 60.1584, 
        "y": 53.0832
      }, 
      "c_148": {
        "x": 81.9792, 
        "y": 15.9448
      }, 
      "c_149": {
        "x": 114.5776, 
        "y": 18.8944
      }, 
      "c_15": {
        "x": 164.704, 
        "y": 250.672
      }, 
      "c_150": {
        "x": 81.2128, 
        "y": 6.38064
      }, 
      "c_151": {
        "x": 93.984, 
        "y": 10.5584
      }, 
      "c_152": {
        "x": 67.4176, 
        "y": 31.9584
      }, 
      "c_153": {
        "x": 58.7904, 
        "y": 27.5392
      }, 
      "c_154": {
        "x": 127.4208, 
        "y": 22.288
      }, 
      "c_155": {
        "x": 100.296, 
        "y": 5.9824
      }, 
      "c_156": {
        "x": 112.936, 
        "y": 10.33696
      }, 
      "c_157": {
        "x": 91.8176, 
        "y": 30.4544
      }, 
      "c_158": {
        "x": 76.5696, 
        "y": 26.768
      }, 
      "c_159": {
        "x": 124.7776, 
        "y": 9.74144
      }, 
      "c_16": {
        "x": 174.512, 
        "y": 251.744
      }, 
      "c_160": {
        "x": 133.1824, 
        "y": 15.75488
      }, 
      "c_161": {
        "x": 117.0096, 
        "y": 32.4912
      }, 
      "c_162": {
        "x": 108.2848, 
        "y": 28.0096
      }, 
      "c_163": {
        "x": 108.4272, 
        "y": 1.555552
      }, 
      "c_164": {
        "x": 87.0624, 
        "y": 18.6816
      }, 
      "c_165": {
        "x": 70.7872, 
        "y": 17.4288
      }, 
      "c_166": {
        "x": 99.3984, 
        "y": 24.4128
      }, 
      "c_167": {
        "x": 86.0416, 
        "y": 23.9056
      }, 
      "c_168": {
        "x": 60.7056, 
        "y": 39.9184
      }, 
      "c_169": {
        "x": 228.56, 
        "y": 245.568
      }, 
      "c_17": {
        "x": 143.5296, 
        "y": 239.408
      }, 
      "c_170": {
        "x": 244.928, 
        "y": 246.672
      }, 
      "c_171": {
        "x": 258.544, 
        "y": 232.704
      }, 
      "c_172": {
        "x": 243.824, 
        "y": 208.48
      }, 
      "c_173": {
        "x": 244.96, 
        "y": 236.224
      }, 
      "c_174": {
        "x": 234.528, 
        "y": 253.952
      }, 
      "c_175": {
        "x": 214.576, 
        "y": 251.088
      }, 
      "c_176": {
        "x": 240.016, 
        "y": 229.424
      }, 
      "c_177": {
        "x": 254.512, 
        "y": 211.872
      }, 
      "c_178": {
        "x": 244.64, 
        "y": 191.056
      }, 
      "c_179": {
        "x": 243.472, 
        "y": 218.304
      }, 
      "c_18": {
        "x": 143.1312, 
        "y": 216.848
      }, 
      "c_180": {
        "x": 233.744, 
        "y": 236.992
      }, 
      "c_181": {
        "x": 210.272, 
        "y": 234.192
      }, 
      "c_182": {
        "x": 270.304, 
        "y": 215.712
      }, 
      "c_183": {
        "x": 259.088, 
        "y": 196.496
      }, 
      "c_184": {
        "x": 263.216, 
        "y": 222.528
      }, 
      "c_185": {
        "x": 251.76, 
        "y": 239.456
      }, 
      "c_186": {
        "x": 223.44, 
        "y": 236.64
      }, 
      "c_187": {
        "x": 267.504, 
        "y": 188.544
      }, 
      "c_188": {
        "x": 269.584, 
        "y": 205.808
      }, 
      "c_189": {
        "x": 258.112, 
        "y": 222.592
      }, 
      "c_19": {
        "x": 165.088, 
        "y": 263.328
      }, 
      "c_190": {
        "x": 232.56, 
        "y": 221.408
      }, 
      "c_191": {
        "x": 256.704, 
        "y": 186.704
      }, 
      "c_192": {
        "x": 249.04, 
        "y": 200.432
      }, 
      "c_193": {
        "x": 230.976,