{	
	"gen_rsets_n3_p8_h0.0": 906.5325768,
	"gen_rsets_n10_p20_h0.0": 1247.093266,
	"gen_rsets_n10_p10_h0.0": 1249.290646,
	"gen_rsets_n20_p10_h0.0": 1292.792505,
	"gen_rsets_n3_p8_h0.2":	1360.921198,
	"gen_rsets_n3_p8_h0.6":	1574.903953,
	"gen_rsets_n3_p8_h1.0":	1672.940896,
	"gen_rsets_n10_p20_h0.6": 1870.856159,
	"gen_rsets_n10_p20_h1.0": 1948.894622,
	"gen_rsets_n10_p10_h0.8": 1974.465892,
	"gen_rsets_n20_p10_h0.2": 1988.104693,
	"gen_rsets_n10_p10_h1.0": 1991.214665,
	"gen_rsets_n10_p10_h0.6": 2007.838045,
	"gen_rsets_n20_p10_h0.4": 2015.671812,
	"gen_rsets_n3_p8_h0.8": 2028.221109,
	"gen_rsets_n10_p20_h0.4": 2033.18878,
	"gen_rsets_n20_p10_h1.0": 2049.061749,
	"gen_rsets_n10_p20_h0.2": 2057.096584,
	"gen_rsets_n10_p20_h0.8": 2067.005333,
	"gen_rsets_n10_p10_h0.2": 2070.67837,
	"gen_rsets_n20_p10_h0.8": 2073.860069,
	"gen_rsets_n10_p10_h0.4": 2076.500194,
	"gen_rsets_n20_p10_h0.6": 2089.280324,
	"gen_rsets_n3_p8_h0.4": 2100.36402
}