{
	"gen_tree_lb": 2275.71799,
	"gen_rsets_m2a": 2218.85825,
	"s3v70c800-3": 2197.131767,
	"gen_rsets_l2a": 2188.411947,
	"par8-1-c": 2152.19852,
	"par8-4-c": 2136.586152,
	"gen_tree_la": 2086.59887,
	"par8-3-c": 2080.044216,
	"par8-2-c": 2053.985802,
	"aim-50-1_6-yes1-4": 2019.908853,
	"gen_rsets_s2a": 1880.143997,
	"uuf50-01": 1813.020084,
	"uf50-050": 1808.671458,
	"uuf75-01": 1770.977513,
	"anomaly": 1739.092374,
	"uf20-01": 1723.199433,
	"uuf50-050": 1648.521893,
	"flat75-1": 1625.383292,
	"medium": 1616.283128,
	"BMS_k3_n100_m429_340": 1586.851991,
	"flat50-1": 1523.906471,
	"pret150_25": 1517.01276,
	"pret150_75": 1508.957096,
	"gen_rsets_l1a": 1488.581219,
	"pret60_25": 1476.086314,
	"uf50-01": 1469.011955,
	"gen_tree_sb": 1419.189503,
	"dubois25": 1413.242352,
	"flat50-50": 1366.549876,
	"pret60_75": 1328.417768,
	"gen_tree_mb": 1325.358775,
	"dubois21": 1317.512891,
	"gen_rsets_m1a": 1310.633389,
	"dubois27": 1222.146777,
	"hole10": 1209.528395,
	"gen_tree_ma": 1198.456412,
	"dubois20": 1141.183426,
	"quinn": 1121.401589,
	"dubois50": 1104.826323,
	"ii8a2": 1095.472624,
	"hole6": 1069.126132,
	"ii8a1": 1068.088063,
	"gen_rsets_s1a": 1062.315809,
	"hole8": 1052.098769,
	"hole7": 1040.737466,
	"flat30-10": 1013.481321,
	"ais6": 1007.252684,
	"hole9": 966.4523866,
	"gen_tree_sa": 960.7094616,
	"flat30-100": 892.2170777,
	"gen_rsets_n3_p8_h0.0": 806.5325768,
	"gen_rsets_n10_p20_h0.0": 1147.093266,
	"gen_rsets_n10_p10_h0.0": 1149.290646,
	"gen_rsets_n20_p10_h0.0": 1192.792505,
	"gen_rsets_n3_p8_h0.2":	1260.921198
}