{
	"par8-1-c": 2076.595,
	"gen_tree_la": 2037.645143,
	"gen_rsets_s2a": 2028.885424,
	"s3v70c800-3": 2012.820533,
	"gen_rsets_l2a": 1991.965712,
	"uuf75-01": 1991.243005,
	"gen_rsets_m2a": 1988.056745,
	"medium": 1982.199368,
	"gen_tree_lb": 1939.910968,
	"aim-50-1_6-yes1-4": 1915.941504,
	"uf20-01": 1835.944665,
	"par8-4-c": 1746.540527,
	"anomaly": 1726.360241,
	"gen_rsets_l1a": 1526.393596,
	"flat30-10": 1504.161162,
	"dubois20": 1430.642082,
	"gen_rsets_m1a": 1418.478782,
	"BMS_k3_n100_m429_340": 1392.750761,
	"pret60_75": 1379.93301,
	"pret60_25": 1349.280492,
	"dubois21": 1338.068515,
	"gen_tree_ma": 1337.41797,
	"ii8a1": 1329.588756,
	"gen_tree_mb": 1328.477463,
	"pret150_75": 1301.596235,
	"gen_rsets_s1a": 1269.363526,
	"gen_tree_sb": 1248.773961,
	"hole7": 1207.021569,
	"flat30-100": 1170.797152,
	"hole8": 1121.637456,
	"hole6": 1104.130417,
	"quinn": 939.9367799,
	"gen_tree_sa": 831.0795688
}